F12attr,F24attr,Fattr,B14attr,A13attr,Aattr,A19attr,C9attr,F30attr,Cattr,class
0.996675,0.869008,1.387565,0.230975,0.708842,1.734545,1.681645,0.701274,-0.079004,0.883663,3.0
-2.015759,-2.151056,-2.151641,2.279774,0.888293,-1.719846,-1.85283,0.881261,2.177708,1.184036,2.0
0.516432,0.518855,-0.098028,-0.084225,0.050856,0.485085,0.724391,0.281304,-0.183967,-0.077532,4.0
-2.146735,-2.282363,-1.539926,2.647507,1.187378,-1.719846,-2.073735,1.481217,1.967781,1.184036,2.0
0.603749,0.825239,0.513687,-0.136758,0.110673,0.999568,2.049819,0.641278,0.025959,0.102692,3.0
1.040333,0.869008,0.469993,0.493642,1.127561,-0.396887,0.135312,0.821265,0.498294,0.703439,1.0
0.210823,0.475086,-0.884518,-0.504491,-0.846398,-1.27886,0.503487,-0.618631,-0.551339,-0.55813,4.0
-0.967956,-1.275675,-0.928212,-0.662091,-0.966032,-0.102897,0.135312,-0.978606,-1.705935,-1.279026,5.0
1.083992,1.613081,0.906932,0.598708,0.649025,1.514052,1.75528,1.181239,0.235886,0.763513,4.0
-0.706005,-1.05683,-0.753436,-1.292491,-1.504385,-0.764376,-0.895577,-1.758549,-0.91871,-2.059997,7.0
0.210823,-0.356526,0.557381,0.178442,0.349941,-0.249892,-0.674672,-0.378649,0.025959,0.523215,1.0
0.822041,1.394236,0.338911,0.388575,0.888293,-0.176394,0.503487,0.101317,1.023111,-0.377906,1.0
1.12765,0.869008,0.863238,0.336042,0.768659,1.734545,1.681645,0.761269,0.183404,0.823588,3.0
0.909358,0.869008,1.038013,0.336042,0.529392,1.073066,1.31347,0.521286,0.183404,0.282916,3.0
0.472773,0.168703,0.207829,0.230975,0.708842,-1.205362,-0.969212,0.401295,0.130923,0.342991,1.0
0.341798,0.037396,0.688462,-0.662091,-0.188412,1.367057,0.724391,0.041321,-0.761265,0.583289,7
-0.880639,-0.531602,-1.321457,-0.557024,-1.2053,-1.27886,-0.453767,-1.638558,-0.708784,-1.399176,5.0
-1.055273,-0.006373,-1.889477,0.441108,-0.068778,-1.425855,1.092566,-0.318653,-0.079004,-0.137607,2.0
-1.491858,-2.151056,0.207829,1.386708,0.708842,0.338089,-1.190116,0.161312,3.174859,-0.618205,2.0
0.56009,0.518855,0.338911,-0.241825,0.050856,0.705578,1.018931,0.281304,-0.183967,-0.197682,3.0
1.43326,1.21916,1.606034,0.703775,1.366829,1.661048,1.75528,1.361226,0.025959,0.943738,3.0
1.389601,1.438005,1.387565,0.598708,1.247195,1.734545,2.049819,0.941256,0.708221,0.883663,3.0
1.083992,1.394236,0.906932,0.598708,0.888293,1.514052,1.75528,0.641278,0.603258,0.763513,3.0
-0.444054,-0.531602,-0.360191,-1.345024,-1.504385,0.044099,-0.085593,-1.518567,-1.2336,-1.038727,7.0
1.389601,1.21916,1.256483,0.598708,1.187378,1.661048,1.387105,1.481217,0.235886,1.184036,3.0
0.341798,0.562624,0.338911,0.230975,0.290124,-0.690878,-0.453767,0.821265,0.130923,0.282916,1.0
0.691066,-0.706678,0.863238,0.230975,0.828476,1.073066,-1.484656,0.281304,-0.236449,0.282916,3.0
0.079847,0.168703,0.207829,-0.767158,-0.547313,0.63208,0.503487,-0.798618,-0.813747,-0.618205,4.0
0.691066,0.562624,0.513687,0.020842,0.290124,1.367057,0.945296,-0.198662,0.340849,0.282916,3.0
-0.094787,-0.181449,-0.185416,-0.346891,-0.547313,0.63208,-0.380132,-1.278584,-0.656302,-0.377906,4.0
-0.618688,-0.531602,-0.709742,-1.345024,-1.504385,-0.470385,-0.085593,-1.518567,-1.2336,-1.279026,7.0
-1.317224,-1.363214,-1.277763,-0.924758,-1.025849,-1.27886,-1.411021,-1.278584,-0.761265,-1.038727,5.0
0.516432,0.518855,0.644768,-0.451958,-0.188412,1.367057,1.092566,0.281304,-0.603821,0.403065,7.0
-0.356737,-0.181449,-0.360191,-0.819691,-1.324934,-0.102897,0.061677,-1.33858,-0.866229,-1.45925,7.0
1.040333,0.562624,0.863238,0.230975,0.589209,1.367057,1.239836,0.581282,0.130923,0.523215,3.0
-0.444054,-0.181449,-0.534967,-0.924758,-1.025849,-0.470385,-0.085593,-1.698554,-0.656302,-1.519325,7.0
1.258626,1.000315,1.300177,0.808841,1.187378,1.220062,0.650756,1.481217,0.603258,0.763513,1.0
1.258626,1.438005,1.212789,0.703775,1.127561,1.661048,1.387105,0.821265,0.708221,0.943738,3.0
-0.444054,-1.888442,-0.185416,0.020842,-0.128595,-0.249892,-1.190116,-0.798618,2.440116,-0.918578,2.0
0.210823,0.081165,0.338911,-0.714624,-0.60713,0.705578,1.092566,0.341299,-2.283234,0.342991,3.0
-0.487713,-1.013061,-0.360191,-1.082358,-1.324934,-0.102897,-0.453767,-1.33858,0.130923,-1.218951,7.0
-1.055273,-1.144368,-1.015599,-0.767158,-1.025849,-0.690878,-0.969212,-1.278584,-0.656302,-1.038727,5.0
1.040333,1.044084,0.994319,0.283508,0.828476,1.073066,1.387105,0.821265,0.025959,0.703439,3.0
0.691066,0.212472,0.906932,0.178442,0.649025,-0.470385,-0.453767,0.101317,0.235886,0.042617,1.0
0.079847,-0.662909,0.382605,0.441108,0.17049,0.044099,-0.674672,-0.07867,0.498294,0.342991,5.0
0.472773,0.869008,0.207829,0.020842,0.17049,-0.470385,-0.085593,0.701274,-0.079004,0.342991,1.0
-2.146735,-1.800904,-2.239028,3.225374,1.665914,-1.866841,0.135312,0.521286,3.332304,2.085157,2.0
-0.880639,-1.144368,-0.360191,-0.451958,-0.666947,-0.176394,-0.748307,-0.678627,0.183404,-1.098802,5.0
0.516432,0.606393,0.732156,0.020842,0.349941,1.220062,1.166201,0.341299,0.235886,0.763513,3.0
-0.356737,-0.268987,-0.447579,-1.082358,-1.025849,-0.470385,-0.085593,-1.038601,-1.338564,-1.45925,7.0
-1.14259,-0.356526,-1.321457,-0.767158,-1.025849,-1.27886,-0.453767,-1.218588,0.235886,-1.5794,5.0
-0.356737,-0.356526,-0.098028,-0.451958,-1.2053,-0.911371,-1.337386,-0.49864,-0.183967,0.403065,1.0
-2.27771,-2.282363,-1.671008,2.805107,0.888293,-1.27886,-1.190116,0.341299,2.545079,-0.137607,2.0
-0.444054,-0.356526,-0.360191,-1.345024,-1.444568,-0.470385,-0.453767,-1.458571,-1.286082,-1.5794,7.0
-0.356737,-0.61914,0.033054,-0.924758,-1.025849,-0.470385,-0.380132,-1.278584,-1.338564,-1.45925,7.0
-0.444054,-0.181449,-0.884518,-0.924758,-1.265117,-0.470385,0.798026,-0.798618,-0.813747,-1.279026,7.0
-0.706005,-0.61914,-0.447579,-1.660224,-1.743652,0.411587,-0.380132,-1.758549,-1.496009,-1.038727,7.0
0.822041,0.693931,0.994319,0.441108,0.708842,0.338089,-0.380132,0.701274,0.130923,0.883663,1.0
-0.444054,-0.356526,-0.709742,-1.345024,-1.683835,-0.470385,-0.085593,-1.518567,-1.391045,-1.519325,7.0
0.8657,1.000315,0.906932,0.020842,0.349941,1.220062,1.46074,0.881261,0.235886,0.523215,3.0
0.691066,0.168703,1.256483,0.493642,0.828476,1.073066,-0.232863,0.581282,-0.079004,1.123962,1.0
0.8657,0.912777,1.038013,0.703775,1.127561,0.485085,0.650756,1.421222,0.340849,1.36426,1.0
1.12765,1.262929,1.212789,0.336042,0.768659,1.734545,2.344359,1.361226,0.603258,1.123962,3.0
-0.531371,-0.575371,-0.491273,-1.029824,-1.564201,-0.176394,-0.159228,-1.398575,-1.338564,-1.519325,7.0
0.647407,0.869008,0.994319,0.441108,0.708842,0.63208,-0.380132,0.161312,0.130923,1.184036,1.0
-0.356737,-0.268987,-1.015599,-0.504491,-0.60713,0.117596,-0.085593,-0.378649,-0.341412,-0.798429,7.0
0.472773,0.693931,-1.190375,-0.557024,-0.786581,-1.205362,0.503487,-0.558636,-0.236449,-0.377906,4.0
0.167164,-0.006373,0.644768,-0.662091,-0.188412,0.779075,0.135312,-0.49864,-0.603821,-0.077532,7.0
-2.234051,-2.238594,-2.151641,3.225374,2.3239,-1.866841,-2.0001,2.321157,3.122378,2.085157,2.0
-0.182104,-0.444064,0.338911,-0.872224,-0.906215,-0.470385,-0.969212,-1.578562,-0.761265,-0.858503,7.0
1.258626,1.394236,1.125401,0.808841,1.486463,1.514052,1.75528,1.841192,0.603258,1.664634,3.0
-0.182104,-0.750447,-0.360191,-0.084225,-0.42768,-1.058367,-1.263751,-0.198662,-0.551339,-0.197682,1.0
0.996675,1.000315,0.513687,0.388575,0.888293,-0.764376,-0.380132,0.881261,0.445813,0.883663,1.0
-0.182104,-0.006373,-0.01064,-1.082358,-1.085666,0.117596,0.356217,-0.618631,-0.656302,-0.738354,4.0
0.734724,1.087853,0.338911,0.703775,1.067744,-0.176394,0.135312,1.361226,0.603258,0.823588,1.0
0.8657,0.912777,0.863238,0.020842,0.290124,1.367057,1.239836,0.281304,0.340849,0.823588,3.0
0.341798,0.343779,0.076748,-0.451958,-0.188412,0.485085,0.429852,-0.49864,0.025959,-0.798429,7.0
0.516432,0.168703,0.819544,0.493642,0.828476,-0.396887,-1.042846,0.521286,0.025959,0.703439,1.0
-1.535516,-0.837985,-2.282722,1.281641,0.290124,-1.866841,-1.042846,0.521286,0.235886,0.943738,2.0
0.647407,-0.006373,0.819544,-0.189291,0.17049,0.926071,-1.190116,0.161312,0.130923,0.102692,3.0
0.56009,0.518855,-0.185416,-0.084225,0.290124,0.705578,1.018931,0.281304,0.025959,0.282916,3.0
-0.836981,-1.406983,-0.753436,-0.819691,-0.966032,-0.911371,-1.042846,-0.978606,-0.813747,-1.519325,5.0
0.516432,-0.356526,0.732156,-0.189291,0.110673,0.926071,1.46074,0.101317,1.338001,0.042617,4.0
-0.356737,-0.444064,-0.447579,-0.504491,-0.60713,-1.499353,-1.190116,-0.858614,-0.341412,-1.038727,1.0
-1.273565,-1.188137,-1.408844,-0.609558,-1.085666,-1.205362,-1.263751,-1.33858,-0.236449,-1.45925,5.0
0.603749,0.475086,0.207829,-0.136758,0.349941,1.293559,0.798026,0.341299,-0.551339,0.342991,3.0
-0.356737,-0.181449,-0.447579,-1.029824,-1.2053,-0.396887,0.135312,-1.218588,-1.076155,-1.519325,7.0
-0.531371,-0.444064,-0.491273,-1.450091,-1.803469,-0.176394,-0.453767,-1.578562,-1.338564,-1.519325,7.0
-0.182104,-0.662909,-0.447579,-0.241825,-0.188412,-1.425855,-1.558291,-0.198662,-0.183967,-0.55813,1.0
0.909358,0.693931,1.038013,0.336042,0.529392,1.073066,0.135312,0.281304,0.025959,0.583289,4.0
0.036189,-0.181449,-0.01064,0.020842,-0.128595,-0.249892,-0.453767,-0.378649,-0.131486,0.042617,1.0
-0.356737,-0.268987,-0.01064,-1.239957,-1.384751,-0.176394,-0.159228,-1.158593,-1.338564,-1.519325,7.0
-1.273565,-1.188137,-1.146681,-1.292491,-1.504385,-1.205362,-1.263751,-1.758549,-1.2336,-1.45925,5.0
-0.356737,-0.487833,-0.447579,-1.239957,-1.2053,-0.102897,-0.159228,-1.218588,-1.076155,-1.519325,7.0
1.040333,1.131622,1.038013,0.493642,0.828476,1.367057,1.239836,0.581282,0.498294,0.823588,3.0
-0.182104,-0.706678,-0.185416,-0.819691,-0.846398,-0.102897,-0.453767,-1.518567,-1.023674,-1.218951,7.0
0.603749,0.825239,0.688462,-0.136758,0.110673,1.293559,1.387105,0.341299,-0.341412,0.102692,3.0
1.12765,1.262929,1.212789,0.336042,0.768659,1.367057,1.681645,0.761269,0.603258,0.823588,3.0
0.167164,0.212472,0.513687,0.125908,0.050856,0.411587,-0.453767,0.041321,0.025959,0.583289,1.0
-0.487713,-0.531602,-0.534967,-1.502624,-1.504385,-0.102897,-0.232863,-1.518567,-1.443527,-1.45925,7.0
-2.452344,-2.369901,-2.239028,2.437374,0.649025,-1.719846,-1.85283,0.641278,2.177708,0.643364,2.0
0.254481,0.168703,0.207829,-0.557024,-0.308046,0.926071,0.503487,-0.318653,-0.446376,-0.377906,7.0
0.647407,0.693931,0.601074,0.020842,0.708842,0.63208,0.798026,0.161312,0.288368,0.102692,3.0
-0.749664,-0.356526,-0.884518,-0.557024,-1.2053,-0.249892,0.356217,-1.038601,-0.708784,-0.918578,7.0
1.214967,1.044084,0.994319,0.230975,0.708842,1.440554,1.387105,0.941256,0.288368,0.643364,3.0
1.040333,0.869008,0.994319,0.125908,0.828476,1.661048,1.387105,0.821265,0.235886,0.703439,3.0
0.341798,0.518855,0.469993,-0.241825,0.050856,0.779075,0.429852,-0.49864,0.025959,-0.077532,7.0
-1.098931,-1.013061,-0.971906,-0.819691,-1.085666,-0.690878,-0.232863,-1.33858,-0.656302,-1.699549,5.0
-0.182104,-0.093911,-0.185416,-0.084225,-0.188412,-0.470385,-0.748307,-0.438644,-0.183967,-0.197682,1.0
0.341798,0.212472,0.557381,0.178442,0.349941,-0.764376,-0.674672,0.101317,0.025959,0.523215,1.0
0.254481,0.168703,0.207829,0.230975,0.409758,-0.176394,-0.085593,0.161312,-0.079004,0.342991,4.0
0.8657,1.21916,0.732156,0.020842,0.349941,0.926071,1.46074,0.341299,0.760703,0.282916,3.0
-0.094787,-0.531602,0.164136,-0.977291,-1.025849,0.338089,-0.453767,-1.038601,-1.286082,-0.43798,4.0
0.341798,0.168703,0.251523,-0.451958,-0.188412,0.485085,0.429852,-0.49864,-0.603821,-0.317831,4.0
-1.186248,-1.275675,-1.277763,-2.027957,-2.222188,-0.764376,-0.969212,-1.998532,-1.968344,-2.180147,5.0
1.389601,1.044084,1.212789,0.598708,1.247195,1.440554,1.681645,1.241235,0.130923,0.883663,3.0
1.040333,1.131622,0.863238,0.230975,0.828476,1.367057,1.534375,0.821265,0.340849,0.523215,3.0
-0.182104,0.562624,-1.277763,-0.189291,-0.188412,0.117596,0.945296,0.281304,0.130923,-0.738354,5.0
0.691066,0.869008,-0.622354,0.283508,0.529392,-0.690878,0.429852,0.041321,0.708221,-0.077532,3.0
-0.444054,-0.356526,-0.360191,-0.346891,-0.308046,-1.425855,-1.411021,-0.558636,-0.236449,0.102692,1.0
0.079847,0.168703,-0.185416,-0.557024,-0.786581,0.338089,0.135312,-0.798618,-0.813747,-0.858503,7.0
1.214967,1.306698,1.256483,0.703775,1.426646,1.073066,1.534375,1.121243,0.708221,0.823588,3.0
1.083992,1.21916,1.125401,0.966441,1.187378,-0.249892,-0.453767,0.881261,0.760703,1.063887,1.0
-2.146735,-2.282363,-2.020559,3.17284,1.785547,-1.27886,-1.411021,1.781196,2.755006,1.184036,2.0
0.516432,0.825239,0.557381,-0.189291,0.110673,0.926071,0.945296,0.341299,0.235886,0.282916,3.0
-0.182104,-0.181449,-0.098028,-1.029824,-1.2053,0.191094,-0.159228,-1.218588,-0.393894,-0.55813,7.0
1.258626,1.21916,1.212789,0.493642,1.127561,1.661048,1.75528,1.121243,0.498294,0.943738,3.0
-0.531371,-0.575371,-0.491273,-1.450091,-1.803469,-0.176394,-0.159228,-1.818545,-1.338564,-1.519325,7.0
0.691066,0.737701,0.338911,0.230975,0.828476,-0.396887,-0.453767,0.821265,0.498294,0.282916,1.0
0.167164,0.693931,0.251523,0.283508,0.529392,-0.396887,-0.159228,0.521286,-0.183967,0.162766,4.0
-0.269421,0.212472,-0.360191,-0.977291,-1.025849,0.044099,0.650756,-1.038601,0.025959,-1.158877,7.0
-0.662347,-0.531602,-0.185416,-0.399425,-0.60713,-1.425855,-1.484656,-0.618631,-0.656302,-0.197682,1.0
0.8657,0.693931,1.387565,0.283508,0.828476,1.661048,1.75528,1.361226,-0.393894,1.544484,3.0
-2.234051,-2.238594,-2.239028,3.225374,2.024815,-1.866841,-1.705561,2.321157,2.964933,2.085157,2.0
1.214967,1.131622,1.431258,0.913908,1.426646,-0.396887,-0.453767,1.421222,0.708221,1.36426,1.0
-0.618688,-0.531602,-0.534967,-0.557024,-1.025849,-1.646348,-1.411021,-0.798618,-0.446376,-0.618205,1.0
-0.00747,-0.356526,0.688462,-0.819691,-0.846398,-0.102897,-0.232863,-1.33858,-1.2336,-1.218951,7.0
-0.444054,-0.531602,-0.185416,-1.134891,-1.265117,0.338089,-0.085593,-1.518567,-1.391045,-1.038727,7.0
-0.618688,0.693931,-1.190375,0.230975,-0.068778,-0.690878,0.135312,-0.07867,0.708221,-1.038727,5.0
-0.094787,-0.006373,-0.185416,0.020842,-0.068778,-0.470385,-0.380132,-0.318653,-0.079004,-0.377906,1.0
0.8657,0.737701,0.688462,0.020842,0.290124,1.367057,0.945296,0.041321,0.130923,0.282916,3.0
1.389601,1.394236,1.256483,0.598708,1.486463,1.293559,1.387105,0.881261,0.235886,0.883663,3.0
-0.356737,-0.356526,-0.098028,-1.239957,-1.2053,-0.396887,-0.159228,-1.218588,-1.076155,-1.279026,7.0
0.341798,0.693931,-0.098028,-0.451958,-0.188412,0.485085,0.724391,0.281304,-0.393894,-0.317831,7.0
-1.404541,-1.319444,-1.496232,-0.557024,-1.2053,-0.764376,-0.674672,-1.218588,-0.708784,-1.5794,5.0
-0.618688,-0.356526,-0.360191,-0.557024,-0.786581,-1.425855,-1.411021,-0.798618,-0.446376,0.102692,1.0
0.472773,0.168703,0.601074,-0.346891,-0.068778,0.63208,0.503487,-0.07867,-0.236449,-0.377906,7.0
0.341798,-0.181449,-0.01064,0.178442,0.110673,-0.984869,-1.190116,-0.138666,-0.131486,-0.197682,1.0
0.822041,0.650162,0.863238,0.020842,0.349941,0.999568,0.798026,0.341299,0.025959,0.342991,3.0
1.214967,0.825239,0.863238,0.388575,0.888293,1.293559,1.092566,0.881261,0.025959,0.342991,4.0
-0.356737,-0.444064,-0.971906,-0.241825,-0.188412,-1.352357,-1.263751,-0.438644,-0.393894,-0.858503,1.0
-0.269421,-0.181449,0.033054,-0.346891,-0.308046,-1.205362,-1.190116,-0.558636,-0.236449,-0.137607,1.0
-0.531371,-0.487833,-0.447579,-1.397557,-1.923103,-0.396887,-0.159228,-1.458571,-1.286082,-1.519325,7.0
0.8657,1.131622,1.038013,0.913908,1.127561,1.073066,1.534375,0.821265,0.918148,0.523215,3.0
1.214967,1.306698,0.863238,0.703775,1.725731,-0.102897,-0.232863,1.7212,0.708221,1.36426,1.0
1.258626,1.21916,1.212789,0.493642,0.828476,1.661048,1.387105,1.121243,0.708221,0.943738,3.0
0.341798,0.343779,0.164136,-0.241825,-0.188412,1.073066,1.018931,0.281304,-0.393894,0.042617,4.0
1.214967,1.044084,0.601074,0.230975,0.409758,1.146564,1.387105,0.941256,0.130923,0.342991,3.0
1.083992,1.394236,1.125401,0.388575,0.649025,1.514052,1.75528,0.641278,0.235886,0.523215,4.0
0.385456,0.825239,0.513687,-0.346891,-0.128595,0.705578,1.092566,0.101317,0.025959,0.102692,4.0
0.341798,0.037396,0.164136,-0.557024,-0.128595,0.926071,0.356217,-0.378649,-0.708784,0.042617,7.0
-2.146735,-2.063518,-2.151641,1.964574,1.247195,-1.646348,-1.705561,1.241235,2.387634,1.184036,2.0
-1.273565,-0.706678,-1.146681,-0.609558,-1.085666,-0.984869,0.061677,-0.858614,-0.656302,-0.978653,5.0
0.909358,0.518855,0.513687,-0.084225,0.529392,1.367057,1.018931,0.521286,-0.183967,0.282916,3.0
-0.269421,0.606393,-0.360191,-0.977291,-0.786581,0.044099,0.650756,-1.038601,0.025959,-0.918578,7.0
0.647407,0.343779,0.819544,0.020842,0.409758,0.926071,0.798026,0.161312,-0.079004,0.102692,3.0
-2.234051,-2.369901,-2.282722,2.437374,1.426646,-1.719846,-1.484656,1.7212,2.650043,2.025082,2.0
0.996675,1.044084,0.994319,0.230975,0.708842,1.146564,1.387105,0.701274,0.130923,0.883663,4.0
1.083992,1.000315,0.906932,0.598708,0.888293,0.044099,0.061677,0.881261,0.760703,0.763513,1.0
0.691066,0.343779,0.819544,0.493642,0.529392,0.485085,-0.453767,0.521286,0.235886,0.943738,1.0
-2.234051,-2.151056,-2.020559,2.437374,1.067744,-1.866841,-1.484656,1.361226,2.545079,1.123962,2.0
0.996675,0.825239,1.081707,0.230975,0.888293,-0.176394,-0.085593,0.881261,0.235886,1.48441,1.0
0.516432,0.387548,0.557381,0.020842,0.110673,0.926071,0.945296,-0.138666,0.025959,-0.197682,3.0
1.214967,1.306698,1.649728,0.913908,1.725731,-0.396887,-0.232863,1.421222,0.918148,1.36426,1.0
-1.884784,-2.019749,-1.408844,1.701908,0.888293,-1.719846,-1.85283,0.881261,1.390483,1.184036,2.0
-1.011614,-1.231906,-1.408844,-1.292491,-1.504385,-0.764376,-0.895577,-1.518567,-1.496009,-1.639474,5.0
0.822041,1.000315,0.863238,0.756308,1.187378,-0.176394,-0.380132,0.881261,1.023111,0.643364,1.0
0.036189,-0.61914,0.688462,-0.924758,-1.025849,1.661048,-0.674672,-0.618631,-1.496009,0.643364,5.0
1.214967,1.262929,0.994319,0.598708,0.94811,1.734545,1.092566,1.241235,0.288368,1.48441,1.0
-1.098931,-1.625828,-1.146681,-0.819691,-1.324934,-0.690878,-1.263751,-1.518567,-0.866229,-1.45925,5.0
-0.00747,0.562624,-0.01064,-1.082358,-1.085666,0.779075,0.945296,0.281304,-1.2336,0.282916,3.0
-2.452344,-2.45744,-2.37011,2.437374,1.426646,-1.940339,-1.926465,2.081174,2.650043,1.36426,2.0
0.691066,-0.181449,0.688462,0.493642,0.589209,-0.396887,-0.748307,-0.198662,0.340849,-0.197682,1.0
-0.57503,-0.356526,-0.534967,-1.345024,-1.863286,-0.249892,-0.159228,-1.638558,-1.076155,-1.819698,7.0
-0.356737,-0.268987,-0.578661,-0.136758,-0.128595,-1.499353,-1.190116,-0.138666,-0.183967,-0.55813,1.0
-0.094787,-0.356526,0.382605,-0.767158,-0.547313,0.044099,-0.085593,-1.038601,-0.813747,-0.137607,7.0
0.996675,1.21916,0.863238,0.388575,0.888293,1.661048,1.092566,0.641278,0.235886,0.643364,3.0
1.214967,1.21916,1.081707,0.598708,1.486463,-0.470385,-0.380132,0.881261,0.813184,0.883663,1.0
0.603749,0.475086,0.513687,0.388575,0.349941,0.117596,-0.895577,0.881261,0.235886,0.883663,1.0
-0.356737,-0.356526,-0.360191,-1.292491,-1.324934,-0.396887,-0.232863,-1.098597,-1.2336,-1.45925,7.0
-0.356737,-0.268987,-0.491273,-1.239957,-1.145483,-0.176394,0.135312,-1.158593,-0.971192,-1.519325,7.0
-0.269421,0.518855,-0.360191,0.020842,0.17049,1.440554,1.092566,0.701274,0.708221,0.102692,2.0
1.040333,1.131622,0.863238,0.493642,0.828476,1.073066,1.90255,1.121243,0.340849,0.823588,3.0
-0.706005,-0.750447,-0.578661,-0.346891,-0.846398,-1.499353,-1.411021,-1.038601,0.025959,-0.798429,5.0
-2.365027,-1.888442,-2.282722,0.913908,0.050856,-1.940339,-1.484656,0.041321,1.285519,0.282916,2.0
-0.444054,-0.531602,-0.534967,-1.345024,-1.504385,-0.470385,-0.380132,-1.518567,-1.2336,-1.279026,7.0
-0.094787,-0.356526,0.033054,-0.767158,-0.786581,-0.470385,-0.085593,-1.518567,-0.236449,-1.519325,7.0
0.996675,1.21916,0.863238,0.388575,0.649025,0.999568,1.681645,0.641278,0.445813,0.342991,3.0
-0.356737,-0.268987,-0.666048,-1.450091,-1.564201,-0.470385,-0.159228,-1.158593,-1.338564,-1.759624,7.0
0.036189,-0.093911,0.033054,-0.714624,-0.367863,0.411587,0.208947,-0.378649,0.025959,-0.55813,4.0
-2.27771,-2.45744,-2.020559,2.594974,1.366829,-1.866841,-2.073735,1.361226,1.757854,0.403065,2.0
1.040333,0.869008,1.212789,0.125908,0.828476,1.073066,1.387105,0.521286,0.025959,0.943738,3.0
-1.011614,0.037396,-1.321457,-0.399425,-0.786581,-1.27886,-0.159228,-1.038601,0.393331,-1.819698,5.0
1.214967,1.21916,1.081707,0.230975,0.888293,1.661048,1.387105,0.881261,0.235886,0.643364,4.0
0.167164,-0.181449,-0.185416,-0.819691,-0.846398,-0.102897,-0.232863,-0.858614,-1.023674,-0.978653,7.0
0.341798,0.693931,0.076748,-0.084225,0.290124,-0.396887,-0.453767,0.281304,0.498294,0.162766,1.0
0.647407,0.869008,-0.360191,0.441108,0.708842,-0.470385,-0.380132,0.401295,0.498294,-0.858503,1.0
0.734724,0.869008,0.513687,0.493642,1.366829,-0.764376,-0.453767,0.761269,0.603258,0.823588,1.0
1.214967,0.869008,0.994319,0.441108,1.247195,1.146564,1.681645,1.241235,0.130923,0.883663,3.0
-0.444054,-0.356526,-0.534967,-1.345024,-1.265117,-0.470385,-0.380132,-1.518567,-1.023674,-1.519325,7.0
1.040333,1.044084,0.994319,0.125908,0.828476,1.073066,1.387105,0.521286,0.235886,0.162766,4.0
0.691066,0.737701,0.513687,-0.189291,0.050856,1.367057,1.534375,0.581282,-0.079004,0.282916,3.0
-0.662347,-0.531602,-0.534967,-1.502624,-1.743652,-0.396887,-0.232863,-1.758549,-1.443527,-1.699549,7.0
0.167164,0.343779,0.164136,-0.662091,-0.666947,0.411587,0.724391,-0.678627,-0.551339,-0.377906,4.0
-0.706005,-0.881754,-0.840824,0.703775,0.290124,-0.764376,-0.748307,0.281304,0.603258,0.583289,5.0
-1.317224,-1.231906,-1.277763,-0.714624,-1.265117,-0.764376,-0.895577,-1.038601,-0.91871,-1.218951,5.0
0.822041,1.21916,1.256483,0.756308,1.187378,0.411587,0.798026,1.781196,0.603258,1.48441,1.0
0.996675,1.044084,0.601074,0.598708,0.94811,-0.470385,-0.380132,1.241235,0.865666,0.883663,1.0
0.385456,0.256241,0.513687,0.388575,0.649025,-0.176394,-0.380132,0.641278,0.603258,0.643364,5.0
-2.146735,-2.151056,-2.239028,2.752574,1.486463,-1.719846,-1.85283,1.481217,2.807487,2.025082,2.0
-0.00747,-0.356526,0.076748,-0.084225,0.290124,-0.690878,-1.337386,0.041321,-0.393894,0.703439,1.0
1.214967,0.869008,0.819544,0.441108,0.708842,0.926071,0.135312,0.401295,0.288368,0.643364,3.0
0.603749,0.650162,0.513687,-0.136758,0.110673,0.999568,1.387105,0.101317,-0.183967,-0.137607,3.0
-0.706005,-0.750447,-0.491273,-1.450091,-1.803469,-0.176394,-0.159228,-1.578562,-1.338564,-1.519325,7.0
-2.234051,-2.151056,-2.239028,1.386708,0.349941,-1.940339,-1.85283,0.341299,0.760703,0.042617,2.0
-0.00747,-0.181449,0.076748,-0.819691,-0.726764,0.485085,0.135312,-0.738623,-1.076155,-0.077532,4.0
-0.094787,0.168703,0.033054,-0.189291,-0.308046,-0.470385,-0.085593,-0.558636,0.130923,-0.137607,1.0
-0.356737,0.037396,-0.185416,-1.029824,-1.145483,0.117596,0.135312,-0.91861,-0.393894,-1.098802,7.0
-0.356737,-0.750447,-0.447579,-0.504491,-0.60713,-0.176394,-0.380132,-1.038601,-0.91871,-0.55813,7.0
-0.094787,0.387548,-0.709742,-0.189291,-0.367863,-0.984869,-0.453767,-0.378649,0.393331,-0.918578,1.0
0.516432,0.343779,0.164136,-0.189291,-0.188412,0.485085,0.650756,0.041321,-0.079004,-0.738354,4.0
0.210823,0.475086,0.338911,-0.504491,-0.128595,0.705578,0.798026,-0.378649,-0.551339,-0.377906,4.0
-2.234051,-2.282363,-2.151641,1.754441,0.349941,-1.719846,-1.631926,0.101317,2.072744,0.282916,2.0
0.167164,0.869008,-0.753436,-0.084225,0.050856,-0.690878,0.429852,-0.978606,0.498294,-1.279026,7.0
-2.365027,-2.151056,-2.282722,3.17284,2.024815,-1.646348,-0.453767,1.121243,3.069896,1.904933,2.0
-1.14259,-1.494521,-0.884518,-0.767158,-1.444568,-0.764376,-0.674672,-1.218588,-0.91871,-1.5794,5.0
1.214967,1.262929,1.212789,0.808841,0.94811,-0.176394,-0.380132,0.941256,0.865666,1.184036,1.0
-1.273565,-1.800904,-0.622354,-0.662091,-1.444568,-0.396887,-1.337386,-1.218588,-0.603821,-1.279026,5.0
-2.146735,-2.282363,-2.239028,3.01524,1.785547,-1.719846,-1.631926,1.481217,2.964933,1.48441,2.0
-0.706005,-0.575371,-0.360191,-0.241825,-0.906215,-1.352357,-1.263751,0.041321,-0.393894,0.042617,1.0
-0.356737,-0.356526,-0.272803,-1.239957,-1.2053,-0.396887,-0.159228,-1.218588,-1.286082,-1.519325,7.0
0.167164,-1.406983,0.513687,-0.084225,0.050856,-0.470385,-1.705561,0.281304,-0.183967,0.042617,5.0
0.691066,0.825239,0.732156,0.020842,0.349941,0.926071,0.650756,0.641278,0.025959,0.282916,3.0
-0.269421,-0.356526,-0.360191,-0.346891,-0.308046,-1.646348,-1.190116,-0.558636,-0.079004,-0.858503,1.0
1.040333,1.306698,1.038013,0.230975,0.828476,1.073066,1.239836,0.581282,0.340849,0.523215,4.0
1.607893,1.438005,1.606034,0.808841,1.247195,1.734545,1.681645,1.241235,0.498294,1.48441,3.0
1.258626,1.21916,1.125401,0.388575,1.187378,1.220062,1.166201,0.881261,0.025959,0.523215,4.0
-0.531371,-0.093911,-0.491273,-1.239957,-1.564201,-0.176394,0.135312,-1.578562,-0.761265,-1.519325,7.0
-0.182104,-0.006373,-0.185416,-0.189291,-0.188412,-1.205362,-0.969212,-0.618631,-0.236449,-0.498055,1.0
-0.269421,-0.006373,-0.360191,-0.924758,-0.786581,-0.470385,-0.085593,-1.038601,-1.023674,-0.858503,7.0
0.472773,0.693931,0.382605,-0.189291,-0.068778,0.926071,1.092566,0.161312,-0.446376,0.342991,4.0
0.341798,0.693931,0.251523,0.493642,1.127561,-0.396887,-0.453767,0.521286,0.708221,0.703439,5.0
0.341798,0.037396,0.338911,-0.662091,-0.188412,0.411587,-0.159228,-0.91861,-0.183967,-0.197682,4.0
-0.444054,0.037396,0.557381,-0.189291,-0.128595,-0.249892,-0.674672,-0.558636,0.235886,0.282916,1.0
1.040333,0.912777,1.038013,0.020842,0.290124,1.367057,1.239836,0.581282,0.130923,0.823588,3.0
-0.531371,-0.487833,-0.622354,-1.239957,-1.2053,-0.911371,-0.159228,-0.978606,-1.286082,0.703439,7.0
0.341798,0.387548,0.732156,-0.189291,-0.128595,1.514052,1.166201,0.641278,0.025959,0.763513,3.0
0.822041,0.650162,0.863238,0.020842,0.349941,1.293559,-0.380132,0.101317,0.235886,0.342991,3.0
-1.098931,-1.013061,-1.146681,-0.609558,-1.085666,-0.984869,-0.969212,-1.518567,-0.656302,-0.738354,5.0
1.258626,1.394236,0.906932,0.808841,1.187378,1.220062,1.75528,1.181239,0.603258,0.523215,3.0
1.214967,0.912777,1.256483,0.703775,0.828476,-0.690878,-0.453767,0.581282,0.708221,0.523215,1.0
0.603749,0.650162,0.688462,0.598708,0.349941,1.293559,0.208947,0.101317,0.445813,0.342991,1.0
-0.182104,-0.268987,0.033054,-0.924758,-1.025849,-0.176394,-0.674672,-0.618631,-0.551339,-1.038727,7.0
-1.273565,-0.881754,-1.190375,-0.977291,-1.2053,-0.984869,-0.674672,-1.218588,0.235886,-1.819698,5.0
-0.706005,-0.575371,-0.491273,-1.450091,-1.564201,-0.176394,-0.453767,-1.998532,-1.338564,-1.339101,7.0
1.302284,1.262929,1.431258,0.913908,1.366829,0.411587,0.724391,1.061248,0.813184,1.424335,1.0
1.214967,1.262929,0.994319,0.441108,1.247195,1.440554,1.681645,0.941256,0.288368,0.643364,3.0
-0.182104,0.212472,-0.360191,-1.029824,-1.145483,-0.176394,0.135312,-1.158593,-0.971192,-1.339101,7.0
-0.531371,-0.487833,-0.272803,-1.397557,-1.444568,-0.102897,-0.159228,-1.458571,-1.286082,-1.279026,7.0
-1.928442,-0.837985,-2.020559,1.071508,0.290124,-1.646348,-0.748307,0.821265,-1.076155,0.943738,2.0
0.385456,0.825239,0.033054,-0.136758,-0.128595,0.705578,1.092566,0.881261,0.025959,0.342991,3.0
0.167164,-0.006373,0.251523,-0.451958,-0.188412,0.191094,0.135312,-0.49864,-0.393894,-0.798429,7.0
-0.444054,-0.356526,-0.360191,-0.346891,-0.547313,-0.911371,-0.969212,-0.558636,-0.079004,-0.137607,1.0
-0.444054,-0.356526,-0.534967,-0.399425,-0.547313,-0.249892,0.061677,-0.378649,-0.131486,-0.678279,5.0
1.258626,1.044084,1.212789,0.493642,1.366829,1.367057,1.387105,0.821265,0.235886,0.703439,3.0
-0.487713,-0.706678,-0.185416,-0.609558,-0.367863,-0.984869,-1.484656,-0.198662,-0.656302,-0.498055,1.0
-0.269421,-0.181449,0.207829,-0.924758,-1.025849,0.338089,-0.085593,-0.798618,-1.2336,-0.618205,7.0
-0.444054,-0.356526,0.207829,-1.502624,-1.265117,1.440554,-0.380132,-1.518567,-1.2336,0.102692,7.0
-2.234051,-2.151056,-2.239028,2.542441,1.486463,-1.719846,-1.85283,1.481217,2.440116,2.025082,2.0
-1.884784,-1.888442,-2.37011,0.493642,-0.42768,-1.57285,-1.705561,-0.198662,1.600409,0.042617,2.0
0.647407,0.869008,-0.360191,-0.189291,-0.068778,-0.176394,1.092566,-0.318653,0.288368,-1.279026,3.0
1.214967,1.131622,1.256483,0.230975,0.828476,1.661048,1.90255,0.581282,0.498294,1.123962,3.0
-0.182104,0.037396,-0.185416,-0.241825,-0.666947,-1.058367,-0.748307,-0.438644,0.025959,-0.858503,1.0
0.516432,-0.356526,0.688462,-0.189291,-0.188412,0.117596,-0.453767,-0.198662,-0.236449,0.042617,4.0
0.8657,0.693931,0.994319,0.493642,1.127561,-0.396887,-0.453767,0.821265,0.498294,0.943738,1.0
1.214967,1.131622,1.038013,0.230975,0.589209,1.367057,1.534375,0.821265,0.498294,1.123962,3.0
-1.491858,-1.406983,-1.408844,-1.607691,-1.803469,-1.058367,-1.263751,-1.578562,-1.54849,-1.939848,5.0
0.734724,0.869008,0.688462,-0.084225,0.290124,1.073066,1.681645,0.281304,-0.183967,0.042617,3.0
0.822041,0.693931,0.819544,0.441108,0.409758,1.146564,1.092566,0.701274,0.498294,0.102692,3.0
0.167164,0.212472,1.038013,0.125908,0.529392,-0.470385,-0.969212,0.041321,0.183404,0.583289,1.0
1.43326,1.306698,1.256483,0.703775,1.127561,1.367057,1.534375,1.421222,0.498294,0.823588,3.0
0.167164,-0.006373,-0.534967,0.703775,0.828476,-0.984869,-0.453767,0.581282,0.340849,0.523215,5.0
-2.234051,-2.151056,-2.020559,1.281641,0.050856,-1.866841,-0.969212,0.521286,0.813184,0.583289,2.0
-0.356737,-0.006373,-0.622354,-1.029824,-1.2053,0.191094,0.429852,-0.978606,-0.393894,-0.317831,7.0
-0.182104,-0.356526,-0.185416,-0.819691,-1.324934,0.117596,0.650756,-0.858614,-0.866229,-0.738354,7.0
-0.182104,-0.181449,-0.447579,0.125908,0.050856,-0.690878,-0.453767,0.281304,0.235886,-0.55813,1.0
0.909358,1.262929,1.212789,0.493642,0.768659,1.367057,1.018931,0.761269,0.813184,1.123962,3.0
-1.186248,-0.575371,-1.408844,-0.872224,-1.564201,-1.352357,-0.748307,-1.578562,0.025959,-1.759624,5.0
-2.234051,-2.238594,-2.239028,2.647507,1.665914,-1.57285,-2.0001,1.661204,2.755006,1.724709,2.0
0.036189,-0.181449,-0.185416,-0.767158,-0.786581,-0.249892,-0.159228,-1.218588,-0.91871,-1.158877,7.0
-0.356737,-0.444064,-0.360191,-1.029824,-0.906215,-0.176394,-0.159228,-1.398575,-1.181119,-1.339101,7.0
-0.182104,-0.093911,-0.185416,-1.029824,-1.145483,0.117596,-0.159228,-0.91861,-0.971192,-0.858503,7.0
0.8657,0.912777,0.338911,0.493642,0.828476,-0.690878,-0.232863,0.581282,0.708221,0.282916,1.0
-0.356737,-0.444064,-0.360191,-1.239957,-1.145483,-0.176394,-0.453767,-1.398575,-1.181119,-1.519325,7.0
0.167164,0.168703,0.164136,-0.399425,-0.367863,0.485085,0.061677,-0.378649,-0.236449,0.042617,7.0
1.12765,0.037396,1.038013,0.125908,0.529392,1.367057,0.429852,0.521286,-1.181119,0.823588,3.0
0.516432,0.343779,0.338911,-0.189291,0.050856,0.779075,0.356217,0.041321,-0.656302,0.042617,4.0
0.341798,0.212472,0.164136,-0.557024,-0.547313,0.926071,0.356217,-0.558636,-0.341412,-0.197682,7.0
-2.27771,-2.282363,-2.151641,2.962707,1.54628,-1.866841,-1.705561,2.201166,2.597561,1.784783,2.0
0.822041,0.475086,1.081707,0.230975,0.649025,1.955038,1.092566,0.881261,-0.183967,0.643364,3.0
0.8657,0.869008,0.819544,0.493642,1.127561,-0.102897,0.135312,0.821265,0.498294,0.943738,1.0
-0.269421,-0.356526,-0.185416,-1.134891,-1.025849,0.044099,-0.085593,-1.038601,-1.391045,-1.038727,7.0
1.214967,1.131622,1.038013,0.913908,1.426646,-0.396887,-0.232863,1.121243,0.708221,1.123962,1.0
1.258626,1.394236,1.300177,0.598708,1.187378,1.514052,2.049819,1.181239,0.393331,0.763513,3.0
-0.182104,-0.181449,0.644768,-0.819691,-0.966032,1.073066,0.429852,-0.198662,-0.603821,0.403065,7.0
-0.531371,-0.61914,-0.578661,-1.082358,-1.265117,-0.470385,-0.085593,-1.278584,-1.496009,-1.639474,7.0
-2.321368,-2.282363,-2.457498,3.33044,1.486463,-1.940339,-2.0001,1.481217,2.650043,2.025082,2.0
-0.662347,-0.662909,-0.622354,-1.397557,-1.683835,-0.102897,-0.453767,-1.458571,-1.076155,-1.699549,7.0
-1.273565,-1.319444,-1.277763,-2.133024,-2.162371,-1.205362,-0.969212,-2.538493,-2.020825,-2.780894,5.0
0.822041,0.693931,0.994319,-0.189291,0.409758,1.146564,1.092566,0.401295,0.130923,0.342991,3.0
-0.57503,-0.706678,-0.01064,-1.187424,-1.444568,-0.470385,-0.159228,-1.878541,-0.91871,-1.5794,7.0
-0.444054,-0.356526,-1.015599,-1.502624,-1.683835,-0.690878,1.092566,-0.558636,-1.2336,-1.519325,5.0
0.8657,1.000315,1.125401,0.598708,1.486463,-0.249892,-0.453767,1.481217,0.393331,1.36426,1.0
0.8657,0.912777,1.038013,0.230975,0.828476,1.367057,1.239836,0.581282,0.130923,0.823588,3.0
-0.444054,-0.181449,-0.534967,-1.134891,-1.265117,-0.470385,-0.380132,-1.518567,-1.023674,-1.519325,7.0
-0.749664,-1.188137,-0.534967,-0.977291,-1.2053,-0.249892,-0.895577,-1.638558,-1.286082,-1.158877,7.0
-0.662347,-0.006373,-0.534967,-0.189291,-0.367863,0.117596,0.650756,-0.378649,-0.236449,-0.738354,5.0
-0.531371,-0.487833,-0.447579,-1.239957,-1.683835,-0.102897,-0.159228,-1.698554,-1.286082,-1.519325,7.0
-0.444054,-0.356526,-0.534967,-0.189291,-0.367863,0.044099,0.061677,-0.378649,-0.341412,-0.678279,5.0
1.214967,1.525543,1.256483,0.493642,1.127561,1.073066,1.90255,0.821265,0.708221,0.823588,3.0
-0.662347,-0.706678,-0.534967,-1.292491,-1.743652,-0.396887,-0.748307,-1.518567,-1.2336,-1.699549,7.0
0.691066,0.518855,1.212789,-0.241825,0.290124,1.367057,1.092566,0.281304,-0.183967,1.244111,7.0
0.210823,0.037396,-0.01064,-0.557024,-0.547313,0.63208,0.356217,-0.138666,-0.708784,-0.197682,7.0
-0.182104,0.081165,-0.098028,-1.082358,-0.846398,0.117596,0.503487,-1.038601,-0.761265,-0.798429,7.0
-0.00747,-0.181449,-0.272803,-0.662091,-0.966032,-0.102897,-0.453767,-1.218588,-0.603821,-0.55813,7.0
0.691066,1.21916,0.906932,0.388575,0.888293,-0.470385,-0.674672,0.881261,0.393331,0.763513,1.0
1.214967,1.000315,0.688462,0.756308,1.187378,-0.764376,-0.895577,1.181239,0.813184,0.883663,1.0
1.607893,1.613081,1.081707,0.756308,1.486463,1.661048,1.681645,1.181239,1.023111,0.643364,3.0
-0.749664,-0.662909,-0.534967,-1.502624,-2.102554,-0.690878,0.135312,-1.278584,-1.391045,-0.858503,7.0
0.734724,0.518855,0.688462,-0.084225,0.290124,1.073066,1.31347,0.761269,0.025959,0.282916,3.0
-0.094787,0.387548,-0.360191,-0.767158,-0.786581,-0.470385,0.650756,-0.798618,-1.076155,-1.158877,7.0
0.996675,1.21916,1.081707,0.230975,0.649025,1.661048,1.387105,0.881261,0.445813,0.643364,3.0
0.167164,0.212472,0.164136,-0.662091,-0.42768,0.411587,0.429852,-0.91861,-0.551339,-0.618205,4.0
0.691066,0.693931,0.076748,-0.241825,0.290124,-0.396887,0.135312,-0.49864,-0.393894,-0.798429,7.0
-0.182104,-0.181449,0.076748,-0.241825,-0.188412,-1.205362,-1.337386,0.041321,-0.393894,0.162766,1.0
-0.182104,-0.268987,-0.272803,-1.082358,-0.846398,-0.470385,-0.085593,-0.858614,-0.91871,-1.218951,7.0
1.520577,1.262929,1.212789,0.703775,1.366829,1.073066,1.681645,1.061248,0.393331,1.123962,3.0
-0.967956,-0.181449,-1.146681,-0.189291,-0.367863,-0.690878,0.061677,-0.618631,-0.446376,-0.738354,5.0
1.214967,1.525543,1.256483,0.493642,1.127561,1.661048,1.534375,1.121243,0.708221,1.123962,3.0
-1.011614,-1.013061,-1.102987,-1.239957,-1.564201,-1.058367,-1.484656,-1.818545,-0.761265,-1.939848,5.0
1.258626,1.21916,1.300177,0.808841,1.486463,0.044099,-0.159228,1.481217,0.760703,1.664634,1.0
1.040333,0.737701,1.431258,0.493642,1.127561,2.028536,-0.453767,1.421222,0.708221,1.724709,1.0
0.210823,-0.093911,-0.098028,-0.136758,-0.128595,-1.499353,-0.895577,-0.378649,0.025959,-0.55813,1.0
1.040333,0.869008,0.819544,0.125908,0.828476,1.073066,1.387105,0.821265,-0.183967,0.703439,3.0
1.258626,1.613081,1.125401,0.388575,1.187378,1.881541,2.049819,0.881261,0.760703,0.763513,3.0
-0.836981,-0.356526,-0.098028,-0.451958,-0.966032,0.191094,0.724391,0.041321,-0.183967,-0.077532,5.0
0.691066,0.825239,0.732156,0.020842,0.110673,1.514052,0.945296,0.101317,-0.131486,0.282916,3.0
1.12765,1.087853,1.038013,0.336042,0.768659,1.073066,1.018931,0.521286,0.393331,0.583289,3.0
0.516432,0.168703,0.513687,0.703775,0.589209,0.485085,0.356217,1.121243,0.918148,1.36426,5.0
-1.011614,-0.750447,-1.015599,0.230975,-0.128595,-0.764376,-0.674672,-0.138666,0.603258,-0.137607,5.0
-1.273565,-1.319444,-0.971906,-0.399425,-1.085666,-0.690878,-0.453767,-1.098597,-0.446376,-1.218951,5.0
1.12765,1.087853,0.863238,0.336042,0.529392,1.367057,1.31347,0.761269,0.393331,0.823588,3.0
0.167164,0.168703,0.251523,-0.451958,0.050856,0.485085,0.724391,0.041321,-0.603821,-0.55813,4.0
-0.00747,0.212472,-0.185416,-0.084225,-0.42768,-1.058367,-0.748307,-0.678627,0.025959,-0.618205,1.0
-2.27771,-2.151056,-2.239028,2.647507,1.486463,-1.719846,-1.85283,1.481217,2.755006,1.184036,2.0
0.254481,0.869008,-0.884518,-0.767158,-0.547313,0.044099,1.387105,0.161312,-1.2336,-1.038727,3.0
0.341798,0.737701,-0.185416,-0.399425,-0.188412,0.485085,0.945296,0.581282,-0.446376,-0.197682,3.0
1.214967,1.21916,0.688462,0.230975,0.888293,1.661048,2.049819,0.881261,0.445813,0.342991,3.0
-0.094787,-0.181449,-0.185416,0.020842,0.110673,-0.984869,-1.190116,-0.378649,-0.341412,-0.43798,1.0
0.167164,0.518855,0.076748,-0.084225,0.290124,-0.911371,-0.453767,0.041321,0.235886,-0.077532,1.0
1.607893,1.044084,1.387565,0.441108,1.247195,1.734545,1.681645,1.241235,0.288368,1.184036,3.0
-0.444054,-0.531602,-0.534967,-1.187424,-1.444568,-0.470385,-0.453767,-1.218588,-1.286082,-1.399176,7.0
-0.269421,-0.356526,-0.185416,-1.134891,-1.265117,0.044099,-0.085593,-1.278584,-1.391045,-1.038727,7.0
-0.662347,-0.662909,-0.753436,-0.451958,-0.966032,-1.425855,-1.337386,-1.218588,-0.393894,-0.798429,1.0
1.43326,1.21916,1.387565,1.071508,1.725731,-0.102897,-0.159228,1.361226,0.918148,1.544484,1.0
0.996675,1.044084,1.212789,0.441108,0.94811,1.440554,1.387105,0.941256,0.288368,0.883663,3.0
0.909358,0.869008,0.863238,0.336042,0.529392,1.367057,1.31347,0.761269,0.183404,0.583289,3.0
0.341798,0.168703,0.469993,-0.662091,-0.188412,0.779075,0.429852,-0.49864,-0.603821,-0.317831,4.0
0.996675,1.000315,0.688462,0.230975,0.349941,0.999568,1.387105,0.881261,0.235886,0.102692,3.0
-0.269421,-0.181449,-0.360191,-1.345024,-1.504385,-0.470385,-0.674672,-1.518567,-1.023674,-1.279026,7.0
-0.182104,-0.356526,0.513687,-1.082358,-1.324934,1.073066,0.061677,-0.378649,-1.023674,0.282916,7.0
0.996675,1.044084,0.994319,0.598708,0.94811,0.044099,-0.380132,1.241235,0.708221,1.184036,1.0
0.210823,0.037396,0.164136,-0.767158,-0.547313,0.338089,0.061677,-0.378649,-0.91871,-0.678279,4.0
-0.269421,-0.356526,-0.185416,-1.134891,-1.265117,-0.176394,-0.085593,-1.278584,-1.2336,-1.279026,7.0
-0.531371,-0.268987,-0.753436,-0.504491,-0.60713,-1.27886,-1.190116,-0.618631,-0.341412,-1.038727,1.0
0.691066,0.693931,0.644768,-0.084225,0.290124,1.073066,0.724391,0.521286,-1.076155,0.703439,3.0
0.341798,0.518855,-0.01064,-0.241825,-0.42768,1.073066,1.018931,0.041321,-0.393894,-0.197682,4.0
0.516432,0.737701,-0.01064,0.230975,0.290124,-0.984869,-0.232863,0.041321,0.498294,0.282916,1.0
-0.182104,-0.181449,-0.360191,-1.292491,-1.085666,-0.102897,-0.232863,-1.33858,-1.2336,-1.45925,7.0
0.8657,0.737701,0.688462,-0.189291,0.290124,1.073066,0.945296,0.281304,-0.236449,0.282916,3.0
-1.055273,-0.531602,-1.190375,-0.557024,-0.786581,-0.176394,0.135312,-0.558636,-0.446376,-0.858503,5.0
0.167164,-0.881754,0.513687,-0.399425,-0.188412,1.073066,-0.232863,-0.198662,-0.236449,0.523215,7.0
1.43326,1.21916,1.387565,0.861375,1.366829,-0.102897,-0.159228,1.361226,0.708221,0.943738,1.0
0.647407,0.343779,0.601074,0.020842,0.17049,0.926071,-0.085593,0.161312,-0.236449,0.342991,4.0
-0.094787,0.037396,-0.185416,-0.399425,-1.025849,-0.249892,-0.159228,-0.558636,-0.341412,-1.158877,4.0
-0.531371,-0.487833,-0.622354,-1.607691,-1.444568,-0.396887,-0.159228,-1.458571,-1.496009,-1.519325,7.0
0.341798,0.168703,0.644768,-0.241825,0.050856,0.779075,0.135312,-0.49864,-0.183967,-0.077532,7.0
0.8657,0.343779,1.212789,0.283508,0.529392,1.073066,-0.748307,0.281304,0.235886,0.403065,3.0
-2.146735,-2.151056,-2.020559,2.227241,1.366829,-1.57285,-1.705561,1.361226,2.335153,1.724709,2.0
0.036189,-0.093911,-0.098028,-0.346891,-0.60713,0.411587,-0.380132,-0.858614,-0.183967,-0.798429,4.0
-0.531371,-0.444064,-0.666048,-1.450091,-1.564201,-0.176394,0.135312,-1.578562,-1.181119,-1.759624,7.0
-0.444054,-0.356526,-0.360191,-0.924758,-1.025849,-0.470385,-0.085593,-1.518567,-1.023674,-1.759624,7.0
-0.182104,-0.093911,-0.185416,-0.872224,-0.906215,0.117596,0.724391,-0.198662,-0.761265,-1.098802,7.0
0.167164,-0.006373,-0.753436,-0.084225,-0.188412,0.485085,0.429852,-0.198662,0.025959,-0.077532,2.0
1.302284,0.518855,1.038013,0.493642,0.768659,2.028536,1.31347,1.061248,-0.761265,0.823588,3.0
0.036189,0.212472,-0.01064,-0.189291,-0.128595,-0.984869,-0.895577,-0.378649,0.235886,0.042617,1.0
0.036189,-0.444064,0.513687,0.020842,-0.128595,-0.764376,-0.674672,-0.378649,-0.183967,0.342991,1.0
-0.356737,-0.61914,0.033054,-1.292491,-1.265117,0.411587,-0.380132,-1.038601,-1.338564,-0.55813,7.0
0.56009,0.869008,0.513687,-0.084225,-0.188412,1.073066,1.681645,0.281304,-0.183967,0.282916,4.0
0.996675,1.044084,0.994319,0.598708,0.708842,0.63208,0.503487,0.161312,0.288368,-0.137607,3.0
1.389601,1.394236,1.256483,0.966441,1.187378,0.117596,-0.085593,1.181239,0.813184,1.184036,1.0
0.56009,0.693931,0.688462,-0.084225,0.290124,1.367057,1.018931,0.281304,0.183404,0.583289,3.0
-1.14259,-1.275675,-1.059293,-0.662091,-1.2053,-0.911371,-0.453767,-0.978606,-0.813747,-1.279026,5.0
-0.182104,-1.669597,0.251523,-0.451958,-0.188412,0.779075,-0.748307,-0.198662,2.440116,-0.55813,2.0
-0.706005,-0.093911,-0.840824,-0.662091,-1.145483,-0.764376,0.429852,-0.438644,-0.761265,-1.339101,5.0
-0.356737,-0.181449,-0.360191,-1.082358,-1.085666,-0.102897,0.061677,-1.098597,-0.866229,-1.45925,7.0
-1.011614,-0.575371,-0.185416,-1.239957,-1.145483,-0.764376,-0.453767,-1.398575,0.025959,-1.339101,5.0
0.822041,1.000315,0.863238,0.230975,0.649025,0.999568,1.092566,0.341299,0.813184,0.342991,3.0
-2.27771,-2.151056,-1.146681,2.647507,1.486463,0.117596,-1.85283,1.181239,2.755006,0.102692,2.0
-0.924298,-1.144368,-0.360191,-1.502624,-1.923103,-0.176394,-0.969212,-1.938536,-1.023674,-1.279026,7.0
1.214967,1.262929,1.212789,0.808841,1.247195,-0.470385,-0.380132,1.541213,0.708221,0.883663,1.0
0.8657,0.825239,0.906932,0.178442,0.888293,0.63208,0.650756,0.341299,-0.131486,0.282916,3.0
-0.57503,0.037396,-0.534967,-0.767158,-1.025849,-0.470385,0.061677,-1.038601,-0.498857,-1.5794,5.0
1.040333,0.912777,0.513687,0.703775,1.127561,0.485085,0.650756,0.581282,0.708221,-0.197682,3.0
-0.57503,0.037396,-0.360191,-0.977291,-0.547313,0.044099,0.356217,-1.038601,-0.131486,-1.399176,7.0
0.691066,0.693931,0.994319,-0.084225,0.290124,1.661048,1.092566,0.281304,0.025959,0.943738,3.0
-1.273565,-1.53829,-1.496232,-1.029824,-1.683835,-1.205362,-1.042846,-1.698554,-0.813747,-1.699549,5.0
0.734724,0.518855,1.212789,0.493642,0.768659,-0.176394,-0.159228,0.521286,0.183404,1.123962,1.0
-2.146735,-2.151056,-2.151641,2.437374,1.127561,-1.940339,-1.705561,1.421222,2.440116,1.724709,2.0
-2.015759,-2.369901,-1.277763,2.017107,1.127561,-0.984869,-1.926465,1.421222,2.807487,0.523215,2.0
-0.182104,-0.356526,-0.272803,-1.239957,-1.2053,-0.396887,-0.159228,-1.218588,-1.076155,-1.519325,7.0
-0.356737,0.343779,-0.666048,-1.082358,-1.085666,0.117596,1.239836,-0.198662,-0.079004,-0.978653,7.0
-2.234051,-2.238594,-2.239028,3.225374,2.3239,-1.866841,-1.705561,2.321157,3.122378,2.38553,2.0
-0.182104,0.343779,-0.185416,-0.819691,-1.085666,-0.102897,0.061677,-0.618631,0.130923,-0.738354,7.0
0.8657,1.21916,0.994319,0.493642,0.828476,1.367057,1.387105,0.821265,0.498294,0.403065,3.0
0.254481,0.693931,-0.534967,-0.346891,-0.308046,-0.470385,1.092566,-0.318653,-0.079004,-1.519325,7.0
0.079847,-1.144368,1.212789,-0.767158,-0.547313,1.440554,-0.085593,0.161312,-2.335715,0.883663,5.0
-2.146735,-2.238594,-2.282722,2.752574,1.725731,-1.866841,-1.558291,1.7212,2.650043,1.544484,2.0
-0.356737,-0.444064,-0.491273,-1.239957,-1.384751,-0.176394,-0.159228,-1.158593,-1.338564,-1.098802,7.0
0.210823,0.256241,0.207829,0.230975,0.349941,-0.984869,-1.190116,0.341299,0.235886,0.102692,1.0
0.996675,1.000315,1.081707,0.598708,1.187378,-0.470385,-0.380132,0.881261,1.023111,0.883663,1.0
-0.531371,-0.356526,-0.753436,-0.819691,-0.966032,-0.102897,0.429852,-0.49864,-0.603821,-1.279026,7.0
0.516432,0.562624,0.513687,0.493642,0.828476,-0.984869,-0.453767,0.581282,0.498294,0.282916,1.0
0.996675,1.000315,0.688462,0.388575,0.649025,-0.176394,0.208947,1.181239,0.603258,0.883663,1.0
-1.14259,-1.275675,-1.234069,-0.662091,-0.966032,-0.911371,-0.748307,-0.738623,-0.603821,-0.55813,5.0
0.516432,0.168703,0.513687,0.230975,0.589209,-0.984869,-0.969212,0.281304,0.340849,0.282916,1.0
1.040333,1.131622,1.038013,0.230975,0.828476,1.073066,1.534375,0.821265,-0.079004,0.823588,4.0
1.43326,1.525543,1.256483,0.493642,0.828476,1.661048,2.565264,1.121243,0.498294,1.123962,3.0
0.341798,0.693931,-0.360191,0.125908,0.529392,0.705578,0.724391,0.761269,-0.393894,0.583289,5.0
-0.00747,-0.356526,-0.098028,-0.662091,-0.726764,0.191094,0.135312,-0.738623,-1.076155,-1.038727,7.0
0.647407,0.693931,0.819544,0.020842,0.17049,1.146564,1.092566,-0.07867,-0.079004,0.643364,3.0
0.079847,0.343779,0.207829,-0.189291,-0.308046,-0.470385,-0.380132,0.161312,0.288368,0.342991,1.0
-0.00747,-0.750447,-0.185416,-0.662091,-0.906215,0.411587,-0.159228,-0.678627,-1.181119,-0.618205,7.0
1.214967,1.262929,1.212789,0.598708,1.247195,0.044099,0.135312,1.241235,0.865666,1.184036,1.0
0.734724,0.518855,0.863238,0.493642,0.768659,-0.764376,-0.159228,0.281304,-0.183967,1.123962,1.0
0.647407,0.869008,0.382605,0.441108,0.708842,-0.470385,-0.085593,0.701274,0.498294,0.342991,1.0
-0.182104,0.037396,-0.185416,-1.029824,-0.906215,-0.176394,-0.159228,-0.678627,-0.971192,-1.339101,7.0
0.341798,0.518855,0.688462,-0.241825,0.290124,1.073066,1.018931,0.041321,0.393331,0.042617,3.0
0.691066,0.387548,0.906932,0.020842,0.349941,0.926071,-0.895577,0.101317,0.025959,0.282916,3.0
-0.182104,0.037396,-0.360191,-0.872224,-1.145483,-0.176394,0.724391,-0.678627,-0.971192,-0.858503,7.0
0.8657,1.306698,1.431258,0.230975,0.589209,1.661048,1.239836,0.821265,0.498294,1.36426,3.0
-0.487713,-0.356526,-0.360191,-0.399425,-0.846398,-0.984869,-1.263751,-1.098597,-0.236449,-1.218951,1.0
-1.229907,-0.969292,-1.321457,-0.557024,-1.265117,-0.690878,-0.380132,-1.038601,-0.813747,-0.858503,5.0
-0.182104,-0.093911,-0.360191,-1.239957,-1.384751,-0.176394,0.135312,-1.398575,-0.971192,-1.339101,7.0
0.341798,0.693931,0.076748,-0.241825,0.050856,0.779075,0.724391,0.041321,0.235886,-0.077532,7.0
1.258626,1.21916,1.387565,0.703775,1.725731,-0.102897,0.135312,1.361226,0.708221,1.244111,1.0
-0.836981,-0.706678,-0.666048,-0.609558,-1.324934,-1.205362,-1.484656,-1.33858,-0.656302,-1.218951,1.0
-0.182104,-0.268987,-0.098028,-0.924758,-1.025849,0.117596,-0.085593,-1.278584,-1.128637,-0.55813,7.0
-0.444054,-0.356526,-0.360191,-1.134891,-1.265117,0.044099,0.135312,-1.278584,-1.2336,-0.858503,7.0
-0.356737,-0.837985,0.076748,-0.241825,-0.188412,-0.911371,-1.337386,0.281304,-0.813747,0.703439,1.0
1.040333,0.912777,1.038013,0.703775,1.127561,0.117596,0.061677,1.121243,0.498294,0.823588,1.0
0.8657,0.737701,0.688462,0.020842,0.589209,1.367057,1.239836,0.581282,0.130923,0.823588,3.0
-0.094787,-0.181449,-0.01064,-1.187424,-1.025849,0.338089,0.061677,-0.798618,-1.286082,-0.678279,7.0
-0.356737,-0.487833,-0.098028,-0.451958,-0.726764,-0.102897,-0.159228,-0.738623,-0.813747,-0.798429,5.0
1.214967,1.394236,0.688462,0.388575,0.888293,0.411587,0.208947,1.181239,0.445813,0.643364,1.0
0.254481,0.869008,0.382605,0.020842,-0.068778,-0.470385,-0.085593,0.701274,0.288368,0.883663,1.0
-0.182104,-0.444064,-0.447579,-0.346891,-0.60713,-1.499353,-1.190116,-0.618631,-0.183967,-0.798429,1.0
0.822041,0.825239,0.513687,0.230975,0.888293,0.999568,1.387105,0.341299,0.235886,0.342991,3.0
-0.531371,-1.013061,-0.360191,-0.662091,-0.666947,-0.176394,-0.453767,-0.91861,0.183404,-1.339101,5.0
0.516432,0.343779,0.338911,-0.399425,0.050856,0.779075,0.650756,-0.198662,-0.446376,0.042617,4.0
-0.444054,-0.181449,-0.884518,-1.187424,-1.444568,-0.249892,0.356217,-0.798618,-0.91871,-1.158877,7.0
-0.706005,-1.406983,-0.840824,-0.451958,-0.666947,-0.764376,-1.484656,-1.158593,-0.551339,-0.618205,5.0
0.8657,1.131622,0.863238,0.493642,0.589209,0.117596,0.061677,1.121243,0.498294,1.123962,1.0
1.214967,1.525543,1.256483,0.493642,1.127561,2.028536,2.197089,1.121243,0.498294,1.36426,3.0
0.516432,0.387548,0.906932,0.020842,0.349941,1.220062,0.061677,-0.558636,0.235886,0.523215,7.0
0.036189,-0.093911,0.338911,-0.714624,-0.846398,-0.176394,-0.380132,-1.518567,0.025959,-1.218951,7.0
-2.015759,-1.406983,-2.151641,1.176575,0.708842,-1.646348,-1.411021,0.701274,-0.079004,0.883663,2.0
0.822041,1.262929,0.819544,0.441108,0.94811,1.146564,1.092566,0.941256,0.498294,0.102692,3.0
0.341798,0.168703,-0.098028,-0.084225,0.050856,-0.396887,-0.159228,-0.738623,-0.183967,-0.798429,4.0
0.210823,0.037396,0.338911,0.020842,0.110673,-0.470385,-1.411021,0.101317,0.025959,0.523215,1.0
-0.356737,-0.444064,-0.098028,-0.924758,-0.846398,0.117596,-0.085593,-1.038601,-0.551339,-1.218951,4.0
-0.662347,-0.706678,-0.666048,-1.292491,-1.743652,-0.396887,-0.453767,-1.938536,-1.443527,-1.939848,7.0
0.254481,0.518855,0.382605,0.020842,0.409758,-0.911371,-1.190116,0.401295,-0.079004,0.883663,1.0
-0.444054,-0.356526,-0.360191,-1.187424,-1.444568,-0.470385,-0.453767,-1.458571,-1.076155,-1.399176,7.0
-0.269421,-0.356526,-0.185416,-1.345024,-1.265117,0.044099,-0.085593,-1.278584,-1.391045,-1.038727,7.0
1.214967,1.306698,1.256483,0.703775,1.127561,2.322527,2.197089,1.421222,0.340849,1.36426,3.0
0.167164,0.518855,0.076748,0.125908,0.290124,-0.396887,0.429852,-0.198662,0.498294,-0.317831,1.0
1.302284,1.087853,1.212789,0.493642,1.067744,0.117596,0.135312,0.761269,0.813184,1.123962,1.0
0.472773,0.343779,0.382605,-0.346891,-0.068778,1.146564,0.798026,-0.07867,-0.236449,0.102692,7.0
1.258626,0.869008,1.212789,0.703775,1.366829,1.367057,1.092566,2.021178,-0.183967,1.904933,1.0
-0.00747,0.168703,0.076748,-0.662091,-0.726764,0.485085,0.135312,-0.978606,-0.603821,-0.798429,7.0
1.389601,1.262929,1.212789,0.808841,1.54628,-0.176394,-0.380132,1.241235,0.708221,1.184036,1.0
-0.706005,-0.750447,-0.491273,-1.450091,-1.803469,-0.176394,-0.159228,-1.818545,-1.54849,-1.339101,7.0
-0.836981,-0.706678,-0.666048,0.703775,0.290124,-0.396887,-0.969212,0.581282,0.708221,0.523215,5.0
0.56009,0.693931,0.338911,-0.241825,0.050856,1.073066,1.681645,-0.198662,-0.183967,-0.197682,4.0
0.516432,0.606393,0.557381,-0.189291,0.110673,0.926071,1.46074,0.341299,0.025959,0.042617,3.0
-0.182104,-0.356526,-0.447579,-0.819691,-0.966032,0.191094,0.135312,-1.218588,-0.813747,-1.038727,7.0
0.167164,0.693931,0.338911,-0.451958,-0.188412,-0.470385,0.135312,-0.438644,-0.183967,-0.618205,1.0
-0.182104,-0.268987,-0.360191,-1.029824,-0.906215,-0.176394,-0.159228,-0.91861,0.025959,-0.858503,4.0
-2.146735,-2.151056,-2.064253,1.544308,1.127561,-1.719846,-1.705561,0.821265,1.495446,1.36426,2.0
1.040333,1.21916,1.212789,0.861375,1.366829,-0.396887,0.135312,1.361226,1.128074,1.244111,1.0
-0.182104,0.081165,0.207829,-0.504491,-0.60713,0.117596,-0.085593,-0.138666,-0.183967,-0.377906,4.0
1.040333,0.912777,0.863238,0.230975,0.290124,0.779075,0.945296,0.821265,0.340849,0.523215,3.0
1.083992,1.21916,1.300177,0.808841,1.187378,0.044099,-0.159228,1.181239,0.760703,1.36426,1.0
-0.356737,-0.268987,-0.447579,-1.082358,-1.025849,-0.176394,-0.085593,-1.038601,-0.91871,-1.45925,7.0
-0.182104,-0.356526,-0.272803,-0.084225,-0.188412,-1.205362,-1.558291,-0.198662,-0.393894,0.162766,1.0
-2.015759,-1.888442,-2.151641,2.85764,1.725731,-1.205362,-1.705561,0.821265,2.072744,0.823588,2.0
1.040333,0.912777,0.863238,0.703775,1.127561,-0.102897,-0.453767,0.821265,0.708221,1.123962,1.0
-0.531371,-0.181449,-0.272803,-0.084225,-0.487496,-0.911371,-0.748307,-0.738623,0.498294,-1.038727,5.0
-0.444054,-0.969292,0.033054,-0.189291,-0.547313,-0.176394,-0.380132,-0.07867,-0.446376,-0.137607,7.0
0.167164,0.343779,0.469993,0.125908,0.050856,-0.911371,-0.748307,-0.198662,0.025959,-0.077532,1.0
0.691066,0.212472,0.732156,0.598708,0.649025,-0.764376,-0.895577,0.881261,0.025959,0.282916,1.0
1.214967,1.262929,0.994319,0.441108,0.94811,2.028536,1.681645,0.701274,0.288368,0.883663,3.0
-0.182104,-0.268987,-0.272803,-0.924758,-1.025849,-0.470385,-0.085593,-1.038601,-0.91871,-1.639474,7.0
0.8657,0.912777,0.863238,0.493642,0.589209,1.073066,0.945296,0.821265,0.340849,0.282916,3.0
-0.444054,-0.006373,-0.534967,-0.346891,-0.547313,-1.205362,-0.380132,-0.558636,-0.446376,-1.279026,1.0
-0.487713,-0.531602,-0.534967,-1.292491,-1.504385,-0.102897,-0.453767,-1.758549,-1.2336,-1.218951,7.0
-0.182104,-0.181449,0.164136,-0.609558,-0.60713,0.117596,0.061677,-0.618631,-0.656302,-0.978653,7.0
-0.356737,-0.444064,-0.360191,-1.029824,-1.384751,-0.176394,-0.159228,-1.158593,-1.181119,-1.339101,7.0
0.647407,0.168703,0.207829,0.020842,0.409758,-0.176394,-0.085593,-0.798618,0.130923,-0.858503,7.0
0.734724,0.693931,0.164136,-0.084225,0.290124,0.705578,1.018931,0.281304,-0.551339,-0.377906,4.0
0.691066,0.825239,0.906932,0.178442,0.649025,-0.249892,0.061677,0.881261,-0.131486,1.36426,1.0
-0.182104,-0.61914,0.033054,-1.082358,-1.025849,0.411587,-0.380132,-0.858614,-1.338564,-0.377906,7.0
0.691066,0.212472,0.164136,0.598708,0.888293,-0.764376,-0.895577,0.341299,0.025959,0.042617,1.0
1.826186,1.831927,1.693422,1.124041,2.144449,1.293559,1.387105,1.481217,1.180556,0.883663,3.0
0.691066,0.606393,0.732156,0.598708,0.649025,-0.470385,-0.453767,0.341299,0.760703,0.523215,1.0
-0.662347,-0.662909,-0.753436,-1.397557,-1.923103,-0.396887,-0.748307,-1.938536,-1.286082,-2.120072,7.0
-0.880639,-0.750447,-0.491273,-1.450091,-1.98292,0.117596,-0.453767,-1.998532,-1.181119,-1.339101,7.0
-1.011614,-0.444064,-1.277763,-1.450091,-1.743652,-0.984869,0.503487,-1.518567,-1.128637,-2.059997,5.0
-2.146735,-2.063518,-2.020559,1.964574,0.94811,-1.866841,-1.411021,0.941256,2.230189,0.883663,2.0
0.254481,0.693931,0.382605,-0.346891,-0.308046,1.440554,0.798026,-0.318653,-0.079004,0.643364,4.0
-1.317224,-0.881754,-1.539926,-0.451958,-1.145483,-1.352357,-0.748307,-1.398575,-0.761265,-1.098802,5.0
-0.094787,0.212472,-0.185416,-0.767158,-0.547313,-0.249892,-0.159228,-1.038601,0.025959,-0.918578,7.0
-0.531371,-0.61914,-0.578661,-1.292491,-1.743652,-0.470385,-0.380132,-1.758549,-0.551339,-1.639474,7.0
-1.186248,-1.275675,-1.408844,-1.450091,-1.803469,-1.352357,-1.484656,-1.998532,-0.971192,-1.759624,5.0
1.214967,1.525543,1.038013,0.703775,1.426646,1.073066,1.534375,1.421222,0.498294,0.523215,3.0
1.12765,1.087853,1.038013,0.336042,0.768659,1.734545,1.681645,0.761269,0.393331,0.583289,3.0
-0.182104,-0.531602,0.338911,-0.399425,-0.60713,0.485085,0.945296,-0.378649,-0.866229,-0.197682,5.0
0.516432,0.693931,0.469993,0.125908,0.050856,-0.396887,1.092566,0.041321,-0.393894,-0.55813,7.0
-1.186248,-1.363214,-1.408844,-1.817824,-1.923103,-0.984869,-1.190116,-2.178519,-1.705935,-2.059997,5.0
-0.00747,0.168703,-0.272803,-0.819691,-0.726764,0.191094,0.429852,-0.198662,-0.813747,-0.798429,4.0
0.210823,0.212472,0.557381,-0.557024,-0.547313,0.63208,0.650756,-0.558636,-0.498857,-0.678279,4.0
0.210823,0.475086,0.207829,-0.504491,-0.128595,0.705578,0.798026,-0.138666,-0.761265,-0.55813,4.0
-0.182104,-0.268987,0.338911,-0.872224,-0.906215,0.411587,-0.159228,-1.158593,-0.551339,-0.618205,7.0
1.083992,1.000315,1.125401,0.808841,1.187378,0.044099,-0.159228,1.481217,0.970629,1.36426,1.0
-0.182104,-0.093911,-0.753436,-0.924758,-1.025849,-0.176394,0.208947,-0.858614,-0.761265,-1.45925,7.0
-0.182104,-0.268987,-0.491273,-0.872224,-0.906215,-0.176394,-0.453767,-1.398575,-0.971192,-1.098802,7.0
-0.182104,-0.268987,-0.185416,-0.872224,-0.906215,0.705578,-0.159228,-0.438644,-1.338564,-0.197682,7.0
-0.706005,-0.925523,-0.753436,-1.082358,-1.265117,0.411587,-0.085593,-0.618631,-1.338564,-0.798429,5.0
-1.14259,-1.013061,-1.015599,0.178442,-0.128595,-0.764376,-0.674672,-0.138666,-0.341412,-0.678279,5.0
0.036189,0.081165,0.513687,-0.504491,-0.60713,0.705578,0.503487,-0.138666,-0.761265,-0.377906,4.0
-2.27771,-2.282363,-2.239028,2.647507,1.486463,-2.013836,-1.631926,1.481217,2.387634,1.844858,2.0
-1.229907,-1.144368,-1.496232,-1.134891,-1.683835,-1.205362,-0.674672,-1.038601,0.130923,-1.519325,5.0
1.214967,1.044084,0.033054,0.441108,0.708842,-0.176394,1.092566,-0.07867,0.498294,-1.279026,3.0
0.341798,0.168703,0.164136,-0.609558,-0.188412,0.485085,0.356217,-0.198662,-0.866229,0.042617,4.0
-0.444054,-0.356526,-0.360191,-1.345024,-1.2053,-0.470385,-0.159228,-1.458571,-1.076155,-1.399176,7.0
-1.622833,-1.800904,-1.102987,-0.872224,-1.384751,-1.058367,-1.484656,-1.158593,-0.551339,-1.519325,5.0
1.040333,1.044084,1.212789,0.493642,0.828476,1.073066,1.387105,1.121243,0.235886,0.703439,3.0
-1.273565,-1.275675,-1.234069,-0.819691,-1.2053,-0.911371,-1.042846,-1.458571,-1.286082,-1.519325,5.0
-2.27771,-2.282363,-2.151641,3.01524,1.785547,-1.499353,-1.631926,1.781196,2.755006,1.844858,2.0
0.167164,0.912777,0.863238,-0.189291,-0.188412,0.485085,1.239836,-0.618631,-0.236449,-0.498055,7.0
-1.317224,-0.750447,-1.539926,-0.662091,-1.384751,-1.058367,-0.453767,-1.398575,-0.971192,-1.519325,5.0
-2.27771,-2.019749,-2.282722,2.752574,1.725731,-1.646348,-1.85283,2.021178,2.650043,1.904933,2.0
-0.182104,-0.268987,-0.098028,-1.082358,-0.846398,-0.176394,0.503487,-0.378649,-0.91871,-0.798429,7.0
0.822041,0.650162,0.688462,0.020842,0.649025,0.705578,0.503487,0.641278,-0.183967,0.643364,3.0
-2.27771,-2.369901,-2.151641,3.120307,1.905181,-1.866841,-1.411021,1.901187,2.964933,1.48441,2.0
1.258626,1.044084,1.212789,0.861375,1.366829,0.779075,0.135312,1.361226,0.708221,1.544484,1.0
-2.059418,-0.969292,-2.151641,2.384841,1.127561,-1.646348,-0.748307,0.821265,0.498294,0.703439,2.0
0.909358,1.087853,1.038013,0.125908,0.768659,1.734545,1.681645,0.281304,0.183404,0.823588,4.0
-1.404541,-1.188137,-1.190375,-1.76529,-2.042737,-0.764376,-0.895577,-2.058528,-1.443527,-1.999923,5.0
0.516432,0.387548,0.906932,0.020842,0.349941,1.220062,0.650756,-0.138666,-0.131486,0.523215,3.0
-0.836981,-0.706678,-0.666048,0.493642,0.050856,-0.690878,-1.263751,-0.618631,-0.079004,-0.197682,5.0
0.909358,1.087853,0.863238,0.336042,0.768659,-0.470385,-0.453767,-0.438644,0.603258,0.042617,1.0
0.996675,1.000315,0.863238,0.388575,0.888293,1.293559,1.092566,0.881261,0.235886,1.184036,3.0
1.040333,1.044084,0.994319,0.493642,1.127561,1.367057,1.092566,1.121243,0.235886,0.943738,3.0
-0.444054,-0.356526,-0.185416,-1.345024,-1.444568,-0.249892,0.061677,-1.038601,-1.286082,-1.158877,7.0
-0.00747,0.343779,-0.01064,0.020842,0.050856,-0.690878,-0.453767,0.281304,0.340849,0.042617,1.0
-1.14259,-0.969292,-2.282722,0.703775,-0.188412,-1.866841,-0.748307,0.281304,0.235886,0.943738,5.0
-0.836981,-0.706678,-1.933171,0.493642,0.290124,-1.940339,-0.453767,0.041321,0.708221,1.123962,5.0
1.258626,1.394236,0.906932,0.598708,0.888293,1.514052,2.049819,0.881261,0.603258,0.523215,3.0
0.8657,1.21916,1.212789,0.283508,0.828476,1.367057,1.387105,0.821265,0.235886,0.943738,3.0
0.516432,0.825239,0.338911,-0.189291,-0.128595,0.926071,0.650756,0.101317,0.393331,0.282916,7.0
-1.273565,-1.319444,-1.146681,-0.609558,-0.846398,-0.984869,-0.969212,-1.098597,-0.236449,-0.978653,5.0
0.472773,0.343779,0.382605,0.230975,0.17049,-0.690878,-0.969212,0.401295,0.130923,0.342991,1.0
0.8657,1.131622,1.038013,0.493642,1.127561,-0.102897,0.061677,0.821265,0.498294,0.823588,1.0
-0.749664,-0.662909,-0.884518,-1.134891,-1.504385,-0.911371,0.135312,-1.698554,-0.236449,-1.759624,5.0
-2.27771,-2.282363,-2.151641,2.962707,2.204266,-1.866841,-1.705561,2.201166,2.597561,1.784783,2.0
-2.234051,-2.45744,-1.889477,1.964574,0.649025,-1.719846,-2.0001,0.641278,2.072744,0.523215,2.0
-0.531371,-1.406983,1.038013,0.125908,0.050856,0.705578,-1.705561,1.061248,-0.183967,0.042617,2.0
-0.094787,-0.006373,0.033054,-0.346891,-0.547313,0.044099,0.135312,-1.038601,-0.813747,-1.038727,7.0
-0.967956,-0.487833,-1.889477,-0.084225,-0.188412,-1.646348,-0.159228,0.041321,-1.286082,0.703439,2.0
1.258626,0.825239,1.125401,0.966441,1.486463,0.044099,0.650756,1.481217,0.760703,1.36426,1.0
0.516432,0.737701,-0.01064,0.230975,0.050856,-0.984869,-0.453767,0.581282,0.498294,0.282916,1.0
1.040333,1.044084,0.994319,1.071508,1.366829,0.485085,0.429852,1.361226,0.918148,0.943738,1.0
0.691066,0.387548,0.732156,0.388575,0.888293,-0.470385,-0.674672,0.881261,0.235886,0.282916,1.0
-2.146735,-2.282363,-2.020559,2.805107,1.486463,-1.499353,-1.85283,1.481217,2.755006,1.184036,2.0
0.8657,0.869008,0.469993,0.493642,0.828476,0.485085,0.724391,1.361226,0.235886,0.403065,1.0
1.607893,1.394236,1.256483,0.756308,1.486463,0.117596,-0.380132,1.781196,1.023111,1.844858,1.0
0.996675,0.869008,1.212789,0.598708,1.247195,-0.176394,-0.085593,0.941256,0.498294,0.643364,1.0
-0.182104,-0.181449,-0.098028,-0.819691,-1.2053,0.485085,0.135312,-0.738623,-0.813747,-0.317831,7.0
-1.055273,-0.969292,-1.015599,-1.712757,-2.102554,-0.911371,-0.380132,-2.358506,-1.023674,-2.180147,5.0
1.040333,1.044084,1.212789,0.283508,0.828476,1.367057,1.387105,0.821265,0.235886,0.403065,3.0
-0.182104,-0.356526,-0.534967,-0.399425,-0.367863,-1.205362,-1.263751,-0.378649,-0.236449,-0.738354,1.0
-0.269421,-0.531602,-0.01064,-0.977291,-1.025849,0.044099,-0.453767,-1.458571,-1.076155,-1.158877,7.0
0.385456,0.475086,0.513687,0.230975,0.649025,1.293559,1.387105,0.641278,0.445813,0.342991,3.0
-0.356737,-0.268987,-0.578661,-1.082358,-1.025849,-0.470385,-0.085593,-1.278584,-1.128637,-1.879773,7.0
1.214967,1.306698,1.256483,0.913908,1.127561,0.117596,-0.232863,1.421222,0.918148,1.36426,1.0
0.8657,1.21916,1.125401,0.598708,1.486463,0.044099,-0.453767,0.881261,0.760703,1.063887,1.0
1.258626,1.21916,1.300177,0.808841,1.486463,-0.249892,-0.159228,1.481217,0.970629,1.063887,1.0
0.996675,1.21916,1.081707,0.756308,0.888293,0.117596,0.503487,0.881261,0.445813,0.883663,1.0
-0.269421,-0.181449,-0.185416,-0.767158,-0.547313,-0.176394,-0.380132,-1.278584,-0.656302,-1.279026,7.0
-0.706005,-0.750447,-0.666048,-1.450091,-1.803469,-0.176394,-0.453767,-1.998532,-1.338564,-1.519325,7.0
1.258626,1.21916,1.300177,0.808841,1.845364,-0.249892,-0.453767,1.481217,0.760703,1.063887,1.0
0.822041,0.475086,0.863238,0.020842,0.349941,0.999568,-0.380132,-0.378649,0.025959,0.342991,4.0
-1.273565,-1.319444,-1.408844,-1.292491,-1.743652,-0.984869,-1.263751,-1.518567,-1.023674,-1.45925,5.0
0.210823,0.475086,-0.098028,-0.714624,-0.60713,0.117596,0.503487,-0.378649,-0.91871,-0.55813,4.0
0.56009,0.518855,-0.01064,-0.084225,0.290124,1.073066,0.724391,0.281304,-0.761265,0.282916,3.0
0.909358,0.869008,1.038013,0.125908,0.768659,1.073066,1.018931,0.521286,0.025959,0.583289,3.0
-0.269421,-0.356526,-0.185416,-1.134891,-1.025849,-0.690878,-0.380132,-1.278584,-1.2336,-0.137607,7.0
-2.059418,-1.669597,-2.282722,2.384841,1.127561,-1.425855,-1.558291,0.521286,2.440116,0.703439,2.0
1.214967,1.131622,1.256483,0.913908,0.828476,-0.102897,-0.232863,1.121243,0.708221,1.36426,1.0
-0.487713,-0.706678,-0.534967,-0.399425,-0.846398,-1.425855,-1.705561,-0.858614,-0.446376,-0.738354,1.0
-0.094787,0.037396,-0.185416,-0.189291,-0.367863,-0.984869,-1.190116,-0.138666,-0.341412,-0.197682,1.0
0.8657,1.000315,0.732156,0.020842,0.649025,1.220062,1.166201,0.341299,0.025959,0.282916,3.0
0.822041,0.518855,1.212789,0.020842,0.17049,1.146564,1.092566,0.701274,-0.446376,0.883663,4.0
0.341798,0.387548,-0.01064,-0.399425,-0.547313,0.338089,0.650756,-0.378649,0.025959,-0.918578,7.0
-2.015759,-2.151056,-1.015599,2.332307,1.187378,-0.249892,-1.85283,1.181239,2.650043,-0.678279,2.0
0.647407,0.168703,0.601074,-0.557024,-0.308046,1.440554,0.798026,0.161312,-0.813747,0.643364,4.0
-0.836981,-0.531602,-1.933171,-0.819691,-0.846398,-1.425855,-0.232863,0.041321,-1.2336,0.823588,2.0
1.476918,0.825239,1.518646,0.808841,1.845364,1.881541,2.049819,1.481217,-0.498857,1.063887,3.0
0.036189,-0.093911,-0.098028,-0.924758,-0.60713,-0.176394,0.208947,-1.038601,-0.91871,-0.798429,7.0
-0.749664,0.168703,-0.534967,-0.924758,-1.265117,-0.470385,-0.380132,-1.278584,0.130923,-1.038727,7.0
0.210823,0.475086,0.338911,-0.714624,-0.128595,0.705578,0.798026,-0.378649,-0.551339,-0.377906,4.0
0.167164,0.037396,0.164136,-0.662091,-0.188412,0.705578,0.429852,-0.198662,-0.761265,-0.197682,4.0
0.079847,0.343779,-0.185416,-0.557024,-0.786581,0.044099,0.503487,-0.798618,0.130923,-0.858503,7.0
0.036189,-0.181449,0.906932,-0.767158,-0.786581,1.514052,0.650756,0.101317,-1.286082,0.763513,7.0
1.214967,0.912777,1.038013,0.493642,1.127561,2.028536,1.534375,1.121243,-0.079004,1.36426,3.0
1.389601,1.262929,1.212789,0.808841,1.54628,-0.176394,-0.380132,1.541213,0.708221,1.184036,1.0
0.8657,0.562624,0.338911,0.020842,0.290124,0.779075,1.239836,0.281304,-0.079004,0.282916,3.0
0.56009,0.693931,0.688462,-0.241825,0.290124,1.367057,1.018931,0.521286,-0.183967,0.042617,3.0
0.036189,0.037396,0.557381,0.598708,0.349941,0.044099,-1.411021,0.341299,0.235886,0.763513,5.0
0.909358,0.693931,0.863238,0.125908,0.529392,1.367057,1.31347,0.521286,0.025959,0.282916,3.0
0.734724,0.693931,0.863238,0.125908,0.529392,1.073066,0.135312,0.281304,0.183404,0.583289,3.0
0.8657,1.044084,0.819544,0.283508,1.127561,0.779075,0.724391,0.521286,0.235886,0.162766,3.0
0.254481,-0.006373,0.601074,-0.557024,-0.308046,-0.176394,-0.085593,-1.038601,-0.079004,-0.858503,7.0
-0.094787,0.037396,-0.185416,-0.977291,-1.025849,-0.249892,0.061677,-0.798618,-0.91871,-0.918578,7.0
0.996675,0.825239,0.688462,0.598708,0.888293,-0.176394,-0.380132,1.481217,0.603258,0.883663,1.0
-0.531371,-0.61914,0.033054,-0.136758,-0.60713,-0.764376,-1.411021,-0.618631,-0.551339,0.102692,1.0
-0.706005,-0.750447,-0.578661,-0.346891,-0.846398,-1.499353,-1.411021,-0.858614,-0.341412,-0.798429,1.0
1.12765,1.087853,1.212789,0.125908,0.768659,1.073066,1.681645,0.761269,0.393331,0.823588,3.0
-1.404541,-1.53829,-1.496232,-1.029824,-1.923103,-0.911371,-1.042846,-1.698554,-0.813747,-1.519325,5.0
0.647407,0.518855,0.033054,-0.346891,-0.068778,-0.470385,0.798026,-0.07867,-0.446376,-0.858503,4.0
0.036189,-0.531602,0.338911,0.020842,-0.367863,-0.249892,-1.411021,0.101317,-0.341412,0.763513,1.0
-2.27771,-2.151056,-2.151641,2.384841,1.54628,-1.866841,-1.705561,1.541213,2.020263,1.48441,2.0
-0.182104,0.168703,-0.272803,-0.819691,-1.2053,-0.396887,0.135312,-0.978606,-0.813747,-1.279026,7.0
0.996675,1.21916,0.863238,0.598708,0.888293,1.293559,1.092566,0.881261,0.603258,0.643364,3.0
0.56009,0.518855,0.513687,-0.241825,0.050856,0.705578,1.018931,-0.198662,0.025959,-0.197682,4.0
0.341798,0.869008,-0.098028,0.125908,0.529392,-0.396887,-0.159228,0.281304,0.498294,0.162766,1.0
0.647407,0.518855,0.382605,-0.346891,0.17049,0.63208,0.798026,0.161312,-0.079004,-0.137607,7.0
-0.531371,-0.575371,-0.491273,-1.450091,-1.564201,-0.470385,-0.453767,-1.818545,-1.181119,-1.939848,7.0
0.516432,0.737701,0.513687,0.020842,0.050856,1.073066,1.239836,0.041321,-0.236449,0.523215,3.0
1.040333,0.912777,-0.01064,0.493642,0.828476,0.779075,-0.232863,0.821265,0.498294,-0.197682,1.0
0.8657,0.693931,0.819544,-0.084225,0.290124,1.661048,1.092566,0.281304,0.025959,0.703439,3.0
-2.452344,-2.326133,-2.457498,3.593107,2.024815,-2.087334,-1.263751,1.061248,3.332304,2.085157,2.0
-0.356737,-0.181449,-0.272803,-1.397557,-1.444568,0.191094,-0.159228,-1.218588,-1.286082,-1.038727,7.0
-0.094787,-0.881754,-0.01064,-0.977291,-0.786581,0.044099,-0.159228,-0.378649,1.338001,-0.678279,4.0
-0.00747,-0.444064,0.164136,-0.872224,-0.666947,0.411587,-0.159228,-0.438644,-1.338564,-0.618205,4.0
1.214967,1.21916,1.256483,0.756308,1.187378,0.117596,-0.085593,1.181239,0.603258,0.883663,1.0
-0.182104,-0.181449,0.644768,-0.819691,-0.966032,0.779075,0.429852,-0.978606,-0.813747,0.162766,7.0
-1.229907,-1.144368,-1.190375,-0.189291,-0.786581,-0.911371,-0.674672,-0.558636,-0.236449,-0.137607,5.0
-1.14259,-1.319444,-1.015599,-0.767158,-1.444568,-0.984869,-1.411021,-1.458571,-0.498857,-1.5794,5.0
-1.404541,-1.406983,-1.059293,-0.451958,-0.966032,-0.690878,-1.042846,-1.218588,-1.496009,-0.55813,5.0
0.210823,0.256241,-0.098028,-0.504491,-0.367863,0.117596,0.503487,-0.618631,-0.341412,-0.798429,7.0
-0.487713,-0.706678,-0.01064,-1.082358,-1.324934,-0.102897,-0.453767,-1.33858,-1.443527,-1.45925,7.0
-0.269421,-0.356526,-0.185416,-1.187424,-1.025849,-0.470385,-0.159228,-1.218588,-1.076155,-1.5794,7.0
-2.27771,-2.369901,-2.151641,2.962707,1.54628,-1.866841,-1.926465,1.541213,2.230189,1.48441,2.0
-1.666492,-2.019749,-2.064253,0.913908,0.290124,-1.205362,-1.705561,1.121243,1.075593,0.523215,2.0
1.389601,1.262929,1.387565,0.598708,1.247195,2.028536,2.344359,1.241235,0.498294,1.48441,3.0
1.040333,1.131622,1.038013,0.703775,1.127561,0.117596,0.356217,1.121243,0.708221,1.36426,1.0
0.8657,0.912777,1.038013,0.703775,0.828476,-0.396887,-0.453767,1.121243,0.498294,1.36426,1.0
-2.146735,-2.019749,-2.020559,2.069641,1.067744,-1.57285,-1.484656,0.761269,1.757854,1.424335,2.0
0.603749,0.475086,0.863238,0.020842,0.649025,1.955038,0.798026,0.641278,0.025959,0.883663,3.0
-0.00747,-0.356526,0.076748,-0.819691,-0.726764,-0.102897,0.135312,-0.738623,-0.603821,-0.798429,4.0
-1.666492,-1.669597,-0.622354,1.649374,0.828476,0.191094,-1.558291,0.281304,2.859969,-0.317831,2.0
1.258626,1.21916,1.300177,0.808841,1.187378,-0.249892,-0.453767,1.481217,0.970629,1.36426,1.0
1.43326,0.869008,1.212789,0.861375,1.366829,0.485085,0.429852,1.361226,0.708221,0.943738,1.0
-0.444054,-0.356526,-0.360191,-1.345024,-1.265117,-0.176394,-0.380132,-1.278584,-1.2336,-1.038727,7.0
1.214967,1.131622,0.863238,0.913908,1.127561,-0.102897,-0.232863,1.121243,0.708221,1.36426,1.0
-0.444054,-0.356526,-0.360191,-1.187424,-1.624018,-0.249892,-0.453767,-1.218588,-1.076155,-1.158877,7.0
1.957161,1.919465,1.868197,1.281641,2.024815,1.734545,1.31347,2.021178,1.180556,2.085157,3.0
-0.00747,-0.881754,0.338911,-0.399425,-0.188412,1.073066,0.356217,0.041321,1.285519,0.042617,2.0
0.516432,0.168703,0.513687,-0.399425,-0.188412,1.073066,0.356217,-0.378649,-0.236449,0.042617,4.0
0.341798,0.212472,0.164136,-0.557024,-0.128595,0.63208,0.945296,0.101317,-0.341412,-0.197682,4.0
-0.356737,-0.444064,-0.272803,-1.082358,-1.265117,-0.176394,-0.085593,-1.278584,-1.338564,-1.218951,7.0
0.996675,1.21916,0.513687,0.598708,0.888293,0.999568,0.798026,0.881261,0.445813,0.643364,3.0
0.472773,0.168703,0.382605,-0.557024,-0.308046,0.338089,0.503487,-0.558636,-0.446376,-0.618205,4.0
1.302284,1.262929,1.038013,0.703775,1.366829,0.117596,-0.159228,1.361226,0.970629,1.724709,1.0
0.079847,0.168703,0.207829,-0.346891,-0.547313,0.63208,0.503487,-0.558636,-0.236449,-0.377906,4.0
-0.356737,0.343779,-0.360191,-0.189291,-0.367863,0.779075,0.650756,-0.198662,-0.446376,0.042617,5.0
0.516432,0.518855,0.819544,-0.241825,0.050856,1.367057,1.092566,0.281304,-0.393894,0.703439,4.0
1.040333,1.21916,0.994319,0.703775,1.127561,-0.396887,-0.159228,0.821265,0.708221,1.244111,1.0
1.040333,1.131622,1.256483,0.703775,1.426646,-0.102897,-0.232863,1.421222,0.708221,1.36426,1.0
0.210823,0.081165,0.338911,-0.714624,-0.367863,0.411587,0.503487,-0.858614,-0.551339,-0.377906,4.0
-0.00747,0.037396,0.338911,-0.662091,-0.666947,0.117596,-0.159228,-0.91861,-0.393894,-0.377906,7.0
-0.094787,-0.181449,0.033054,-0.346891,-0.547313,-0.176394,-0.380132,-0.798618,-1.023674,-1.038727,7.0
-1.884784,-1.932211,-1.758396,1.596841,0.94811,-1.866841,-1.705561,1.241235,1.075593,1.184036,2.0
-2.146735,-2.019749,-2.020559,2.279774,1.187378,-1.719846,-1.631926,0.881261,1.967781,1.184036,2.0
-2.146735,-2.019749,-1.889477,1.912041,0.649025,-1.499353,-1.631926,0.881261,1.180556,0.883663,2.0
-0.444054,-0.531602,-0.185416,-0.557024,-0.786581,-0.176394,-0.380132,-0.798618,-0.446376,-1.038727,5.0
-2.234051,-2.238594,-2.151641,2.647507,1.665914,-1.866841,-1.705561,2.021178,2.545079,2.085157,2.0
1.389601,1.613081,0.863238,0.756308,1.187378,1.955038,2.049819,1.181239,0.813184,1.184036,3.0
1.040333,1.131622,1.256483,0.703775,1.127561,-0.396887,-0.453767,1.421222,0.708221,1.724709,1.0
-0.836981,-0.356526,-0.360191,-0.399425,-0.846398,-1.205362,-1.263751,-0.378649,-0.236449,0.282916,1.0
-1.404541,-1.319444,-1.190375,-2.133024,-2.461456,-0.470385,-0.895577,-2.658485,-1.443527,-1.819698,5.0
0.691066,1.000315,0.732156,-0.189291,0.110673,0.926071,1.75528,0.341299,0.025959,0.282916,3.0
-0.00747,-0.356526,0.469993,0.125908,0.290124,-0.911371,-1.337386,0.521286,-0.393894,0.943738,1.0
-2.015759,-2.151056,-1.408844,2.227241,1.426646,-1.719846,-1.705561,1.7212,2.230189,1.123962,2.0
-0.182104,-0.268987,-0.185416,-0.451958,-0.666947,0.411587,0.135312,-0.438644,0.025959,-0.197682,7.0
-0.531371,-0.444064,-0.360191,-1.450091,-1.564201,0.117596,-0.159228,-1.578562,-1.181119,-1.519325,7.0
0.167164,0.168703,0.469993,-0.084225,0.290124,-0.690878,-0.748307,0.041321,-0.393894,0.403065,1.0
-0.57503,-0.706678,-0.534967,-1.345024,-1.444568,-0.249892,-0.453767,-1.638558,-1.286082,-1.399176,7.0
-0.269421,-0.006373,-0.185416,-0.346891,-0.547313,-1.205362,-0.674672,-0.558636,-0.236449,-0.618205,1.0
0.516432,0.387548,0.557381,-0.399425,-0.128595,0.926071,0.650756,-0.138666,-0.341412,0.042617,3.0
0.909358,0.693931,1.038013,0.493642,1.067744,0.117596,-0.453767,1.061248,0.393331,1.123962,1.0
-0.356737,-0.356526,-0.447579,-1.239957,-1.2053,-0.396887,-0.159228,-1.218588,-1.286082,-1.279026,7.0
1.214967,1.131622,1.256483,0.703775,1.127561,1.661048,1.534375,1.121243,0.498294,1.123962,3.0
0.8657,0.737701,-0.01064,0.493642,0.589209,1.073066,1.239836,0.581282,0.708221,0.042617,3.0
-2.146735,-2.151056,-2.239028,2.174707,1.187378,-1.719846,-1.85283,1.481217,2.282671,1.36426,2.0
1.083992,1.21916,0.906932,0.388575,0.888293,1.514052,1.75528,0.881261,0.235886,1.063887,3.0
1.083992,1.000315,1.125401,0.388575,1.187378,1.220062,1.46074,0.641278,0.393331,0.763513,3.0
0.691066,1.000315,0.557381,-0.189291,0.349941,0.926071,1.46074,0.101317,0.025959,0.523215,3.0
-0.880639,0.212472,-2.239028,-0.399425,-0.547313,-1.940339,0.061677,-0.558636,-0.498857,0.523215,2.0
-0.182104,-0.356526,-0.098028,-0.819691,-1.2053,-0.102897,-0.453767,-1.458571,-0.813747,-0.798429,7.0
-0.00747,-0.181449,-0.185416,-0.819691,-1.085666,-0.102897,-0.232863,-1.098597,-0.866229,-0.978653,7.0
0.734724,0.693931,0.863238,-0.084225,0.290124,1.073066,1.018931,0.521286,0.025959,0.282916,4.0
0.472773,0.693931,0.382605,-0.346891,-0.068778,0.63208,1.092566,-0.07867,-0.079004,0.102692,3.0
-2.146735,-2.282363,-2.151641,2.647507,1.187378,-1.719846,-1.85283,1.481217,2.964933,1.184036,2.0
0.8657,0.825239,0.906932,0.598708,1.187378,-0.249892,-0.453767,0.641278,1.128074,1.063887,1.0
0.254481,0.343779,0.207829,0.598708,0.708842,-0.176394,-0.380132,0.941256,0.498294,0.883663,1.0
-0.182104,-0.006373,-0.272803,-1.239957,-0.966032,0.191094,0.429852,-0.198662,-1.076155,-1.038727,7.0
-0.531371,-0.444064,-0.578661,-0.346891,-0.60713,-1.27886,-1.190116,-0.858614,-0.183967,-0.55813,1.0
0.341798,0.693931,0.688462,0.336042,0.529392,-0.470385,-0.748307,0.281304,0.025959,0.823588,1.0
-0.531371,-0.487833,-0.447579,-1.029824,-1.444568,-0.396887,-0.159228,-1.218588,-1.286082,-1.279026,7.0
0.516432,1.044084,0.644768,0.125908,0.050856,0.779075,1.387105,0.041321,0.708221,0.162766,3.0
0.996675,1.044084,0.994319,0.441108,0.708842,0.926071,1.387105,0.401295,0.708221,0.342991,3.0
0.691066,0.825239,0.732156,0.020842,0.349941,0.926071,1.166201,0.341299,-0.341412,0.282916,4.0
-0.182104,0.650162,-0.753436,-0.136758,-0.60713,-0.470385,0.208947,-0.618631,0.025959,-1.038727,5.0
0.385456,0.475086,-0.098028,-0.136758,0.110673,0.117596,0.798026,-0.378649,-0.761265,-0.798429,7.0
0.167164,-0.181449,0.164136,-0.189291,-0.188412,0.485085,0.356217,0.041321,-0.446376,-0.738354,7.0
0.472773,0.518855,0.819544,-0.346891,-0.308046,1.734545,1.092566,0.161312,-0.079004,0.883663,3.0
-0.444054,-0.837985,0.033054,-0.557024,-0.786581,-1.425855,-0.969212,-0.07867,-0.236449,-0.137607,5.0
-0.182104,-0.093911,-0.01064,-0.241825,-0.188412,-1.058367,-0.969212,-0.198662,-0.393894,0.282916,1.0
0.385456,0.475086,0.207829,-0.504491,-0.367863,0.411587,0.503487,-0.618631,-0.761265,-0.377906,4.0
0.647407,0.343779,0.382605,-0.346891,0.17049,0.338089,0.503487,-0.318653,-0.236449,-0.377906,7.0
0.385456,0.650162,0.033054,-0.136758,-0.128595,0.411587,0.798026,-0.138666,-0.183967,-0.137607,7.0
-1.011614,-1.05683,-0.578661,-0.346891,-0.846398,-0.176394,-0.380132,-1.038601,0.235886,-1.038727,5.0
-2.146735,-2.238594,-2.064253,2.227241,1.127561,-1.425855,-1.705561,1.121243,2.230189,1.123962,2.0
-0.662347,0.343779,-0.753436,-1.239957,-1.683835,-0.396887,1.092566,-0.978606,0.025959,-1.699549,5.0
-1.14259,-1.188137,-1.190375,0.178442,-0.128595,-0.470385,-1.190116,-0.138666,-0.131486,-0.678279,5.0
-1.360882,-1.53829,-1.015599,-1.134891,-1.683835,-0.690878,-1.705561,-1.278584,-1.2336,-1.519325,5.0
-0.706005,-0.61914,-0.753436,-1.450091,-1.743652,-0.176394,-0.380132,-1.758549,-1.338564,-1.639474,7.0
-0.749664,-0.706678,-0.709742,-1.555157,-1.624018,-0.470385,-0.453767,-1.638558,-1.443527,-1.819698,7.0
0.647407,0.869008,0.382605,0.230975,0.409758,0.926071,1.387105,0.401295,0.288368,-0.137607,3.0
-1.753808,-1.888442,-2.020559,1.071508,0.290124,-1.352357,-1.484656,0.761269,1.180556,0.282916,2.0
0.385456,0.650162,0.513687,-0.346891,-0.128595,0.999568,0.798026,0.101317,-0.183967,-0.137607,3.0
-0.182104,-0.356526,-0.360191,-0.189291,-0.367863,-1.205362,-1.484656,-0.618631,-0.236449,-0.197682,1.0
0.167164,0.343779,-0.272803,0.125908,0.290124,-1.205362,-0.159228,0.041321,-0.183967,-0.55813,1.0
0.167164,-0.356526,0.164136,-0.609558,-0.60713,1.073066,-0.748307,-0.198662,-0.236449,0.282916,7.0
1.258626,1.21916,1.212789,0.493642,1.127561,1.367057,1.387105,0.821265,0.498294,0.703439,3.0
-2.015759,-2.238594,-1.671008,1.544308,0.589209,-1.940339,-1.926465,0.821265,0.498294,0.523215,2.0
1.258626,1.000315,1.300177,0.388575,1.187378,2.175531,2.049819,0.881261,0.393331,1.063887,3.0
0.8657,0.869008,0.819544,0.125908,0.290124,1.367057,1.387105,0.521286,0.235886,0.403065,3.0
-0.444054,-0.706678,0.164136,-1.187424,-1.025849,0.338089,-0.453767,-1.038601,-1.286082,-0.43798,7.0
2.044478,1.831927,1.911891,0.966441,1.785547,1.661048,1.387105,2.14117,1.023111,2.145231,3.0
0.647407,0.693931,1.212789,0.020842,0.17049,1.440554,1.092566,0.701274,0.130923,0.883663,4.0
0.210823,-0.444064,0.207829,-0.924758,-0.846398,0.411587,-0.085593,-0.138666,-1.128637,-0.55813,4.0
0.822041,0.650162,0.688462,0.020842,0.349941,1.661048,1.681645,0.881261,-0.183967,1.48441,3.0
-0.57503,-0.531602,-0.534967,-1.345024,-1.444568,-0.470385,-0.453767,-1.878541,-1.286082,-1.819698,7.0
0.036189,0.650162,-0.578661,0.020842,0.110673,-0.176394,1.092566,-0.138666,-0.183967,-1.038727,7.0
-0.356737,-0.356526,-0.534967,-1.292491,-1.324934,-0.102897,-0.232863,-1.518567,-0.866229,-1.699549,7.0
0.341798,0.518855,0.251523,0.125908,0.290124,-1.205362,-0.453767,0.041321,0.498294,-0.077532,1.0
-2.365027,-2.369901,-2.151641,2.962707,1.366829,-1.205362,-1.337386,1.121243,3.332304,-0.317831,2.0
-0.444054,-0.356526,-0.360191,-0.189291,-0.367863,-0.984869,-0.895577,-0.138666,-0.498857,-0.43798,1.0
-0.182104,-0.006373,-0.840824,-0.399425,-0.60713,-0.102897,0.356217,-0.618631,-0.446376,-1.218951,7.0
0.734724,0.693931,0.688462,-0.084225,-0.188412,1.073066,1.018931,0.041321,0.025959,0.042617,4.0
-0.269421,-0.181449,0.033054,-0.189291,-0.547313,-0.690878,-1.190116,0.161312,-0.079004,0.342991,1.0
-1.011614,-1.406983,-1.277763,-0.451958,-0.906215,-1.058367,-0.969212,-1.158593,-0.393894,-0.858503,5.0
0.516432,1.000315,0.732156,0.178442,0.349941,0.926071,1.166201,0.641278,0.393331,0.763513,3.0
1.214967,1.044084,1.212789,0.808841,0.94811,-0.176394,-0.380132,1.241235,1.075593,1.184036,1.0
-0.182104,-0.006373,-0.272803,-0.241825,-0.487496,-1.205362,-0.748307,0.041321,0.025959,-0.55813,1.0
-2.27771,-2.151056,-2.282722,2.594974,1.366829,-1.866841,-1.85283,2.021178,2.230189,2.205306,2.0
0.8657,1.000315,0.906932,0.178442,0.349941,1.220062,1.46074,0.641278,0.393331,0.763513,3.0
-0.880639,-0.706678,-1.015599,0.020842,-0.786581,-0.984869,-0.674672,-0.558636,-0.131486,0.042617,5.0
1.258626,1.394236,1.125401,0.808841,0.888293,-0.249892,-0.159228,1.181239,0.603258,1.063887,1.0
0.8657,0.737701,0.688462,-0.189291,0.589209,1.367057,1.239836,0.041321,0.340849,0.282916,4.0
0.341798,0.693931,0.513687,-0.241825,-0.188412,1.073066,1.018931,0.041321,-0.183967,-0.197682,4.0
-1.491858,-0.662909,-2.020559,1.596841,0.94811,-0.470385,1.092566,-0.318653,2.597561,0.102692,2.0
-2.27771,-2.282363,-2.151641,2.962707,1.247195,-1.866841,-1.705561,1.241235,2.755006,1.48441,2.0
0.472773,-0.006373,0.601074,0.230975,0.708842,-0.470385,-1.190116,0.941256,-0.079004,0.883663,1.0
-0.356737,-0.531602,-0.01064,-0.819691,-1.085666,0.117596,0.061677,-0.858614,-0.079004,-0.738354,4.0
0.036189,-0.093911,0.338911,-0.714624,-0.846398,0.411587,0.503487,-1.038601,-0.551339,-0.377906,7.0
0.036189,0.256241,0.207829,-0.714624,-0.367863,0.411587,0.503487,-0.618631,-0.761265,-0.377906,4.0
-0.356737,-1.888442,0.207829,-0.136758,-0.367863,0.411587,-0.895577,-0.378649,2.755006,-0.137607,2.0
-2.146735,-2.369901,-2.151641,2.962707,1.905181,-1.866841,-1.926465,1.901187,3.542231,1.48441,2.0
0.516432,0.343779,1.387565,-0.241825,-0.188412,1.661048,1.092566,0.281304,-0.183967,1.244111,4.0
0.516432,-0.181449,0.906932,-0.189291,0.110673,1.881541,0.061677,0.101317,-1.286082,0.763513,7.0
0.691066,0.518855,0.076748,0.125908,0.290124,0.191094,0.135312,0.041321,-0.183967,-0.317831,4.0
0.56009,0.037396,0.688462,0.493642,1.067744,0.411587,-0.453767,0.761269,0.813184,1.123962,5.0
0.909358,0.869008,1.212789,1.071508,1.366829,-0.176394,-0.159228,1.061248,0.813184,1.424335,1.0
-1.884784,-2.238594,-2.239028,2.227241,0.768659,-1.866841,-1.484656,0.521286,2.964933,1.123962,2.0
1.957161,1.700619,1.038013,1.071508,1.665914,1.367057,1.31347,1.361226,1.180556,1.724709,3.0
-0.706005,-0.093911,-0.491273,-1.450091,-1.803469,-0.470385,-0.159228,-1.578562,-0.551339,-1.759624,7.0
-2.234051,-2.238594,-2.151641,2.647507,1.366829,-1.866841,-2.0001,1.661204,2.964933,1.724709,2.0
-0.356737,-0.268987,-0.578661,-1.082358,-1.265117,-0.470385,-0.085593,-1.518567,-1.128637,-1.639474,7.0
-0.618688,-0.531602,-0.534967,-0.346891,-0.547313,-1.425855,-1.411021,-0.798618,-0.446376,-0.377906,1.0
0.8657,0.825239,0.732156,0.020842,0.649025,0.926071,0.650756,0.341299,0.025959,0.523215,3.0
-0.924298,-0.969292,-0.709742,-1.345024,-1.504385,-0.176394,0.135312,-0.798618,-1.2336,-0.618205,5.0
-1.273565,-1.013061,-1.277763,-0.819691,-0.846398,-0.690878,-0.232863,-1.33858,-0.866229,-1.218951,5.0
0.8657,1.21916,1.125401,0.178442,0.888293,1.220062,1.46074,0.341299,0.235886,0.523215,3.0
0.691066,0.912777,0.863238,0.493642,0.589209,-0.396887,-0.232863,1.121243,0.340849,0.823588,1.0
-0.749664,-0.706678,-0.709742,-1.345024,-1.863286,-0.470385,-0.159228,-1.878541,-1.286082,-1.999923,7.0
0.341798,0.212472,0.164136,-0.189291,-0.128595,0.044099,-0.159228,0.641278,-0.131486,0.282916,4.0
-0.269421,-0.356526,-0.360191,-1.187424,-1.444568,-0.249892,-0.453767,-1.038601,-0.91871,-1.399176,7.0
0.341798,0.037396,0.164136,-0.662091,-0.42768,0.411587,0.429852,-0.438644,-0.971192,-0.197682,4.0
-1.404541,-1.406983,-1.365151,-1.397557,-1.683835,-1.205362,-1.042846,-1.698554,-1.705935,-1.699549,5.0
0.734724,0.037396,1.038013,-0.084225,0.529392,1.073066,0.429852,-0.198662,0.025959,0.282916,3.0
-0.00747,-0.006373,-0.01064,-0.819691,-0.846398,0.485085,0.356217,-0.618631,-0.656302,-0.498055,7.0
1.302284,0.693931,1.212789,0.703775,1.067744,1.734545,1.681645,1.061248,-0.393894,0.823588,3.0
1.214967,1.306698,1.038013,0.703775,1.127561,-0.396887,-0.232863,1.421222,0.708221,1.36426,1.0
1.040333,0.737701,0.863238,0.230975,0.589209,1.073066,1.534375,0.821265,-0.656302,0.823588,4.0
-0.356737,-0.356526,-0.447579,-1.239957,-1.444568,-0.396887,-0.159228,-1.458571,-1.286082,-1.038727,7.0
-0.662347,-0.531602,-0.666048,-0.609558,-1.085666,-1.205362,-1.263751,-0.858614,-0.446376,-0.738354,1.0
0.341798,0.343779,0.164136,-0.084225,0.050856,0.705578,0.429852,-0.438644,-0.183967,-0.197682,4.0
-0.269421,-0.356526,-0.185416,-1.134891,-1.265117,-0.176394,-0.085593,-1.038601,-1.391045,-1.038727,7.0
-2.146735,-2.282363,-2.282722,2.752574,1.905181,-1.866841,-1.926465,1.241235,2.755006,1.48441,2.0
-1.186248,-1.144368,-1.102987,-1.239957,-1.564201,-1.058367,-0.969212,-1.578562,-1.338564,-1.519325,5.0
-0.531371,-0.575371,-0.491273,-1.450091,-1.803469,-0.176394,-0.453767,-1.578562,-1.181119,-1.759624,7.0
-0.749664,-0.181449,-0.534967,-1.187424,-1.863286,-0.470385,-0.159228,-1.458571,-1.286082,-1.158877,4.0
-0.182104,-0.093911,-0.185416,-1.029824,-0.906215,0.117596,-0.159228,-1.158593,-0.551339,-0.858503,4.0
0.385456,0.475086,0.033054,0.230975,0.110673,-0.984869,-0.895577,0.341299,0.235886,0.342991,1.0
0.56009,0.693931,0.513687,-0.084225,0.050856,0.705578,0.724391,0.281304,0.025959,0.042617,3.0
-0.356737,-0.356526,0.076748,-0.819691,-1.2053,0.485085,0.135312,-0.738623,-1.286082,-0.55813,7.0
-0.444054,-1.406983,0.382605,0.020842,0.409758,-1.205362,-1.705561,1.241235,-0.079004,0.342991,2.0
-1.098931,-1.319444,-1.277763,-1.292491,-1.743652,-1.205362,-0.748307,-1.938536,-1.2336,-1.939848,5.0
1.258626,1.000315,0.906932,0.388575,0.888293,1.220062,1.46074,0.641278,0.235886,0.523215,3.0
-0.531371,-0.444064,-0.447579,-1.292491,-1.504385,-0.176394,-0.085593,-1.518567,-1.338564,-1.218951,7.0
-0.094787,-0.181449,-0.185416,-0.767158,-0.786581,-0.176394,-0.380132,-1.278584,-0.446376,-1.279026,7.0
0.734724,0.693931,0.688462,0.125908,0.290124,0.411587,1.018931,0.281304,0.183404,-0.197682,3.0
-1.186248,0.475086,-1.889477,0.020842,-0.846398,-1.499353,-0.085593,-0.378649,-0.341412,-0.137607,2.0
0.734724,1.087853,0.688462,0.125908,0.529392,1.073066,1.976185,1.661204,0.025959,0.282916,3.0
0.8657,0.869008,0.994319,-0.084225,0.290124,1.073066,1.387105,0.821265,-0.183967,0.703439,3.0
1.214967,0.825239,1.081707,0.756308,0.888293,0.117596,-0.085593,1.181239,0.603258,1.184036,1.0
-0.182104,0.343779,-0.01064,-0.609558,-0.367863,1.073066,1.239836,0.581282,-1.023674,0.282916,2.0
-0.531371,-0.881754,-0.491273,-0.662091,-0.666947,-0.176394,-0.748307,0.041321,-0.971192,-1.098802,5.0
-1.14259,-0.881754,-1.015599,-1.345024,-1.444568,-0.984869,-0.674672,-1.638558,-0.708784,-1.5794,5.0
1.258626,1.044084,1.212789,0.703775,1.366829,-0.102897,0.135312,1.121243,0.918148,0.943738,1.0
0.341798,0.518855,0.994319,-0.241825,-0.188412,1.661048,1.092566,-0.198662,-0.183967,1.244111,4.0
0.8657,0.562624,0.688462,0.230975,0.828476,1.367057,1.534375,0.581282,-0.866229,1.123962,3.0
-1.273565,-1.275675,-0.928212,-1.607691,-1.923103,-0.396887,-1.042846,-1.938536,-1.705935,-1.699549,5.0
-2.27771,-0.837985,-2.282722,2.384841,0.94811,-1.646348,-0.674672,0.401295,1.652891,0.342991,2.0
1.040333,1.044084,0.819544,0.493642,0.828476,1.661048,1.387105,1.361226,0.498294,0.703439,3.0
-1.535516,-0.006373,-2.151641,1.334175,0.290124,-0.690878,0.061677,0.041321,1.285519,0.282916,2.0
0.341798,0.168703,0.338911,-0.609558,-0.367863,0.485085,0.650756,-0.198662,-0.656302,-0.197682,4.0
0.691066,1.131622,0.164136,0.230975,0.589209,-0.396887,-0.232863,0.821265,0.498294,0.042617,1.0
1.040333,0.912777,1.038013,0.020842,0.290124,1.367057,0.650756,0.581282,-0.079004,1.123962,4.0
-0.182104,-0.444064,-0.272803,-1.082358,-1.265117,0.117596,-0.085593,-1.278584,-1.128637,-1.218951,7.0
-0.182104,-0.093911,0.164136,-1.239957,-1.145483,-0.176394,0.135312,-0.91861,-0.971192,-1.098802,7.0
-0.00747,-0.006373,0.469993,-0.451958,-0.487496,1.073066,0.429852,0.041321,-0.813747,0.162766,7.0
1.040333,1.044084,1.212789,0.125908,0.529392,1.367057,1.092566,0.521286,-0.183967,0.703439,3.0
-2.146735,-2.282363,-2.151641,2.752574,1.54628,-1.866841,-1.926465,1.541213,2.020263,1.48441,2.0
-0.487713,-0.531602,-0.534967,-1.502624,-1.504385,-0.690878,-0.453767,-1.758549,-1.2336,-1.45925,7.0
0.210823,0.037396,0.164136,0.020842,0.110673,-0.470385,-0.159228,0.101317,-0.131486,0.042617,1.0
-0.269421,-0.181449,-0.185416,-0.977291,-1.025849,0.338089,0.650756,-0.798618,-0.708784,-0.678279,7.0
0.691066,0.693931,0.251523,-0.241825,0.290124,0.485085,0.429852,0.281304,0.025959,0.162766,3.0
0.516432,0.562624,0.164136,-0.189291,0.050856,0.779075,0.945296,0.041321,-0.236449,-0.197682,4.0
1.214967,1.262929,0.994319,0.808841,1.54628,0.044099,-0.085593,1.541213,1.075593,1.48441,1.0
0.516432,0.343779,0.251523,0.283508,0.529392,0.485085,0.429852,0.041321,0.235886,-0.077532,4.0
0.603749,1.21916,0.033054,-0.136758,0.110673,-0.470385,-0.085593,-0.618631,1.023111,-0.798429,1.0
0.079847,0.343779,0.382605,0.230975,0.708842,-0.470385,-0.674672,0.701274,0.498294,0.643364,5.0
1.258626,1.394236,1.300177,0.598708,1.187378,1.881541,2.049819,1.181239,0.603258,1.063887,3.0
0.8657,0.562624,1.038013,0.020842,0.290124,1.367057,0.945296,0.281304,-0.079004,0.823588,4.0
-0.531371,-0.575371,-0.491273,-0.872224,-1.145483,-0.176394,-0.453767,-0.91861,-0.761265,-1.098802,5.0
1.040333,1.21916,0.819544,0.703775,1.127561,-0.396887,-0.159228,1.361226,0.708221,1.544484,1.0
0.079847,-0.006373,0.033054,-0.189291,0.17049,-1.205362,-0.969212,-0.07867,-0.079004,0.342991,1.0
-0.356737,-0.181449,-0.272803,-1.029824,-1.2053,-0.102897,0.135312,-0.978606,-1.076155,-1.519325,7.0
-0.182104,-0.093911,0.207829,-0.504491,-0.60713,0.705578,-0.085593,-0.378649,-0.761265,0.102692,7.0
0.516432,0.912777,0.513687,-0.189291,0.050856,0.779075,1.239836,0.281304,-0.079004,-0.197682,3.0
1.214967,1.262929,0.994319,0.598708,0.94811,0.044099,0.503487,0.941256,0.708221,0.883663,1.0
1.12765,0.869008,1.038013,0.493642,1.366829,1.073066,-0.453767,1.061248,0.813184,1.123962,1.0
1.302284,1.087853,0.688462,0.703775,1.366829,0.117596,-0.159228,1.661204,0.393331,1.123962,1.0
1.214967,1.306698,1.256483,0.493642,1.127561,1.661048,1.534375,1.121243,0.708221,1.123962,3.0
-0.182104,-0.181449,-0.360191,-1.292491,-1.324934,-0.102897,0.650756,-1.098597,-1.023674,-0.978653,7.0
0.036189,0.037396,-0.01064,-0.399425,-0.367863,0.63208,0.356217,-0.138666,-0.708784,-0.678279,7.0
1.040333,1.306698,0.688462,0.703775,1.426646,0.117596,0.356217,1.7212,0.918148,0.823588,1.0
0.472773,0.693931,0.819544,-0.189291,0.17049,1.146564,1.092566,0.401295,-0.079004,0.342991,3.0
-0.356737,-0.444064,-0.491273,-1.239957,-1.384751,-0.176394,-0.159228,-1.398575,-1.181119,-1.339101,7.0
1.214967,1.044084,0.994319,0.230975,0.94811,1.146564,1.387105,0.941256,0.130923,0.643364,3.0
1.389601,1.438005,1.387565,0.808841,1.247195,0.044099,-0.085593,0.941256,0.865666,0.883663,1.0
-0.531371,-0.444064,-0.753436,-0.504491,-0.846398,-1.499353,-1.190116,-0.618631,-0.183967,-0.798429,1.0
-0.00747,0.518855,-1.408844,-0.451958,-0.188412,0.117596,0.724391,-0.438644,-0.183967,-0.377906,2.0
0.691066,0.212472,0.338911,0.178442,0.649025,0.044099,0.061677,1.181239,-0.131486,0.763513,5.0
-0.182104,-0.356526,-0.534967,-0.609558,-0.367863,0.117596,-0.232863,-0.618631,-0.446376,-0.738354,7.0
-0.531371,-0.61914,-0.578661,-0.504491,-0.846398,-1.27886,-1.411021,-1.038601,-0.341412,-1.038727,1.0
0.909358,1.087853,1.038013,0.336042,0.768659,1.734545,1.681645,0.761269,0.183404,0.583289,3.0
0.254481,0.168703,0.207829,-0.346891,-0.308046,-0.176394,0.135312,-0.558636,-0.446376,-0.618205,7.0
-0.182104,-0.444064,0.338911,-0.714624,-0.60713,0.411587,-0.085593,-0.858614,-0.761265,-0.798429,7.0
0.472773,1.044084,-0.185416,0.020842,0.17049,0.338089,1.387105,0.701274,0.288368,-0.137607,3.0
-0.356737,-0.093911,-0.447579,-0.504491,-1.025849,-0.984869,-0.674672,-0.378649,-0.341412,-0.137607,1.0
-0.880639,-2.151056,-0.098028,0.388575,-0.128595,0.411587,-1.411021,-0.378649,2.755006,-0.377906,2.0
1.43326,1.438005,1.212789,0.703775,1.366829,2.028536,1.75528,1.361226,0.498294,0.943738,3.0
-0.444054,-1.013061,-0.185416,-0.977291,-1.2053,-0.249892,-0.453767,-1.458571,-0.91871,-1.158877,7.0
0.167164,0.037396,0.338911,0.125908,0.050856,-1.058367,-0.969212,0.521286,0.183404,0.282916,1.0
-0.269421,-0.356526,0.033054,-0.557024,-0.547313,0.338089,0.135312,-1.038601,-0.446376,-0.858503,7.0
-0.706005,-0.750447,-0.447579,-0.714624,-0.846398,-1.27886,-1.190116,-0.858614,-0.341412,-0.377906,1.0
0.341798,0.562624,0.513687,-0.399425,0.290124,0.779075,0.650756,0.581282,-0.236449,0.282916,7.0
0.909358,1.087853,1.212789,0.125908,0.529392,2.028536,1.681645,0.761269,0.393331,1.123962,3.0
0.8657,0.737701,0.688462,0.703775,0.828476,-0.690878,-0.232863,0.821265,0.708221,0.523215,1.0
-0.356737,-0.181449,-0.272803,-1.029824,-1.2053,-0.102897,0.135312,-0.978606,-1.286082,-1.038727,7.0
1.258626,1.21916,1.300177,0.598708,0.888293,1.881541,1.75528,0.641278,0.235886,0.763513,3.0
-1.011614,-1.144368,-0.491273,0.125908,-0.666947,-0.176394,-0.748307,-0.678627,0.183404,-1.339101,5.0
-0.00747,-0.356526,0.076748,-0.819691,-0.726764,0.191094,0.135312,-0.738623,-1.076155,-0.55813,4.0
1.214967,0.825239,1.081707,0.230975,0.649025,1.661048,1.387105,0.881261,0.445813,0.883663,3.0
0.996675,1.21916,0.688462,0.230975,0.888293,1.293559,1.387105,0.881261,0.445813,-0.137607,3.0
-0.444054,-0.356526,-0.360191,-1.187424,-1.444568,-0.249892,0.061677,-1.038601,-1.443527,-1.158877,7.0
-0.706005,-0.750447,-0.447579,-0.924758,-1.265117,-0.984869,-0.895577,-1.278584,-0.761265,-1.45925,7.0
0.341798,0.168703,0.338911,-0.399425,-0.188412,0.779075,0.356217,-0.198662,-0.656302,-0.197682,4.0
-1.273565,-1.319444,-1.496232,-0.557024,-0.547313,-0.984869,-1.411021,-1.038601,-0.708784,-0.918578,5.0
-0.182104,-0.356526,0.469993,-0.662091,-0.726764,0.779075,0.429852,-0.49864,-0.813747,0.162766,7.0
-1.753808,-0.575371,-2.37011,2.069641,0.768659,-1.352357,-0.159228,1.061248,1.180556,0.823588,2.0
1.214967,1.438005,1.387565,0.598708,0.94811,2.028536,2.049819,1.241235,0.708221,1.184036,3.0
0.603749,0.650162,0.688462,0.388575,0.888293,-0.470385,-0.674672,0.341299,0.813184,0.342991,1.0
0.516432,0.562624,0.688462,-0.399425,-0.188412,1.367057,1.534375,0.281304,-0.236449,0.523215,4.0
-0.356737,-0.356526,-0.185416,-0.189291,-0.188412,-1.205362,-0.969212,-0.378649,-0.446376,-1.218951,1.0
0.56009,0.212472,0.338911,0.493642,0.529392,-0.176394,-0.748307,0.521286,0.183404,0.583289,1.0
0.079847,0.343779,0.207829,-0.557024,-0.547313,0.926071,0.798026,-0.07867,-0.446376,-0.137607,4.0
0.036189,0.212472,0.164136,-0.767158,-0.547313,0.338089,0.945296,-0.378649,-0.708784,-0.43798,4.0
0.691066,0.912777,0.688462,0.493642,0.589209,1.073066,1.534375,0.581282,0.340849,0.823588,3.0
0.341798,0.387548,-0.01064,0.598708,0.649025,0.044099,0.356217,1.181239,0.760703,0.763513,5.0
-1.229907,-0.837985,-0.884518,0.441108,-0.068778,-1.646348,-0.969212,-0.07867,-0.079004,0.883663,2.0
0.996675,1.044084,0.994319,0.598708,1.247195,-0.470385,-0.380132,0.941256,0.708221,0.883663,1.0
0.472773,0.693931,0.382605,0.230975,0.409758,1.146564,0.503487,0.161312,0.288368,0.883663,3.0
1.214967,1.044084,1.212789,0.441108,0.94811,1.734545,1.387105,0.941256,0.288368,1.184036,3.0
-0.487713,-0.356526,-0.360191,-1.292491,-1.504385,-0.396887,-0.453767,-1.518567,-1.2336,-1.45925,7.0
0.647407,-0.006373,0.819544,0.230975,0.708842,0.044099,-0.674672,0.701274,-0.079004,0.883663,1.0
-1.404541,-1.494521,-1.539926,-1.502624,-1.743652,-0.984869,-0.969212,-1.938536,-1.600972,-1.939848,5.0
0.691066,1.131622,0.338911,0.020842,0.589209,-0.102897,0.356217,1.121243,0.130923,0.823588,1.0
0.909358,1.087853,0.863238,0.703775,0.768659,0.117596,0.429852,0.761269,0.813184,0.823588,1.0
-1.317224,-1.406983,-1.277763,-0.241825,-0.906215,-1.058367,-1.263751,-0.91861,-0.551339,-1.098802,5.0
-0.00747,-0.268987,-0.360191,-1.029824,-1.145483,-0.176394,-0.159228,-0.91861,-0.971192,-1.098802,7.0
0.341798,0.343779,-0.360191,-0.399425,-0.188412,0.485085,0.356217,-0.198662,-0.236449,-0.197682,4.0
-0.182104,-0.268987,-1.277763,-0.662091,-0.42768,0.117596,0.135312,-1.158593,-0.551339,-0.858503,4.0
-0.356737,-0.444064,-0.360191,-0.241825,-0.666947,-1.352357,-0.969212,-0.438644,-0.551339,-0.377906,1.0
0.341798,-0.181449,0.513687,-0.399425,-0.367863,0.779075,-0.232863,-0.618631,-0.236449,-0.498055,4.0
-0.269421,-0.181449,-0.185416,-0.767158,-1.025849,0.044099,0.356217,-1.458571,-0.91871,-1.399176,7.0
0.909358,0.869008,1.038013,0.336042,0.768659,1.367057,1.31347,1.061248,0.603258,0.823588,3.0
0.079847,-0.006373,0.033054,-0.767158,-0.786581,0.044099,0.135312,-0.798618,-0.656302,-0.618205,7.0
0.996675,1.044084,1.212789,0.230975,0.708842,1.440554,1.681645,0.941256,0.288368,0.342991,3.0
1.214967,1.21916,1.256483,0.598708,1.486463,-0.176394,0.208947,1.181239,0.603258,1.184036,1.0
-0.00747,0.168703,-0.534967,0.020842,0.050856,-1.425855,-1.263751,0.281304,0.130923,-0.197682,1.0
-0.00747,-0.093911,-0.185416,0.125908,-0.188412,-1.352357,-1.484656,0.041321,0.025959,-0.197682,1.0
0.691066,1.525543,-0.360191,-0.189291,0.290124,1.073066,1.239836,1.421222,0.498294,0.523215,3.0
-0.531371,-0.268987,-0.753436,-1.082358,-1.504385,-0.470385,-0.085593,-1.518567,-0.91871,-1.879773,7.0
1.389601,1.831927,0.863238,0.966441,1.486463,1.293559,1.387105,1.481217,1.390483,0.883663,3.0
0.8657,1.000315,0.906932,0.178442,0.649025,1.220062,1.166201,0.641278,0.393331,0.282916,3.0
0.691066,0.606393,0.906932,0.020842,0.649025,1.220062,1.166201,0.341299,0.025959,0.523215,3.0
-0.182104,-0.531602,0.513687,-0.189291,-0.60713,-0.396887,-1.263751,-0.858614,-0.446376,0.042617,1.0
-0.356737,-0.61914,-0.272803,-0.714624,-1.025849,0.117596,-0.085593,-0.858614,-0.551339,-1.038727,7.0
0.691066,0.869008,0.819544,-0.241825,0.290124,1.073066,1.092566,0.821265,-0.183967,0.703439,3.0
0.167164,0.212472,-0.185416,-0.241825,-0.42768,0.411587,-0.159228,0.281304,-0.551339,-0.377906,4.0
-0.00747,0.037396,-0.01064,-0.662091,-0.666947,0.411587,0.429852,-0.678627,-0.551339,-0.858503,7.0
0.036189,0.037396,-0.360191,0.020842,-0.367863,-0.984869,-0.895577,-0.138666,-0.131486,-0.678279,1.0
1.214967,1.044084,1.212789,0.598708,1.247195,-0.470385,-0.380132,1.241235,0.708221,1.184036,1.0
-2.146735,-1.800904,-2.282722,2.752574,1.366829,-1.646348,-1.558291,0.821265,1.757854,0.943738,2.0
-0.182104,0.037396,-0.666048,-0.241825,-0.188412,-0.176394,1.018931,-0.678627,-0.183967,-0.377906,7.0
-1.186248,-0.881754,-1.277763,-1.450091,-1.384751,-0.470385,0.429852,-0.91861,-0.551339,-1.519325,5.0
0.909358,0.343779,0.863238,0.703775,0.529392,-0.470385,-0.159228,0.761269,0.025959,1.123962,1.0
1.302284,1.262929,1.212789,0.703775,1.067744,0.705578,0.429852,0.521286,0.813184,1.424335,1.0
-0.356737,-0.356526,-0.098028,-0.451958,-0.726764,0.485085,0.724391,0.041321,-0.183967,-0.798429,5.0
-0.531371,-0.969292,0.644768,-1.239957,-1.444568,1.661048,0.429852,-0.49864,-2.80805,0.703439,5.0
-1.884784,-2.238594,-1.671008,0.336042,-0.188412,-1.352357,-2.0001,1.061248,-0.551339,-0.858503,2.0
0.516432,0.518855,0.251523,-0.451958,0.050856,0.779075,1.092566,0.041321,-0.393894,-0.317831,4.0
-0.444054,-0.006373,-0.360191,-0.924758,-1.504385,-0.176394,-0.085593,-1.278584,-0.813747,-1.038727,4.0
0.167164,0.168703,0.164136,-0.819691,-0.60713,0.485085,0.356217,-0.378649,-0.866229,-0.498055,4.0
-1.404541,-1.494521,-1.277763,-0.819691,-1.324934,-0.984869,-0.969212,-1.758549,-1.023674,-1.218951,5.0
-0.356737,-0.268987,0.164136,-1.029824,-1.384751,0.117596,-0.159228,-1.398575,-0.761265,-0.858503,7.0
-1.186248,-1.406983,-1.277763,-1.450091,-1.384751,-1.058367,-0.969212,-1.578562,-1.181119,-1.939848,5.0
-0.269421,-0.531602,-0.185416,-0.977291,-1.025849,-0.249892,-0.159228,-1.038601,-0.341412,-0.918578,7.0
-0.356737,-0.706678,-0.534967,-0.819691,-1.324934,-0.396887,-0.232863,-1.518567,-1.023674,-1.218951,7.0
-0.356737,-0.181449,-0.185416,-1.082358,-0.846398,-0.102897,0.061677,-0.858614,-0.866229,-0.738354,4.0
-0.356737,-0.356526,-0.447579,-1.239957,-0.966032,-0.102897,0.135312,-0.978606,-1.496009,-1.038727,7.0
-0.356737,-0.268987,-0.578661,0.020842,0.110673,-0.470385,-0.380132,0.101317,-0.341412,-0.137607,5.0
-0.356737,-0.093911,-0.491273,-0.872224,-1.384751,0.117596,0.135312,-0.678627,-0.761265,-1.098802,7.0
1.476918,1.21916,1.125401,0.598708,1.187378,1.514052,1.46074,1.481217,-0.131486,1.063887,3.0
0.036189,0.212472,-0.01064,-0.557024,-0.786581,0.044099,0.061677,-0.558636,-0.498857,-1.158877,4.0
-1.491858,-0.750447,-2.020559,0.913908,0.529392,-1.352357,-0.748307,1.361226,-1.338564,0.583289,2.0
1.476918,1.613081,1.518646,0.598708,1.187378,1.514052,2.049819,1.841192,0.603258,1.664634,3.0
-0.487713,-0.531602,-0.534967,-0.819691,-1.324934,-0.102897,-0.232863,-1.098597,-0.866229,-0.978653,5.0
-0.269421,0.037396,-0.01064,-1.187424,-0.786581,0.338089,-0.159228,-1.218588,-0.498857,-0.678279,7.0
-0.269421,-0.356526,-0.360191,-0.924758,-1.504385,-0.470385,0.135312,-1.518567,-1.2336,-1.759624,7.0
-0.924298,-0.531602,-1.015599,0.020842,-0.786581,-0.911371,-0.380132,-0.558636,-0.079004,-0.377906,5.0
0.167164,0.737701,-0.840824,0.020842,0.050856,-0.690878,-0.453767,0.581282,0.340849,0.523215,1.0
0.647407,0.869008,0.382605,0.020842,0.409758,0.044099,0.503487,-0.07867,0.288368,-0.618205,3.0
-1.098931,-1.013061,-0.971906,0.230975,-0.188412,-1.425855,-0.748307,0.041321,-0.079004,-0.197682,5.0
0.472773,0.518855,0.382605,-0.346891,-0.308046,0.63208,0.798026,-0.318653,-0.656302,-0.137607,4.0
0.909358,1.262929,0.863238,0.125908,0.529392,1.073066,1.31347,0.521286,0.025959,0.282916,3.0
-0.00747,-0.444064,-0.01064,-0.084225,0.050856,-0.764376,-1.484656,0.281304,-0.393894,0.282916,1.0
0.341798,0.343779,0.469993,-0.451958,0.290124,0.485085,0.429852,0.281304,-0.603821,-0.077532,4.0
-0.618688,-0.356526,-0.709742,-1.345024,-1.683835,0.044099,0.135312,-0.318653,-1.391045,-1.519325,5.0
-2.146735,-2.019749,-2.239028,2.332307,1.187378,-1.499353,-1.85283,1.181239,2.440116,1.664634,2.0
-0.749664,-0.706678,-1.496232,-0.977291,-1.2053,-1.499353,-0.159228,-0.138666,-1.653454,1.36426,7.0
-0.662347,-0.837985,-2.020559,-0.241825,-0.487496,-1.425855,-1.558291,0.041321,-0.813747,0.403065,2.0
1.214967,1.21916,1.256483,0.598708,1.187378,-0.176394,-0.085593,1.181239,0.813184,1.48441,1.0
1.258626,1.21916,1.212789,0.861375,1.366829,-0.102897,0.135312,1.361226,0.918148,0.943738,1.0
-0.444054,-0.356526,-0.534967,0.178442,-0.128595,-0.249892,0.061677,0.341299,0.025959,-0.197682,5.0
-2.452344,-2.369901,-2.37011,3.33044,2.084632,-1.940339,-1.263751,1.7212,3.594712,1.36426,2.0
0.734724,0.518855,1.038013,-0.084225,0.290124,1.367057,1.018931,0.521286,0.183404,0.583289,3.0
1.258626,0.869008,0.994319,0.125908,0.828476,1.367057,1.387105,1.361226,0.025959,0.703439,3.0
-2.146735,-2.063518,-2.151641,2.174707,0.94811,-1.866841,-1.705561,1.241235,2.230189,0.883663,2.0
0.516432,0.387548,0.338911,-0.189291,0.349941,0.63208,0.650756,-0.138666,-0.341412,-0.43798,7.0
-0.967956,-1.013061,-1.146681,0.230975,0.050856,-1.425855,-0.748307,0.041321,0.340849,0.282916,5.0
-2.365027,-2.238594,-2.239028,2.069641,0.768659,-1.866841,-1.705561,0.281304,2.335153,0.282916,2.0
1.214967,1.525543,1.256483,0.493642,0.828476,1.367057,1.90255,0.821265,0.708221,0.823588,3.0
0.210823,0.256241,-0.578661,0.756308,0.649025,-0.176394,-0.085593,0.881261,1.600409,0.883663,1.0
1.43326,1.21916,1.387565,0.861375,1.725731,0.191094,0.135312,1.361226,0.708221,1.244111,1.0
1.43326,1.438005,1.212789,0.703775,1.366829,2.028536,2.049819,1.121243,0.708221,1.244111,3.0
0.822041,0.693931,0.994319,0.230975,0.17049,1.146564,0.135312,0.161312,0.288368,0.342991,3.0
1.214967,1.306698,1.431258,0.703775,1.426646,-0.396887,-0.232863,1.7212,0.918148,1.36426,1.0
-0.182104,-0.181449,-0.272803,-0.662091,-0.726764,-0.102897,0.429852,-0.738623,-0.813747,-1.038727,7.0
1.12765,1.087853,1.038013,0.913908,1.366829,-0.470385,-0.159228,1.061248,0.603258,1.424335,1.0
1.302284,1.262929,1.212789,0.703775,1.366829,0.117596,-0.159228,0.521286,0.813184,0.823588,1.0
1.040333,-0.181449,1.431258,0.493642,0.828476,1.661048,-0.453767,0.581282,0.130923,1.36426,4.0
-1.535516,-1.406983,-1.234069,-1.397557,-1.923103,-1.205362,-1.042846,-1.938536,-1.496009,-1.699549,5.0
-0.618688,-0.531602,-0.709742,-1.502624,-1.265117,-0.470385,-0.380132,-1.698554,-1.391045,-1.759624,7.0
0.603749,0.475086,0.207829,0.020842,0.349941,0.117596,0.503487,-0.138666,-0.761265,-0.55813,7.0
1.43326,1.306698,1.256483,0.913908,1.426646,0.485085,0.650756,1.421222,0.708221,1.36426,1.0
-0.531371,-0.487833,-0.622354,-1.239957,-1.683835,-0.396887,-0.159228,-1.938536,-1.496009,-1.519325,7.0
0.516432,0.518855,0.251523,0.703775,1.127561,0.485085,0.429852,1.361226,0.708221,0.943738,5.0
-0.00747,-0.006373,0.513687,-0.819691,-0.846398,1.073066,0.650756,-0.198662,-0.866229,0.282916,7.0
-0.444054,-0.356526,-0.185416,-1.345024,-1.265117,-0.176394,0.135312,-1.518567,-1.2336,-1.279026,7.0
1.258626,1.394236,0.906932,0.598708,1.187378,1.220062,1.46074,0.881261,0.760703,0.523215,3.0
1.083992,1.000315,0.732156,0.808841,1.486463,-0.249892,0.061677,0.881261,0.393331,1.36426,1.0
-2.146735,-2.019749,-2.239028,1.281641,0.290124,-2.087334,-1.705561,0.041321,0.970629,0.282916,2.0
0.8657,0.869008,0.994319,0.125908,0.529392,1.661048,1.387105,1.121243,0.235886,0.403065,3.0
-0.00747,-0.006373,-0.185416,-0.819691,-0.846398,0.117596,0.356217,-1.098597,-0.866229,-1.45925,7.0
-0.356737,-0.487833,-1.234069,-1.029824,-0.966032,-0.911371,-0.159228,-0.978606,-1.496009,-0.077532,7.0
-1.884784,-1.05683,-1.277763,2.069641,0.349941,-0.984869,-0.674672,0.641278,2.387634,0.643364,2.0
1.12765,1.087853,1.212789,0.913908,1.366829,0.117596,-0.453767,1.061248,0.813184,1.123962,1.0
1.520577,1.262929,1.431258,0.913908,1.665914,2.028536,1.976185,1.361226,0.183404,1.424335,3.0
-1.666492,-0.181449,-1.539926,2.227241,0.828476,-0.984869,-0.232863,0.581282,2.072744,0.042617,2.0
-0.269421,-0.181449,-0.360191,-1.134891,-1.265117,-0.176394,-0.085593,-1.518567,-1.2336,-1.279026,7.0
-1.884784,-2.019749,-1.802089,-0.136758,-1.025849,-1.499353,-1.631926,-0.378649,0.235886,-1.038727,2.0
0.516432,0.869008,-0.753436,0.125908,0.050856,-0.396887,1.092566,0.041321,0.498294,-1.279026,7.0
-0.487713,-0.881754,-0.185416,-1.292491,-1.504385,0.485085,-0.748307,-1.518567,-1.443527,-0.738354,7.0
-2.015759,-2.238594,-2.282722,2.227241,1.426646,-1.940339,-1.705561,1.7212,2.230189,1.724709,2.0
-0.00747,-0.356526,0.688462,0.020842,-0.188412,-0.396887,-0.969212,-0.198662,-0.079004,0.823588,1.0
0.996675,0.825239,0.863238,0.598708,0.888293,1.955038,1.681645,1.481217,0.025959,1.184036,3.0
0.996675,0.869008,1.212789,0.808841,0.94811,-0.690878,-0.969212,0.401295,0.708221,1.184036,1.0
0.909358,1.087853,1.212789,0.493642,1.067744,1.734545,1.31347,0.761269,0.393331,1.123962,3.0
0.079847,-0.006373,0.207829,0.020842,-0.068778,-1.205362,-0.674672,-0.558636,0.130923,-0.137607,1.0
-2.452344,-2.326133,-2.239028,2.437374,1.067744,-2.087334,-2.0001,1.361226,2.335153,1.424335,2.0
-1.666492,-1.625828,-1.277763,-1.502624,-1.743652,-1.205362,-0.969212,-1.758549,-1.443527,-1.939848,5.0
0.996675,1.044084,0.601074,0.230975,0.409758,1.146564,1.387105,0.401295,0.288368,0.102692,3.0
0.341798,0.343779,0.513687,0.020842,0.050856,0.117596,0.061677,0.041321,-0.079004,0.042617,4.0
1.214967,1.044084,0.994319,1.018975,1.905181,-0.176394,-0.085593,1.241235,0.865666,1.48441,1.0
-0.662347,-0.181449,-0.666048,-0.189291,-0.846398,-0.396887,0.061677,-0.618631,-0.236449,-0.738354,5.0
1.302284,1.262929,1.212789,0.703775,1.665914,-0.176394,-0.159228,1.361226,0.813184,1.123962,1.0
-1.14259,-0.837985,-1.234069,-0.819691,-1.444568,-0.911371,-0.748307,-1.458571,-0.813747,-1.279026,5.0
-0.487713,-0.706678,-0.185416,-0.399425,-0.846398,-0.984869,-1.263751,-0.378649,-0.446376,-0.498055,1.0
0.691066,1.21916,0.906932,0.178442,0.649025,0.926071,0.945296,0.641278,0.603258,0.763513,3.0
-0.00747,-0.181449,-0.098028,-0.084225,0.050856,-1.205362,-1.337386,0.521286,-0.393894,0.403065,1.0
0.734724,0.693931,0.688462,-0.084225,0.290124,1.073066,1.018931,0.281304,0.025959,0.282916,3.0
0.472773,0.168703,0.382605,-0.189291,0.17049,0.926071,1.092566,0.161312,-0.656302,-0.377906,7.0
-0.182104,-0.881754,0.338911,-0.819691,-0.846398,0.485085,-0.232863,-0.378649,-1.600972,-0.498055,7.0
-0.269421,-0.662909,0.033054,-0.189291,-0.068778,0.338089,-0.380132,0.701274,-0.079004,0.643364,7.0
1.083992,1.21916,1.125401,0.808841,1.486463,-0.249892,-0.159228,0.881261,0.760703,0.763513,1.0
0.8657,1.044084,0.819544,0.125908,0.529392,1.661048,1.387105,0.821265,0.498294,0.703439,3.0
1.040333,1.131622,1.038013,0.230975,0.828476,1.661048,1.534375,1.121243,0.130923,1.123962,3.0
-0.531371,-0.356526,-0.622354,-1.397557,-1.683835,-0.396887,-0.159228,-1.698554,-1.286082,-1.279026,7.0
0.603749,0.081165,0.863238,0.230975,0.888293,-0.764376,-0.895577,0.641278,0.235886,1.184036,1.0
0.341798,0.343779,-0.185416,0.336042,0.529392,-0.764376,-0.748307,0.281304,0.025959,0.042617,1.0
-0.356737,-0.093911,-0.753436,-0.136758,-0.128595,-0.764376,-0.674672,0.101317,-0.183967,0.342991,5.0
-0.00747,-0.006373,0.513687,0.020842,0.290124,-0.690878,-1.263751,0.041321,-0.236449,0.823588,1.0
1.214967,1.262929,0.994319,0.808841,0.708842,-0.176394,0.135312,1.241235,0.708221,0.883663,1.0
0.167164,0.518855,0.469993,-0.451958,-0.188412,1.367057,0.724391,-0.198662,-0.393894,0.703439,4.0
0.691066,0.693931,0.644768,0.493642,0.529392,-0.690878,-0.453767,0.041321,0.708221,0.162766,1.0
0.036189,0.037396,-0.01064,-0.399425,-0.547313,0.044099,0.061677,-0.558636,-0.341412,-1.158877,7.0
-1.404541,-1.625828,-1.408844,-1.502624,-1.923103,-0.984869,-1.263751,-1.518567,-1.2336,-1.699549,5.0
-2.365027,-2.238594,-2.37011,2.594974,0.828476,-1.866841,-2.073735,0.281304,2.440116,0.703439,2.0
0.341798,0.518855,0.076748,-0.084225,-0.188412,0.191094,0.429852,0.041321,-0.393894,-0.798429,4.0
-0.356737,-0.093911,-0.753436,-0.924758,-1.265117,0.117596,0.208947,-1.278584,-0.551339,-1.218951,4.0
0.691066,0.562624,0.513687,-0.189291,0.050856,1.367057,0.945296,0.281304,-0.079004,0.523215,4.0
1.651552,1.525543,1.431258,0.703775,1.426646,2.028536,2.197089,1.121243,0.918148,1.123962,3.0
0.167164,-0.006373,0.164136,-0.819691,-0.60713,0.485085,0.650756,-0.378649,-0.866229,-0.498055,4.0
-0.094787,0.168703,0.207829,-0.189291,-0.547313,-1.425855,-0.969212,-0.318653,-0.079004,-0.377906,1.0
-1.098931,-0.356526,-1.277763,-0.399425,-0.846398,-0.984869,0.061677,-0.378649,-0.236449,-0.738354,5.0
-0.487713,-0.181449,-0.360191,-0.609558,-0.846398,-0.102897,0.061677,-0.198662,-0.656302,0.282916,1.0
-0.356737,-0.268987,-0.753436,-1.082358,-1.504385,-0.470385,0.208947,-1.038601,-1.338564,-1.639474,7.0
0.079847,0.168703,0.207829,-0.767158,-0.547313,0.926071,0.503487,0.161312,-0.236449,0.342991,7.0
1.12765,1.262929,1.038013,0.336042,0.768659,1.367057,1.018931,0.521286,0.393331,0.583289,4.0
-0.356737,-0.268987,-0.447579,-1.082358,-1.265117,-0.176394,-0.085593,-1.038601,-1.128637,-1.218951,7.0
-0.094787,-0.181449,-0.534967,-0.924758,-0.308046,0.044099,0.135312,-0.558636,-1.023674,-1.038727,7.0
-0.182104,-0.268987,0.207829,-0.924758,-1.025849,0.117596,0.503487,-0.858614,-1.338564,-1.038727,7.0
-1.491858,-2.282363,-1.539926,-0.504491,-1.265117,-0.984869,-1.85283,-1.278584,1.023111,-1.639474,5.0
-0.182104,-0.268987,0.164136,-1.029824,-0.906215,0.117596,0.135312,-0.91861,-0.971192,-0.858503,7.0
-1.404541,-1.494521,-1.190375,-1.187424,-1.624018,-0.984869,-1.190116,-2.058528,-1.076155,-1.5794,5.0
-0.269421,-0.181449,-0.01064,-0.977291,-0.786581,-0.249892,-0.159228,-1.038601,-0.91871,-1.158877,7.0
0.822041,1.000315,0.688462,0.020842,0.649025,0.705578,1.681645,0.641278,0.235886,-0.137607,3.0
-0.356737,-0.093911,-0.185416,-0.872224,-0.666947,0.117596,0.724391,-0.91861,-0.971192,-0.858503,7.0
-0.356737,-0.181449,-0.360191,-0.189291,-0.367863,-1.425855,-0.969212,-0.858614,-0.236449,-0.498055,1.0
0.036189,0.256241,0.338911,-0.346891,-0.128595,0.705578,0.503487,0.101317,-0.183967,-0.137607,4.0
-2.015759,0.168703,-1.146681,1.124041,0.050856,-0.690878,0.061677,0.041321,0.918148,-0.978653,2.0
-1.404541,-1.275675,-1.496232,-1.607691,-1.923103,-0.911371,-1.042846,-2.178519,-1.286082,-2.120072,5.0
1.040333,0.869008,0.994319,0.703775,0.828476,1.367057,1.387105,0.521286,0.918148,0.703439,3.0
0.8657,0.912777,1.038013,0.230975,0.589209,1.367057,1.534375,0.581282,-0.079004,1.123962,3.0
-1.098931,-1.319444,-0.840824,-1.502624,-1.743652,-1.205362,-0.748307,-1.938536,-1.810899,-1.939848,5.0
-0.182104,0.343779,-0.272803,-1.029824,-0.966032,0.191094,0.724391,-0.198662,-1.286082,-0.798429,7.0
-0.182104,-0.268987,1.038013,-1.029824,-0.906215,0.705578,-0.159228,-1.578562,-0.551339,0.583289,7.0
0.036189,-0.268987,0.207829,-0.346891,-0.60713,0.411587,0.208947,-0.378649,-0.551339,-0.55813,7.0
0.996675,0.869008,0.994319,0.230975,0.708842,1.146564,1.092566,0.161312,0.288368,0.643364,3.0
1.258626,1.21916,1.300177,0.808841,1.187378,-0.249892,-0.159228,1.181239,0.760703,1.36426,1.0
0.822041,0.256241,0.513687,0.388575,0.888293,-0.176394,-1.190116,0.641278,-0.183967,0.883663,1.0
0.691066,1.000315,-0.360191,0.020842,0.110673,-0.470385,1.46074,0.101317,0.235886,-1.399176,3.0
-0.618688,-0.531602,-0.360191,-1.345024,-1.504385,-0.470385,-0.380132,-1.278584,-1.2336,-1.279026,7.0
1.214967,0.912777,1.256483,0.913908,1.426646,0.485085,0.650756,1.121243,0.708221,1.36426,1.0
-0.269421,-0.356526,-0.185416,-1.345024,-1.504385,0.044099,-0.380132,-1.038601,-1.600972,-1.279026,7.0
0.8657,0.737701,1.038013,0.020842,0.828476,1.367057,1.239836,0.581282,-0.079004,0.823588,3.0
0.167164,0.869008,0.863238,0.336042,0.529392,-0.176394,-0.453767,-0.198662,0.393331,0.583289,1.0
0.603749,1.21916,-0.578661,-0.346891,-0.128595,-0.176394,1.387105,-0.858614,0.235886,-1.639474,3.0
0.079847,-0.006373,0.033054,-0.189291,-0.308046,-1.205362,-0.969212,0.161312,-0.079004,0.102692,1.0
-0.706005,-0.750447,-1.277763,-2.185557,-1.98292,0.117596,0.429852,-0.438644,-2.125789,-1.339101,5.0
1.040333,0.737701,1.256483,0.230975,0.828476,1.073066,0.945296,0.281304,0.498294,0.523215,3.0
-0.531371,-0.268987,-0.840824,-0.451958,-0.906215,-1.57285,-1.484656,-0.198662,-0.551339,-1.098802,1.0
-2.059418,-2.151056,-1.889477,2.384841,1.127561,-1.866841,-1.558291,1.121243,2.020263,0.943738,2.0
-2.234051,-2.282363,-1.889477,2.752574,1.187378,-1.27886,-1.85283,0.641278,3.017414,0.523215,2.0
0.079847,-0.006373,0.382605,-0.767158,-0.547313,0.63208,0.503487,0.161312,-0.236449,0.102692,7.0
1.302284,1.481774,1.038013,0.703775,1.665914,1.073066,1.31347,0.761269,0.970629,0.583289,3.0
0.8657,-0.006373,0.994319,0.283508,0.828476,1.367057,0.724391,0.821265,0.025959,0.703439,7.0
0.996675,0.825239,0.513687,0.388575,0.649025,-0.764376,-0.895577,0.101317,0.603258,0.342991,1.0
-0.00747,-0.181449,0.469993,-0.662091,-0.726764,-0.396887,-0.159228,-1.218588,-0.603821,-1.038727,7.0
0.167164,-0.181449,0.513687,0.020842,-0.188412,-0.690878,-0.748307,-0.198662,-0.079004,0.282916,1.0
1.43326,0.869008,1.606034,0.861375,1.366829,1.367057,-0.159228,0.281304,0.498294,1.544484,3.0
1.040333,1.044084,1.212789,0.703775,1.127561,-0.102897,-0.453767,0.821265,0.708221,0.943738,1.0
1.083992,0.825239,1.125401,0.808841,1.187378,-0.470385,-0.159228,0.641278,0.603258,1.063887,1.0
1.083992,0.387548,1.300177,0.388575,0.888293,1.514052,1.166201,0.881261,-0.498857,0.763513,3.0
-0.269421,-0.006373,0.033054,-0.924758,-0.786581,0.044099,0.135312,-1.038601,-1.023674,-0.858503,7.0
1.258626,0.869008,0.819544,0.283508,1.127561,0.485085,0.724391,1.121243,-0.183967,0.403065,3.0
-0.182104,-0.268987,-0.360191,-1.239957,-1.384751,-0.470385,0.135312,-1.158593,-1.181119,-1.339101,7.0
0.341798,0.343779,0.338911,-0.399425,-0.367863,1.073066,0.945296,-0.198662,-0.236449,0.042617,4.0
0.516432,0.518855,0.251523,-0.241825,0.050856,0.485085,1.092566,-0.198662,-0.183967,-0.077532,4.0
0.822041,0.869008,0.994319,0.020842,0.409758,2.028536,0.798026,0.701274,0.130923,1.48441,3.0
0.341798,0.168703,-0.01064,-0.189291,0.050856,-0.396887,-0.453767,-0.618631,-0.236449,-0.738354,1.0
0.167164,-0.006373,0.251523,0.283508,0.290124,-0.911371,-1.042846,-0.198662,0.025959,0.162766,1.0
1.43326,1.21916,1.824503,0.861375,1.366829,1.367057,1.387105,1.7212,0.235886,2.205306,3.0
0.8657,0.387548,1.125401,0.388575,0.649025,-0.249892,-0.674672,0.881261,0.025959,0.763513,1.0
1.258626,0.693931,1.212789,0.493642,1.127561,1.367057,0.135312,1.361226,0.235886,1.244111,1.0
0.167164,0.168703,0.469993,-0.662091,-0.188412,0.779075,0.724391,0.281304,-0.393894,0.162766,7.0
-0.094787,0.518855,-0.709742,-0.557024,-0.786581,-0.690878,0.798026,-0.07867,-0.446376,-1.038727,4.0
0.167164,0.212472,-0.185416,-0.662091,-0.906215,0.411587,0.429852,-0.91861,-0.761265,-1.098802,7.0
1.12765,1.262929,1.038013,0.336042,0.768659,1.734545,1.31347,0.761269,0.393331,0.823588,3.0
0.734724,0.518855,1.038013,0.703775,0.529392,-0.176394,-0.453767,0.521286,0.603258,1.123962,1.0
0.996675,1.262929,0.819544,0.230975,0.708842,1.440554,1.092566,0.401295,0.288368,0.643364,3.0
-1.273565,-1.275675,-1.496232,-1.239957,-1.444568,-0.690878,-0.453767,-1.458571,-0.393894,-1.519325,5.0
0.516432,0.693931,0.076748,-0.084225,0.290124,0.191094,0.429852,0.521286,0.235886,-0.317831,4.0
0.691066,1.744388,0.688462,-0.189291,0.290124,1.073066,1.90255,0.821265,0.130923,0.282916,3.0
0.8657,1.000315,0.906932,0.178442,0.649025,1.220062,1.166201,0.641278,0.393331,0.523215,3.0
0.691066,0.562624,0.688462,-0.189291,0.050856,1.073066,1.239836,0.581282,-0.079004,0.042617,3.0
1.040333,1.131622,0.513687,0.493642,0.828476,0.779075,1.239836,0.581282,0.708221,0.042617,3.0
1.12765,1.087853,1.212789,0.913908,1.366829,0.117596,-0.159228,1.361226,0.813184,1.424335,1.0
-0.182104,0.081165,-0.578661,-0.504491,-0.60713,-0.470385,-0.085593,-1.278584,-0.183967,-1.218951,5.0
-0.182104,-0.268987,-0.447579,-1.292491,-1.025849,-0.176394,0.208947,-1.038601,-1.128637,-1.45925,7.0
-0.269421,1.000315,-0.534967,-0.977291,-1.025849,-0.470385,0.945296,-1.638558,0.025959,-1.399176,7.0
1.389601,0.693931,1.387565,0.598708,1.247195,1.734545,1.387105,0.941256,-0.236449,0.883663,3.0
0.909358,1.087853,-0.01064,0.336042,0.529392,-0.176394,1.976185,0.521286,0.183404,-1.098802,3.0
-0.182104,-0.268987,-0.01064,-1.029824,-1.145483,0.117596,0.135312,-0.91861,-0.761265,-0.858503,7.0
-0.356737,-0.706678,-0.185416,-0.189291,-0.60713,-1.719846,-1.484656,-0.618631,-0.446376,-0.197682,1.0
1.083992,1.21916,1.125401,0.388575,0.888293,1.514052,1.75528,0.881261,0.235886,0.763513,3.0
-0.269421,-0.181449,-0.185416,-0.977291,-1.025849,0.044099,-0.453767,-1.218588,-0.91871,-1.399176,7.0
-0.967956,-0.837985,-1.234069,-1.239957,-1.683835,-0.911371,0.135312,-1.698554,-0.603821,-2.360371,5.0
1.214967,1.044084,0.994319,0.441108,0.94811,1.440554,1.681645,0.701274,0.498294,0.643364,3.0
1.389601,1.65685,0.033054,1.018975,1.247195,-0.176394,1.681645,0.701274,0.708221,0.102692,3.0
-0.269421,-0.181449,-0.185416,-0.924758,-1.025849,-0.176394,-0.380132,-1.038601,-0.656302,-1.038727,7.0
0.822041,0.168703,0.819544,0.020842,0.409758,0.338089,-1.411021,0.401295,0.288368,0.102692,3.0
-1.011614,-0.750447,-1.277763,-0.136758,-0.846398,0.117596,-0.085593,-0.378649,-0.341412,-0.798429,5.0
-1.14259,-1.406983,-0.622354,-1.76529,-1.923103,-0.690878,-1.042846,-2.598489,-1.705935,-1.939848,5.0
0.822041,1.000315,0.863238,0.230975,0.888293,1.661048,1.092566,0.641278,0.445813,0.342991,3.0
0.167164,0.168703,0.164136,0.230975,0.050856,-0.690878,-0.232863,0.041321,0.130923,-0.197682,1.0
-0.57503,-0.706678,-0.360191,-1.187424,-1.444568,-0.470385,-0.453767,-1.218588,-1.076155,-1.5794,7.0
-0.444054,-0.181449,-0.185416,-1.187424,-1.025849,-0.249892,-0.159228,-0.798618,-1.443527,-1.399176,7.0
-0.836981,-0.531602,-0.666048,-0.609558,-0.846398,-1.425855,-1.705561,-1.098597,-0.446376,-0.498055,1.0
-0.487713,-0.006373,-0.666048,0.020842,-0.188412,-0.984869,-0.232863,-0.198662,-0.079004,-0.197682,5.0
0.8657,0.737701,0.164136,0.493642,0.828476,-0.396887,0.650756,-0.198662,0.340849,-0.978653,3.0
-1.273565,-1.275675,-1.496232,-0.662091,-0.966032,-1.205362,0.135312,-0.978606,1.128074,-1.038727,5.0
0.996675,1.262929,0.601074,0.441108,0.708842,0.044099,0.503487,1.241235,0.288368,0.883663,1.0
0.734724,0.869008,0.513687,0.336042,0.529392,0.117596,-0.159228,1.061248,0.025959,0.583289,1.0
0.210823,-0.181449,-0.01064,-0.189291,-0.128595,0.926071,0.650756,0.101317,-0.498857,0.042617,4.0
1.214967,1.000315,1.081707,0.388575,0.649025,0.999568,1.681645,0.341299,0.235886,0.643364,3.0
0.341798,-0.006373,0.644768,-0.451958,-0.188412,0.485085,0.135312,-0.198662,-0.603821,-0.317831,7.0
-0.094787,-0.181449,0.033054,-0.924758,-0.786581,-0.176394,-0.085593,-0.798618,-0.813747,-1.038727,7.0
1.302284,1.262929,1.038013,0.913908,1.366829,0.411587,0.135312,1.061248,0.813184,1.123962,1.0
1.040333,1.306698,0.863238,0.230975,0.589209,1.367057,1.90255,0.581282,0.340849,0.523215,3.0
-1.098931,-2.019749,0.164136,0.493642,0.290124,-1.425855,-1.705561,1.421222,1.495446,0.823588,2.0
1.040333,1.044084,0.994319,0.283508,0.828476,1.661048,1.387105,0.821265,0.235886,0.943738,3.0
0.822041,0.693931,0.601074,-0.189291,0.17049,1.146564,0.798026,-0.07867,-0.079004,0.342991,4.0
-1.404541,-1.188137,-1.146681,-2.815957,-2.939991,-0.102897,-0.453767,-2.178519,-1.810899,-1.45925,5.0
-0.356737,-0.356526,-0.360191,-1.292491,-1.504385,-0.396887,0.061677,-1.33858,-1.2336,-1.45925,7.0
-0.00747,0.168703,-0.272803,-0.819691,-0.726764,0.485085,0.429852,-0.49864,-0.813747,-0.317831,4.0
-0.444054,-0.181449,-0.534967,-1.345024,-1.624018,-0.249892,0.061677,-1.038601,-1.286082,-1.399176,7.0
0.079847,0.343779,-0.185416,-0.557024,-0.786581,-0.176394,0.503487,-0.798618,-0.813747,-1.279026,4.0
-0.444054,-0.356526,-0.185416,-0.977291,-1.025849,-0.470385,0.061677,-1.038601,-1.076155,-0.918578,7.0
1.040333,1.21916,1.212789,0.703775,1.725731,-0.102897,-0.159228,1.361226,0.708221,1.244111,1.0
-2.146735,-2.282363,-2.151641,2.752574,1.247195,-2.013836,-1.926465,1.901187,2.964933,1.184036,2.0
-2.365027,-2.369901,-2.020559,1.964574,0.94811,-1.646348,-1.926465,0.941256,1.652891,0.102692,2.0
-0.182104,-0.444064,0.033054,0.020842,0.110673,-0.764376,-1.411021,-0.138666,-0.551339,0.643364,1.0
-1.273565,-1.188137,-1.015599,-0.557024,-1.025849,-0.764376,-1.190116,-1.458571,-0.498857,-1.399176,5.0
0.516432,0.737701,0.513687,-0.189291,0.290124,0.779075,0.945296,0.281304,-0.236449,0.282916,3.0
0.516432,0.387548,0.338911,-0.189291,0.349941,0.926071,0.945296,0.101317,-0.131486,0.042617,4.0
0.691066,0.606393,0.732156,0.020842,0.349941,0.63208,0.650756,0.101317,0.025959,0.282916,3.0
-0.836981,-0.006373,-1.889477,0.703775,0.290124,0.485085,1.092566,0.041321,1.338001,0.162766,2.0
-0.356737,-0.487833,-0.447579,-1.029824,-1.444568,-0.102897,-0.453767,-1.458571,-1.286082,-1.519325,7.0
-0.356737,-0.881754,-0.360191,-1.082358,-1.504385,0.117596,-0.453767,-0.858614,-1.2336,-0.738354,7.0
0.734724,0.869008,0.863238,-0.084225,0.529392,1.073066,1.681645,0.521286,0.025959,0.282916,3.0
1.43326,1.21916,1.387565,0.861375,1.366829,-0.102897,0.135312,1.121243,0.708221,0.943738,1.0
0.8657,1.21916,0.164136,0.178442,0.649025,-0.764376,0.945296,0.641278,0.393331,-0.678279,1.0
-0.182104,-0.093911,-0.360191,-0.872224,-0.666947,-0.176394,0.135312,-1.158593,-1.181119,-1.339101,7.0
1.12765,1.087853,1.212789,0.913908,1.366829,0.117596,-0.453767,1.061248,0.813184,1.123962,1.0
0.8657,-0.006373,1.256483,0.020842,0.290124,1.073066,0.061677,-0.198662,-0.446376,0.523215,3.0
-0.182104,-0.093911,-0.01064,-0.872224,-0.666947,0.411587,0.135312,-0.678627,-0.761265,-0.858503,7.0
0.8657,0.825239,1.125401,0.388575,1.187378,0.044099,-0.159228,0.881261,0.235886,1.063887,1.0
0.254481,0.518855,0.207829,0.020842,-0.308046,0.338089,0.503487,-0.07867,0.498294,-0.137607,4.0
0.691066,0.343779,0.688462,0.703775,1.127561,0.485085,0.061677,1.121243,0.918148,1.36426,5.0
1.083992,1.21916,1.300177,0.966441,1.845364,0.044099,-0.159228,1.841192,0.760703,1.664634,1.0
0.996675,0.693931,1.212789,0.808841,0.94811,-0.176394,-0.674672,0.941256,0.498294,0.883663,1.0
0.996675,1.21916,1.256483,0.598708,0.888293,1.293559,1.387105,0.341299,0.603258,0.643364,3.0
0.8657,1.000315,0.338911,0.388575,0.888293,0.338089,0.650756,0.101317,0.603258,-0.678279,7.0
-0.182104,0.168703,-0.272803,0.125908,0.290124,-0.911371,-1.042846,0.281304,0.235886,0.162766,1.0
-0.00747,-0.006373,0.076748,-0.241825,-0.487496,0.485085,0.429852,-0.198662,0.235886,-0.077532,7.0
0.167164,-0.181449,0.338911,0.493642,0.290124,-0.396887,-0.453767,0.041321,0.130923,0.282916,1.0
-0.00747,0.168703,-0.01064,-0.609558,-0.60713,0.485085,0.650756,-0.378649,-0.446376,-0.197682,4.0
0.036189,1.21916,-0.447579,-0.924758,-0.846398,-0.176394,0.798026,-1.278584,0.445813,-1.879773,7.0
-0.00747,0.168703,0.076748,0.125908,-0.188412,-0.911371,-0.453767,0.041321,0.498294,0.403065,1.0
-0.706005,-0.750447,-0.185416,0.703775,0.529392,-0.470385,-0.748307,0.281304,0.393331,0.282916,5.0
1.214967,1.044084,1.212789,0.441108,0.708842,1.440554,1.387105,1.241235,0.288368,0.883663,4.0
0.254481,-0.181449,0.033054,-0.346891,-0.308046,0.338089,0.503487,-0.318653,-1.023674,-0.618205,4.0
-0.444054,-0.531602,-0.534967,-1.502624,-1.504385,-0.470385,-0.085593,-1.518567,-1.391045,-1.519325,7.0
0.516432,0.387548,0.557381,-0.189291,-0.128595,0.926071,0.945296,0.101317,-0.131486,0.282916,4.0
-0.182104,0.650162,-0.753436,-0.346891,-0.60713,-0.470385,0.798026,-0.618631,0.235886,-1.038727,5.0
0.385456,0.475086,0.513687,-0.346891,-0.128595,0.999568,0.798026,0.101317,-0.183967,-0.137607,3.0
-0.356737,-0.181449,-0.360191,-1.292491,-1.504385,-0.396887,0.650756,-1.518567,-1.2336,-1.45925,7.0
-0.182104,-0.093911,-0.272803,-1.082358,-1.025849,0.117596,0.503487,-1.038601,-0.91871,-1.038727,7.0
-2.146735,-2.151056,-2.239028,3.01524,1.785547,-2.013836,-1.85283,1.481217,2.964933,1.48441,2.0
-0.094787,0.387548,-0.185416,-0.977291,-1.025849,0.044099,0.356217,-1.038601,-0.131486,-1.399176,7.0
-2.146735,-2.019749,-2.020559,2.069641,1.067744,-1.57285,-1.705561,1.361226,1.600409,1.424335,2.0
-0.706005,-0.61914,-0.753436,-1.450091,-1.743652,-0.176394,-0.380132,-1.758549,-1.496009,-1.639474,7.0
0.996675,0.869008,0.994319,0.598708,0.94811,-0.176394,-0.380132,0.941256,0.498294,1.184036,1.0
-1.535516,-1.406983,-1.365151,0.703775,-0.487496,-0.911371,-1.042846,-1.458571,1.547928,-1.519325,2.0
0.341798,0.518855,0.469993,0.283508,0.290124,-0.396887,-0.159228,0.521286,0.498294,0.703439,1.0
-0.182104,-0.181449,-0.360191,-0.189291,-0.188412,-1.205362,-1.484656,-0.378649,-0.079004,-0.738354,1.0
1.258626,1.21916,1.212789,0.283508,0.828476,1.073066,1.75528,0.821265,0.498294,0.703439,3.0
-0.356737,-0.093911,-0.447579,-0.714624,-1.025849,-0.176394,-0.380132,-1.758549,-0.341412,-1.639474,7.0
1.214967,1.438005,1.387565,1.018975,0.94811,-0.176394,-0.380132,1.241235,0.708221,1.48441,1.0
0.341798,-0.356526,0.819544,-0.451958,-0.188412,0.485085,0.135312,-0.198662,-0.813747,-0.317831,4.0
-0.094787,-0.181449,-0.534967,-1.187424,-1.025849,-0.470385,0.061677,-1.458571,-1.286082,-1.5794,7.0
-1.229907,-1.406983,-1.015599,-0.924758,-1.504385,-0.911371,-1.190116,-1.698554,0.708221,-1.519325,5.0
1.258626,1.21916,1.300177,0.598708,0.888293,1.881541,2.049819,1.181239,0.603258,1.063887,3.0
-0.531371,-0.487833,-0.447579,-1.397557,-1.444568,-0.690878,-0.159228,-1.218588,-1.286082,0.162766,7.0
1.040333,1.131622,1.256483,0.493642,0.828476,1.367057,0.945296,0.581282,0.340849,0.823588,3.0
0.516432,0.737701,-0.01064,-0.609558,-0.367863,0.117596,0.650756,0.041321,-0.079004,-0.498055,7.0
1.258626,1.21916,1.518646,0.966441,1.845364,0.044099,0.061677,1.481217,0.760703,1.36426,1.0
1.214967,1.262929,0.819544,0.808841,1.247195,0.63208,0.135312,1.541213,0.865666,1.784783,1.0
1.607893,1.394236,1.474952,0.598708,1.486463,1.661048,2.049819,1.481217,0.445813,1.844858,3.0
0.210823,0.081165,0.207829,0.230975,0.349941,-0.764376,-1.190116,0.341299,0.445813,0.643364,1.0
-0.00747,-0.181449,-0.272803,-0.819691,-0.966032,-0.396887,0.135312,-0.738623,-1.076155,-1.038727,7.0
0.909358,0.343779,0.688462,0.493642,0.768659,0.705578,-0.453767,0.761269,0.025959,1.123962,1.0
-0.182104,-0.181449,-0.01064,-0.189291,-0.188412,-1.205362,-1.263751,0.041321,0.130923,0.523215,1.0
-1.666492,-1.757135,-2.020559,1.176575,0.349941,-1.27886,-1.85283,0.341299,1.495446,0.282916,2.0
1.040333,1.306698,0.863238,0.703775,1.127561,0.117596,-0.232863,1.421222,0.918148,1.36426,1.0
-0.356737,-0.356526,-0.272803,-1.397557,-1.444568,-0.102897,-0.159228,-1.458571,-1.286082,-1.279026,7.0
-0.182104,-0.268987,-0.272803,-0.924758,-0.846398,0.117596,0.503487,-0.618631,-1.128637,-1.45925,7.0
0.909358,0.518855,0.863238,0.493642,0.529392,1.367057,1.31347,0.761269,0.393331,0.823588,3.0
1.12765,1.087853,1.038013,0.336042,0.529392,1.367057,1.681645,0.761269,0.183404,0.823588,3.0
-2.234051,-2.238594,-1.671008,1.334175,0.050856,-1.205362,-0.453767,0.281304,1.495446,-0.498055,2.0
0.647407,0.693931,0.601074,0.441108,0.708842,-0.470385,-0.674672,0.161312,0.498294,0.342991,1.0
0.210823,0.475086,0.033054,-0.346891,-0.128595,0.411587,0.503487,-0.378649,-0.183967,-0.137607,4.0
-0.00747,0.343779,0.164136,0.125908,0.290124,-0.764376,-0.969212,-0.198662,0.183404,0.282916,1.0
-0.487713,-0.356526,-0.666048,-1.712757,-1.743652,0.485085,0.356217,-0.858614,-1.443527,-0.738354,7.0
1.083992,1.000315,0.906932,0.808841,0.888293,0.63208,1.46074,0.881261,0.393331,0.042617,3.0
0.516432,0.562624,-0.01064,0.020842,0.290124,-0.690878,-0.453767,0.581282,0.340849,-0.197682,1.0
-0.182104,-0.356526,-0.360191,-0.819691,-1.085666,-0.102897,-0.232863,-0.858614,-1.023674,-1.218951,7.0
-0.00747,-0.093911,-0.185416,-0.872224,-0.666947,0.705578,0.135312,-0.678627,-1.338564,-0.377906,7.0
1.389601,0.475086,1.474952,0.388575,0.888293,1.661048,1.387105,1.181239,-0.551339,1.184036,3.0
0.8657,1.044084,0.819544,-0.084225,0.290124,1.073066,1.387105,1.121243,-0.183967,0.403065,3.0
-0.269421,-0.356526,-0.360191,0.388575,0.649025,-0.470385,-0.453767,-0.138666,0.025959,0.523215,5.0
0.822041,0.869008,0.601074,0.020842,0.409758,1.734545,1.092566,0.401295,-0.079004,0.883663,3.0
-0.269421,0.168703,-0.185416,-0.346891,-0.547313,-1.425855,-0.969212,-0.558636,0.130923,-0.377906,1.0
0.036189,-0.093911,0.033054,-0.504491,-0.367863,0.411587,-0.085593,-0.858614,-0.551339,-0.55813,7.0
0.472773,-0.006373,0.819544,-0.189291,0.17049,0.338089,-0.085593,-1.038601,-0.079004,-0.377906,7.0
-0.269421,-1.188137,0.557381,-0.399425,-0.128595,-0.470385,-1.85283,0.641278,-0.341412,0.282916,2.0
-0.531371,-0.356526,-0.447579,-1.397557,-1.444568,0.191094,0.135312,-1.698554,-0.813747,-1.279026,7.0
-0.487713,-0.531602,-0.360191,-1.292491,-1.743652,-0.396887,-0.232863,-1.518567,-1.443527,-1.699549,7.0
-0.356737,-0.61914,-0.447579,-0.136758,0.110673,-1.27886,-1.411021,-0.618631,-0.341412,-0.55813,1.0
-2.146735,-2.238594,-2.282722,3.33044,2.383717,-1.719846,-1.926465,2.081174,3.227341,2.38553,2.0
1.040333,0.168703,1.038013,0.703775,1.127561,-0.396887,-0.232863,0.041321,-0.236449,0.823588,1.0
0.996675,0.869008,0.994319,0.441108,0.708842,1.440554,1.387105,1.241235,0.288368,0.883663,3.0
0.036189,-0.268987,0.207829,-0.714624,-0.846398,0.411587,0.208947,-0.858614,-0.551339,-0.137607,7.0
-0.531371,-0.444064,-0.753436,-0.504491,-1.025849,-1.499353,-1.190116,-0.618631,-0.551339,-0.798429,1.0
-0.706005,-0.61914,-0.578661,-1.292491,-1.743652,-0.470385,-0.674672,-1.518567,-1.338564,-1.45925,7.0
1.12765,1.087853,1.038013,0.703775,1.366829,0.411587,-0.159228,1.361226,0.813184,1.424335,1.0
-0.094787,-0.006373,0.033054,-0.924758,-1.265117,0.044099,-0.085593,-1.038601,-1.023674,-1.038727,7.0
-0.531371,-0.356526,-0.622354,-1.397557,-1.444568,-0.396887,-0.159228,-1.698554,-1.496009,-1.519325,7.0
-0.182104,0.343779,-0.185416,-1.082358,-1.085666,0.117596,0.945296,-0.858614,-0.866229,-0.738354,7.0
-0.880639,-0.093911,-1.802089,0.388575,0.110673,0.117596,0.798026,-0.378649,1.600409,-0.377906,2.0
0.036189,0.081165,0.207829,-0.714624,-0.60713,0.117596,0.208947,-0.618631,-0.761265,-0.377906,4.0
-0.57503,-0.531602,-0.534967,-1.345024,-1.624018,-0.249892,-0.159228,-1.638558,-1.076155,-1.5794,7.0
-1.273565,-1.188137,-1.277763,-1.082358,-1.504385,-0.984869,-0.969212,-1.518567,-1.2336,-1.218951,5.0
0.647407,0.168703,0.819544,-0.189291,0.17049,0.926071,0.135312,-0.318653,0.130923,0.342991,3.0
0.8657,0.693931,0.994319,0.493642,0.828476,-0.396887,-0.159228,0.821265,0.498294,1.244111,1.0
-0.662347,-0.837985,-0.753436,-1.397557,-1.923103,-0.690878,-0.453767,-1.938536,-1.286082,-1.939848,7.0
0.996675,0.869008,0.994319,0.230975,0.409758,1.440554,1.092566,0.941256,0.130923,0.643364,3.0
0.691066,0.869008,0.994319,0.125908,0.529392,1.367057,1.387105,0.281304,0.025959,0.403065,3.0
-0.531371,-0.093911,-0.884518,-0.136758,-0.367863,-0.764376,-0.674672,-0.138666,0.025959,-0.137607,5.0
0.691066,1.21916,0.557381,0.020842,0.349941,1.220062,1.46074,0.641278,0.235886,0.282916,3.0
0.341798,0.168703,0.164136,-0.399425,-0.60713,0.779075,0.650756,-0.198662,-0.446376,-0.197682,4.0
0.341798,0.387548,0.906932,0.178442,0.349941,-0.249892,-0.895577,0.641278,0.235886,1.36426,1.0
0.996675,0.869008,0.994319,0.230975,0.94811,1.440554,1.092566,0.401295,-0.079004,0.643364,3.0
1.214967,0.912777,1.256483,0.230975,0.828476,1.661048,1.534375,0.581282,-0.079004,0.523215,3.0
-1.622833,-2.063518,-1.321457,0.020842,-0.547313,-1.205362,-1.190116,-1.038601,1.810336,-1.519325,5.0
0.036189,-1.013061,0.557381,-0.189291,0.110673,-0.249892,-1.631926,0.641278,-0.131486,0.042617,2.0
-0.094787,0.212472,-0.360191,-0.767158,-0.786581,0.63208,0.945296,-0.138666,-0.91871,-0.918578,7.0
0.167164,0.343779,-0.185416,0.230975,0.050856,-1.205362,-0.232863,0.581282,0.340849,0.282916,1.0
1.476918,1.000315,1.300177,0.388575,0.888293,2.175531,1.75528,1.181239,-0.131486,1.063887,3.0
-0.444054,-0.531602,-0.360191,-0.189291,-0.547313,-1.27886,-1.411021,-0.138666,-0.131486,0.042617,1.0
1.214967,1.306698,1.256483,0.913908,1.426646,-0.102897,-0.232863,1.121243,1.075593,1.36426,1.0
-2.452344,-2.238594,-1.889477,2.227241,0.529392,-1.866841,-1.705561,0.761269,2.335153,0.282916,2.0
-0.924298,-0.662909,-0.884518,-1.345024,-1.923103,-0.690878,-0.674672,-1.938536,-1.600972,-1.939848,7.0
-0.094787,-0.181449,-0.01064,-0.189291,-0.367863,-0.984869,-1.190116,-0.378649,0.025959,-0.678279,1.0
-0.356737,-0.356526,-0.534967,-0.399425,-0.60713,-1.205362,-1.263751,-0.378649,-0.446376,-0.738354,1.0
-0.618688,-0.662909,-0.360191,-1.345024,-1.504385,-0.176394,-0.085593,-1.698554,-1.2336,-1.279026,7.0
1.083992,0.825239,1.125401,0.808841,1.486463,-0.249892,-0.674672,1.481217,0.393331,1.664634,1.0
0.691066,0.606393,0.732156,0.598708,0.888293,-0.470385,0.061677,0.881261,0.393331,0.763513,1.0
1.083992,1.000315,1.300177,0.808841,1.486463,0.044099,-0.453767,1.181239,0.760703,1.36426,1.0
-0.356737,-0.356526,-0.622354,-1.397557,-1.444568,-0.102897,-0.159228,-1.218588,-1.286082,-1.519325,7.0
-0.00747,-0.093911,-0.360191,-0.872224,-0.906215,0.117596,0.429852,-0.678627,-0.551339,-0.858503,4.0
1.040333,0.912777,1.256483,0.493642,0.589209,1.661048,1.534375,0.581282,0.340849,1.123962,3.0
-2.146735,-2.282363,-2.239028,2.647507,1.486463,-1.719846,-1.85283,1.781196,2.964933,1.844858,2.0
1.12765,1.087853,0.688462,0.125908,0.290124,1.073066,1.976185,0.761269,0.025959,0.282916,3.0
-2.146735,-2.282363,-1.496232,2.752574,1.905181,-0.911371,-1.705561,1.541213,3.174859,-0.137607,2.0
0.385456,1.21916,-0.753436,0.388575,0.349941,-0.176394,0.503487,0.101317,1.023111,-0.137607,1.0
0.472773,0.693931,0.033054,0.230975,0.409758,-1.205362,-0.380132,-0.07867,0.130923,-0.137607,1.0
0.996675,0.869008,0.819544,0.598708,0.94811,-0.690878,-0.085593,0.701274,0.708221,0.643364,1.0
1.214967,1.306698,1.256483,0.913908,1.127561,0.117596,0.061677,1.121243,0.708221,1.724709,1.0
1.43326,1.438005,1.387565,0.861375,1.366829,-0.396887,-0.159228,1.7212,0.918148,1.544484,1.0
-0.662347,-0.881754,-0.360191,-1.292491,-1.504385,-0.396887,-0.232863,-1.33858,-1.443527,-1.45925,7.0
0.516432,0.168703,-0.01064,0.230975,0.290124,-0.102897,-0.453767,0.581282,-0.079004,-0.197682,1.0
0.167164,-0.444064,0.164136,0.125908,0.290124,-0.764376,-1.263751,0.521286,-0.183967,0.042617,1.0
-1.011614,-1.013061,-0.709742,-1.555157,-2.042737,-0.470385,-0.674672,-1.878541,-1.286082,-1.5794,7.0
-2.27771,-2.282363,-2.151641,2.752574,1.54628,-2.013836,-1.926465,1.901187,2.597561,1.48441,2.0
0.691066,0.606393,0.732156,0.020842,0.110673,0.926071,0.945296,0.341299,0.025959,0.282916,4.0
-0.182104,-0.181449,-0.01064,-0.609558,-0.60713,-0.102897,-0.232863,-0.858614,-0.866229,-0.978653,4.0
0.341798,0.518855,-0.360191,0.125908,0.050856,-0.470385,-0.748307,0.521286,0.025959,0.583289,1.0
0.167164,-0.093911,0.688462,-0.084225,-0.188412,-0.764376,-1.263751,0.041321,-0.183967,-0.197682,1.0
-0.662347,-0.837985,0.076748,0.283508,0.290124,-0.396887,-0.748307,-0.198662,0.918148,-0.077532,5.0
-1.098931,-1.013061,-0.971906,0.020842,-0.367863,-0.984869,-0.969212,-0.198662,-0.236449,-0.197682,5.0
-2.146735,-2.019749,-2.151641,2.227241,1.067744,-1.866841,-1.484656,1.361226,2.545079,1.123962,2.0
-0.182104,0.343779,0.688462,-0.084225,-0.188412,-0.470385,-0.748307,-0.91861,0.603258,-0.197682,1.0
0.167164,0.037396,0.688462,-0.451958,-0.42768,1.073066,0.429852,-0.678627,-0.551339,0.282916,7.0
0.647407,0.693931,0.601074,0.020842,0.409758,0.926071,1.092566,0.701274,-1.2336,0.342991,3.0
0.56009,0.693931,0.164136,0.336042,0.529392,-0.470385,-0.159228,1.061248,0.603258,0.042617,1.0
0.167164,-0.006373,0.076748,-0.662091,-0.487496,-0.102897,0.429852,-0.49864,-0.813747,-0.798429,7.0
-2.27771,-2.282363,-2.326416,2.647507,0.888293,-2.013836,-1.85283,0.881261,2.545079,0.883663,2.0
-2.27771,-2.151056,-2.151641,2.384841,1.247195,-2.013836,-1.705561,1.241235,2.020263,1.184036,2.0
0.56009,0.518855,0.688462,-0.084225,0.290124,-0.470385,-0.453767,0.281304,0.183404,0.823588,1.0
-0.487713,-0.356526,-0.360191,-1.502624,-1.504385,-0.396887,-0.453767,-1.758549,-1.2336,-1.939848,7.0
-1.884784,-2.282363,-1.671008,0.598708,-0.367863,-1.719846,-1.85283,0.101317,0.235886,0.342991,2.0
-0.182104,-0.093911,-0.272803,-0.924758,-1.025849,-0.176394,-0.085593,-0.858614,-0.91871,-1.038727,7.0
-0.706005,-0.268987,-0.666048,-0.662091,-0.666947,-1.352357,-1.484656,-0.678627,-0.393894,-0.858503,1.0
-1.622833,-1.625828,-1.539926,-0.714624,-1.265117,-0.984869,-0.895577,-1.278584,-0.91871,-1.45925,5.0
0.734724,0.693931,0.513687,-0.084225,0.050856,1.367057,1.31347,0.281304,0.025959,0.282916,4.0
-0.356737,-0.444064,-0.272803,-1.292491,-1.265117,-0.176394,-0.380132,-1.038601,-1.128637,-1.038727,7.0
0.822041,0.825239,0.207829,0.230975,0.649025,0.117596,1.092566,0.881261,0.235886,-1.45925,3.0
-0.836981,-0.969292,-0.753436,-0.451958,-1.2053,-1.205362,-1.337386,-0.978606,-0.603821,-0.798429,1.0
-1.666492,-1.888442,-1.408844,-1.082358,-1.504385,-1.205362,-1.926465,-0.858614,-1.023674,-1.699549,5.0
-0.356737,0.081165,-0.447579,-0.346891,-0.60713,0.117596,0.208947,-0.378649,0.025959,-0.377906,5.0
-2.234051,-2.238594,-2.37011,1.544308,0.589209,-1.940339,-1.926465,0.581282,1.285519,0.823588,2.0
-0.880639,-0.444064,-1.102987,-0.662091,-1.145483,-0.470385,0.429852,-0.678627,-1.181119,-1.098802,5.0
-2.234051,-2.238594,-2.151641,2.069641,1.067744,-1.57285,-1.705561,1.061248,2.545079,1.123962,2.0
0.691066,0.212472,1.125401,0.020842,0.349941,1.881541,1.166201,0.341299,-0.708784,1.063887,3.0
1.258626,0.693931,1.606034,0.493642,1.127561,2.028536,1.092566,1.361226,-0.183967,1.244111,3.0
0.036189,-0.356526,0.338911,-0.557024,-0.547313,0.044099,-0.453767,-1.458571,-0.341412,-0.678279,4.0
0.996675,1.044084,0.994319,0.230975,0.708842,0.926071,1.387105,0.401295,0.288368,0.342991,3.0
-0.57503,-0.706678,-0.884518,-1.345024,-1.444568,-0.470385,-0.453767,-1.458571,-1.443527,-0.678279,7.0
-0.880639,-0.881754,-0.491273,-1.239957,-1.564201,0.117596,-0.748307,-1.998532,-1.54849,-1.519325,7.0
1.040333,0.869008,0.644768,0.125908,0.828476,0.485085,0.724391,1.121243,-0.183967,0.403065,3.0
-0.749664,-1.144368,-0.534967,-0.767158,-1.265117,-0.176394,-1.190116,-1.038601,-0.813747,-0.377906,7.0
0.516432,-1.100599,0.644768,0.283508,0.529392,-0.396887,-1.558291,0.281304,0.025959,0.703439,1.0
0.472773,0.693931,0.382605,-0.189291,0.17049,0.926071,1.092566,-0.07867,0.288368,0.342991,3.0
-2.234051,-1.888442,-2.151641,2.227241,0.828476,-1.940339,-1.263751,1.121243,2.650043,1.123962,2.0
0.516432,0.518855,0.469993,-0.241825,0.050856,0.485085,0.724391,0.041321,-0.393894,0.162766,4.0
0.822041,0.869008,1.212789,0.020842,0.409758,1.734545,1.387105,0.401295,0.288368,1.184036,3.0
0.8657,0.606393,1.300177,0.388575,0.888293,0.044099,-0.453767,1.181239,0.235886,1.36426,1.0
-2.365027,-2.282363,-2.37011,3.33044,2.204266,-2.013836,-1.411021,1.901187,2.964933,2.145231,2.0
-0.00747,0.168703,-0.098028,-0.662091,-0.726764,0.191094,0.429852,-0.738623,-0.603821,-1.279026,7.0
1.040333,0.168703,1.387565,0.283508,1.366829,1.661048,1.092566,1.121243,-0.813747,1.244111,3.0
0.996675,1.000315,0.688462,0.230975,0.649025,0.999568,1.387105,0.641278,0.235886,0.102692,3.0
-1.491858,-1.669597,0.513687,1.281641,0.768659,-0.470385,-1.705561,1.061248,0.025959,0.583289,2.0
1.738869,1.919465,0.688462,0.913908,1.665914,1.073066,1.681645,1.661204,0.183404,0.823588,3.0
0.341798,0.869008,0.513687,-0.084225,0.050856,0.411587,0.429852,-0.678627,0.813184,-0.197682,7.0
-0.182104,0.037396,-0.01064,-0.084225,-0.188412,-0.764376,-0.453767,0.041321,-0.393894,-0.197682,1.0
0.996675,1.044084,1.212789,-0.189291,0.409758,1.734545,1.092566,0.701274,0.130923,0.883663,4.0
0.8657,1.044084,0.644768,0.125908,0.529392,0.779075,0.724391,0.521286,0.235886,0.703439,3.0
-0.00747,0.168703,0.164136,-0.609558,-0.60713,0.485085,0.356217,-0.618631,-0.446376,-0.197682,4.0
-0.57503,-0.531602,-0.534967,-1.345024,-1.444568,-0.764376,-0.453767,-1.638558,-1.286082,-1.5794,7.0
0.822041,1.000315,0.688462,-0.136758,0.349941,0.999568,1.387105,0.641278,-0.183967,0.102692,3.0
-0.269421,-0.356526,-0.360191,-0.189291,-0.547313,-1.27886,-1.190116,-0.798618,-0.131486,-0.918578,1.0
-0.706005,0.081165,-1.802089,0.598708,0.110673,0.411587,0.208947,-0.138666,-0.551339,0.102692,2.0
0.516432,0.343779,1.256483,0.020842,0.050856,1.661048,0.650756,0.821265,-0.446376,1.123962,7.0
-0.531371,-0.356526,-0.272803,-1.397557,-1.444568,-0.102897,-0.159228,-1.458571,-1.076155,-0.798429,7.0
0.691066,0.343779,0.863238,0.020842,0.290124,0.779075,0.945296,0.041321,0.130923,0.042617,3.0
0.909358,1.262929,0.863238,0.336042,0.529392,1.367057,1.31347,0.521286,0.813184,0.583289,3.0
0.385456,-0.093911,-0.578661,-0.346891,-0.128595,-1.27886,-0.085593,-0.138666,-0.341412,0.643364,7.0
1.43326,0.869008,1.824503,0.703775,1.366829,1.367057,1.387105,1.361226,0.235886,2.205306,3.0
0.341798,0.212472,-0.01064,-0.399425,-0.128595,0.338089,0.356217,-0.558636,-0.131486,-0.43798,4.0
0.341798,0.343779,0.338911,-0.399425,-0.188412,0.485085,0.945296,-0.618631,0.130923,-0.498055,7.0
0.822041,1.044084,0.819544,0.598708,0.94811,-0.470385,-0.380132,1.241235,0.498294,0.883663,1.0
-0.182104,-0.61914,0.033054,-0.924758,-1.265117,0.117596,0.208947,-1.038601,-1.338564,-0.377906,7.0
-0.182104,-0.268987,-0.098028,-1.082358,-1.025849,-0.176394,0.208947,-1.278584,-1.338564,-1.45925,7.0
1.083992,1.21916,0.906932,0.808841,1.187378,-0.470385,-0.159228,0.641278,0.603258,-0.43798,1.0
-0.182104,-1.013061,-0.185416,-0.872224,-0.666947,-0.176394,-0.453767,-0.678627,1.757854,-1.098802,4.0
0.822041,0.650162,1.256483,0.388575,1.187378,1.661048,0.503487,0.881261,0.445813,0.883663,3.0
0.603749,0.825239,0.688462,0.020842,0.349941,0.705578,1.092566,0.341299,0.025959,0.342991,3.0
1.040333,1.21916,0.994319,0.283508,1.127561,1.367057,1.387105,0.821265,0.235886,0.703439,3.0
1.389601,1.21916,1.256483,0.756308,0.888293,1.661048,1.387105,1.181239,0.235886,1.184036,3.0
-0.444054,-0.181449,-0.360191,-0.557024,-0.786581,-0.249892,0.061677,-1.038601,-0.341412,-1.158877,7.0
-0.182104,-0.006373,0.076748,-0.819691,-0.966032,-0.102897,0.135312,-0.978606,-0.813747,-0.55813,7.0
-0.182104,-0.444064,-0.360191,-1.029824,-1.145483,-0.176394,-0.159228,-1.398575,-0.971192,-1.098802,4.0
-1.14259,-1.53829,-0.622354,-0.662091,-1.2053,-0.690878,-1.337386,-0.978606,-0.393894,-1.279026,5.0
0.734724,0.693931,0.338911,0.125908,0.290124,0.705578,1.018931,0.281304,-0.761265,0.583289,3.0
0.647407,0.168703,0.994319,-0.189291,-0.068778,1.440554,1.092566,0.401295,-0.813747,0.883663,3.0
-0.182104,-0.444064,0.338911,-0.662091,-0.906215,0.117596,-0.453767,-1.158593,-1.181119,-0.197682,7.0
-0.182104,-0.487833,-0.098028,-0.662091,-0.726764,-0.102897,-0.159228,-1.218588,-0.603821,-1.279026,7.0
0.341798,0.037396,0.164136,-0.767158,-0.547313,0.63208,0.945296,-0.378649,-0.708784,-0.678279,4.0
1.389601,1.044084,1.606034,0.598708,0.94811,2.028536,1.387105,1.241235,0.288368,1.48441,3.0
0.079847,0.168703,0.382605,0.020842,0.17049,-0.176394,-0.380132,-0.07867,0.130923,0.342991,1.0
0.691066,0.168703,0.819544,0.283508,0.828476,-0.102897,-1.337386,0.521286,0.025959,0.703439,1.0
0.691066,0.387548,0.338911,-0.189291,0.110673,-0.470385,-0.159228,0.101317,0.025959,-0.197682,1.0
-0.00747,0.343779,0.338911,0.020842,0.050856,-0.102897,-0.453767,0.821265,-0.079004,0.823588,1.0
1.389601,1.262929,0.819544,1.018975,1.247195,-0.176394,0.503487,1.241235,1.075593,0.102692,1.0
-0.269421,-0.181449,-0.360191,-0.924758,-1.025849,-0.176394,-0.085593,-0.798618,-1.2336,-0.618205,7.0
-0.356737,-0.356526,-0.272803,-0.819691,-0.966032,0.191094,-0.159228,-0.978606,-0.603821,-1.038727,7.0
1.43326,1.438005,1.606034,0.703775,1.366829,2.322527,2.049819,1.361226,0.708221,1.244111,3.0
1.258626,1.21916,0.994319,0.283508,1.127561,1.367057,1.75528,0.821265,0.708221,0.943738,3.0
-0.356737,0.650162,-0.272803,-0.136758,-0.60713,-0.176394,-0.085593,-0.858614,0.445813,-0.137607,1.0
0.691066,1.044084,0.644768,0.125908,0.529392,0.779075,0.724391,0.521286,0.235886,0.403065,3.0
0.8657,1.306698,0.338911,0.493642,0.828476,-0.102897,-0.232863,1.121243,0.918148,1.123962,1.0
0.56009,0.869008,0.513687,0.336042,0.290124,0.705578,0.724391,0.521286,0.393331,0.042617,1.0
0.8657,1.000315,0.732156,0.178442,0.349941,1.220062,1.46074,0.881261,0.603258,0.763513,3.0
-1.186248,-1.231906,-1.146681,0.598708,-0.128595,-0.764376,-0.895577,-0.378649,-0.183967,-0.55813,5.0
-2.27771,-2.238594,-2.282722,2.962707,2.024815,-1.866841,-1.558291,2.021178,2.859969,1.904933,2.0
0.996675,1.000315,0.863238,0.388575,0.888293,1.661048,1.387105,0.881261,0.235886,0.342991,3.0
-0.356737,-0.881754,-0.185416,-1.029824,-0.906215,-0.176394,-0.453767,-0.91861,0.025959,-1.098802,7.0
0.691066,0.387548,0.732156,0.178442,0.349941,0.63208,1.166201,0.641278,0.603258,0.042617,3.0
-0.00747,0.562624,0.164136,-0.189291,-0.188412,-0.102897,-0.232863,0.281304,-0.236449,0.282916,1.0
0.341798,0.387548,0.338911,-0.557024,-0.128595,0.63208,0.650756,-0.378649,-0.498857,-0.197682,4.0
-0.531371,-0.575371,-0.360191,-1.450091,-1.564201,-0.470385,-0.453767,-0.91861,-1.54849,-0.618205,7.0
0.167164,-0.268987,0.688462,-0.084225,0.050856,0.117596,-0.969212,0.041321,0.183404,0.823588,1.0
0.8657,0.869008,0.819544,0.703775,0.828476,0.485085,1.387105,0.521286,0.498294,0.162766,3.0
0.734724,0.693931,0.863238,0.125908,0.529392,1.367057,1.31347,0.281304,0.183404,0.583289,3.0
1.258626,1.394236,1.518646,0.808841,0.888293,2.54302,2.049819,0.881261,0.393331,1.664634,3.0
-0.269421,0.037396,-0.360191,-0.557024,-0.547313,-0.249892,0.061677,-0.798618,-0.341412,-1.158877,7.0
0.603749,0.475086,0.513687,-0.136758,0.110673,0.705578,0.798026,0.341299,-0.551339,0.102692,3.0
0.516432,0.343779,0.644768,-0.241825,-0.188412,0.485085,0.724391,0.281304,-0.603821,-0.077532,4.0
-0.269421,-0.531602,-0.185416,-1.187424,-1.025849,-0.249892,-0.453767,-1.458571,-1.076155,-1.158877,7.0
-0.269421,-0.356526,-0.185416,-0.767158,-1.2053,0.044099,0.061677,-1.038601,-0.708784,-0.918578,7.0
1.869844,1.306698,1.868197,1.124041,2.084632,2.322527,1.534375,2.381153,0.708221,2.38553,3.0
-0.531371,-0.444064,-0.491273,-0.241825,-0.906215,-1.352357,-1.484656,-0.438644,-0.551339,-0.858503,1.0
-0.356737,-0.181449,-0.447579,-0.451958,-0.188412,-0.911371,-1.042846,-0.738623,0.025959,-0.55813,1.0
-2.146735,-2.019749,-0.447579,2.594974,1.127561,-1.205362,-1.85283,0.281304,2.440116,0.162766,2.0
1.214967,1.131622,1.431258,0.493642,1.127561,1.661048,1.534375,1.121243,0.130923,1.36426,3.0
0.036189,0.475086,0.033054,0.230975,0.649025,-0.984869,-0.380132,0.341299,0.235886,0.102692,1.0
-0.094787,-0.181449,0.338911,-0.767158,-0.367863,0.338089,0.061677,-0.558636,-0.708784,-0.197682,7.0
0.909358,0.693931,1.038013,0.703775,1.366829,1.073066,0.429852,0.761269,0.393331,0.583289,1.0
0.691066,0.606393,0.732156,0.020842,0.349941,0.926071,0.945296,0.341299,-0.708784,0.282916,3.0
0.647407,0.343779,0.382605,-0.346891,-0.068778,0.63208,0.503487,-0.318653,-0.446376,-0.377906,7.0
-0.00747,0.343779,-0.622354,-0.819691,-0.966032,-0.396887,0.135312,-1.218588,-0.603821,-1.519325,7.0
-1.229907,-1.144368,-1.190375,0.020842,-0.547313,-0.911371,-0.969212,-0.318653,-0.656302,-0.377906,5.0
0.603749,0.256241,1.256483,0.230975,0.649025,-0.176394,-0.674672,0.341299,0.445813,0.643364,1.0
-0.182104,-0.268987,-0.272803,-1.292491,-1.265117,-0.176394,-0.085593,-1.278584,-1.128637,-0.798429,7.0
0.516432,0.562624,0.688462,-0.399425,0.050856,1.073066,0.945296,0.041321,-0.236449,0.282916,4.0
1.214967,0.737701,0.863238,0.913908,1.426646,-0.102897,-0.232863,0.581282,0.708221,0.042617,1.0
0.254481,1.044084,-0.534967,-0.557024,-0.068778,1.440554,2.344359,0.941256,-0.446376,0.342991,3.0
1.258626,1.65685,1.387565,0.703775,1.366829,1.367057,1.387105,0.821265,0.708221,0.703439,3.0
0.167164,0.562624,-0.666048,-0.399425,-0.367863,1.073066,0.945296,-0.198662,0.130923,-0.197682,2.0
0.254481,-0.356526,0.819544,0.020842,0.409758,-0.690878,-1.190116,0.161312,-0.446376,0.643364,1.0
-1.273565,-1.100599,-1.059293,-0.662091,-0.966032,-0.911371,-0.453767,-0.738623,-0.603821,-1.279026,5.0
1.12765,1.262929,0.688462,0.703775,0.768659,0.117596,0.135312,1.361226,0.393331,1.123962,1.0
0.909358,0.869008,0.688462,0.336042,0.529392,1.073066,1.31347,0.761269,0.183404,0.282916,3.0
1.302284,1.087853,1.212789,0.913908,1.665914,-0.176394,-0.159228,1.361226,0.813184,1.424335,1.0
-2.365027,-2.019749,-2.326416,1.912041,0.349941,-2.234329,-1.411021,0.881261,0.603258,0.102692,2.0
1.083992,1.21916,1.125401,0.808841,1.187378,-0.249892,-0.159228,1.181239,0.970629,1.36426,1.0
0.996675,1.262929,0.994319,0.230975,0.708842,1.440554,1.681645,0.701274,0.130923,0.883663,3.0
0.691066,1.000315,0.732156,-0.189291,0.110673,0.926071,1.166201,-0.138666,0.235886,0.042617,3.0
1.040333,0.912777,1.038013,0.230975,0.589209,1.661048,1.239836,0.581282,0.340849,0.823588,3.0
-0.182104,-0.093911,0.164136,-0.084225,-0.666947,-0.470385,-0.748307,-0.198662,-0.183967,-0.197682,1.0
-0.967956,-1.013061,-0.840824,-0.399425,-0.846398,-0.984869,-0.969212,-0.618631,-0.446376,-0.498055,5.0
0.822041,0.343779,0.601074,-0.189291,0.17049,1.146564,0.798026,0.161312,-0.236449,0.342991,3.0
1.12765,1.087853,1.038013,0.703775,1.067744,1.367057,1.976185,1.061248,0.393331,0.823588,3.0
0.167164,0.168703,0.513687,-0.609558,-0.367863,0.485085,0.356217,-0.198662,-0.866229,0.282916,4.0
-1.884784,-2.019749,-2.020559,1.649374,0.768659,-1.352357,-2.0001,1.361226,1.390483,0.823588,2.0
0.472773,0.518855,0.601074,-0.346891,-0.068778,0.63208,0.798026,0.161312,-0.446376,0.342991,4.0
-0.356737,-0.181449,-0.360191,-1.082358,-1.324934,-0.102897,-0.232863,-1.33858,-1.2336,-1.45925,7.0
0.691066,0.562624,1.038013,0.703775,0.589209,0.779075,0.061677,0.821265,-0.079004,0.523215,1.0
0.8657,0.912777,0.688462,0.020842,0.589209,0.485085,0.650756,-0.198662,0.708221,-0.197682,3.0
-1.884784,-2.282363,-0.360191,2.384841,1.54628,0.338089,-1.705561,0.701274,3.332304,-0.377906,2.0
0.822041,0.518855,0.819544,0.441108,0.708842,0.63208,-0.674672,0.701274,0.288368,1.184036,1.0
-2.365027,-2.369901,-2.282722,2.384841,0.828476,-2.087334,-1.85283,0.821265,2.440116,0.703439,2.0
-2.146735,-2.282363,-2.151641,2.279774,0.888293,-2.013836,-1.631926,0.881261,1.967781,0.643364,2.0
-1.884784,-2.063518,-1.015599,1.386708,0.708842,-1.646348,-1.411021,0.941256,1.075593,0.883663,2.0
0.516432,1.21916,0.338911,0.020842,0.349941,0.926071,1.166201,0.101317,0.603258,0.042617,3.0
0.341798,0.387548,-0.01064,-0.399425,-0.128595,0.63208,0.650756,-1.038601,-0.341412,-0.918578,7.0
0.036189,-0.531602,1.125401,-0.767158,-0.547313,1.514052,0.650756,-0.138666,-1.810899,0.763513,7.0
0.341798,0.343779,-0.01064,-0.189291,-0.188412,0.779075,0.061677,-0.198662,-0.079004,0.042617,4.0
-1.666492,-1.888442,-1.627314,1.071508,0.529392,-1.425855,-1.558291,1.361226,0.918148,0.943738,2.0
0.079847,-0.356526,0.207829,-0.189291,-0.068778,-0.470385,-0.674672,-0.798618,0.288368,-0.137607,5.0
-2.015759,-1.932211,-2.020559,1.596841,0.708842,-1.646348,-1.411021,0.941256,0.498294,0.883663,2.0
0.254481,-0.006373,0.601074,-0.346891,-0.308046,1.146564,0.798026,-0.07867,-0.813747,0.643364,7.0
-2.321368,-2.282363,-2.151641,2.962707,1.187378,-1.499353,-1.85283,1.181239,2.650043,0.763513,2.0
1.12765,0.869008,1.212789,0.703775,1.366829,-0.176394,-0.453767,1.361226,0.603258,1.123962,1.0
-1.273565,-1.188137,-1.146681,-1.92289,-2.162371,-1.205362,-0.748307,-2.178519,-2.020825,-2.780894,5.0
-0.269421,0.037396,-0.709742,-1.187424,-0.786581,-1.27886,0.356217,-0.798618,-0.91871,-0.43798,4.0
1.258626,1.21916,0.994319,0.703775,1.127561,-0.396887,-0.159228,0.281304,0.708221,0.403065,1.0
0.909358,0.869008,1.038013,0.493642,0.768659,0.117596,-0.748307,1.061248,0.393331,0.823588,1.0
-2.146735,-2.151056,-2.151641,1.649374,0.768659,-1.866841,-1.705561,0.761269,1.757854,0.823588,2.0
0.167164,-0.181449,0.338911,-0.819691,-0.846398,0.485085,0.356217,-0.618631,-1.2336,-0.498055,4.0
0.691066,1.131622,-0.360191,0.020842,0.589209,-0.690878,0.945296,-0.378649,0.498294,-1.699549,3.0
1.258626,1.394236,1.125401,0.598708,0.888293,1.881541,2.049819,0.881261,0.603258,0.763513,3.0
-1.273565,-2.151056,0.076748,1.071508,0.529392,0.779075,-1.85283,0.041321,2.020263,-0.55813,2.0
1.083992,1.000315,1.300177,0.178442,0.649025,1.514052,1.75528,1.181239,0.235886,0.763513,3.0
0.167164,0.037396,0.164136,-0.872224,-0.42768,0.411587,0.429852,-0.678627,-0.761265,-0.197682,4.0
1.083992,1.21916,1.125401,0.598708,0.888293,1.881541,2.049819,0.881261,0.235886,1.063887,3.0
-2.365027,-2.019749,-2.282722,2.752574,2.024815,-1.866841,-1.337386,1.361226,0.918148,1.904933,2.0
0.036189,0.256241,0.033054,-0.136758,-0.128595,0.117596,-0.085593,0.341299,-0.551339,-0.137607,4.0
-0.444054,-0.356526,-0.360191,-1.134891,-1.025849,-0.176394,-0.085593,-1.278584,-1.2336,-1.279026,7.0
1.389601,1.21916,1.256483,0.966441,1.486463,-0.176394,-0.674672,1.481217,1.023111,2.145231,1.0
-1.273565,-1.188137,-1.408844,-1.712757,-1.923103,-0.984869,-0.232863,-2.178519,-1.600972,-2.180147,5.0
-0.531371,-0.444064,-0.491273,-0.451958,-1.145483,-1.352357,-1.484656,-1.158593,-0.183967,-1.098802,1.0
0.647407,0.869008,0.382605,0.020842,0.708842,0.926071,1.092566,0.701274,0.130923,0.102692,3.0
-0.487713,-0.531602,-0.360191,-0.399425,-0.60713,-1.425855,-1.484656,-0.858614,-0.446376,-0.738354,1.0
-0.662347,-0.706678,-0.666048,-0.609558,-1.085666,-1.205362,-1.484656,-1.33858,-0.446376,-1.218951,1.0
0.472773,0.343779,0.382605,-0.346891,-0.068778,0.63208,1.092566,-0.07867,-0.446376,0.102692,4.0
1.12765,0.869008,1.038013,0.913908,1.366829,0.117596,-0.159228,1.061248,0.393331,1.424335,1.0
1.040333,1.131622,1.038013,0.230975,0.828476,1.367057,1.534375,0.581282,0.340849,1.36426,3.0
1.12765,1.087853,1.212789,0.336042,1.067744,1.734545,1.681645,1.361226,0.025959,0.583289,3.0
-0.356737,-0.444064,-0.447579,-1.082358,-1.504385,-0.176394,-0.085593,-1.518567,-1.338564,-1.45925,7.0
-1.491858,-1.53829,-1.408844,-1.239957,-1.384751,-1.058367,-1.263751,-1.818545,-0.971192,-1.759624,5.0
0.036189,0.081165,-0.098028,-0.136758,0.110673,-0.984869,-0.895577,0.341299,-0.183967,-0.137607,1.0
-2.234051,-2.282363,-2.239028,2.752574,0.888293,-1.719846,-1.85283,1.181239,2.650043,0.763513,2.0
0.996675,1.044084,0.601074,0.598708,0.94811,0.044099,0.503487,0.941256,0.708221,0.883663,1.0
0.8657,1.044084,0.994319,0.283508,0.828476,1.073066,0.724391,0.281304,0.498294,0.162766,3.0
0.254481,0.693931,0.033054,0.020842,-0.068778,-1.425855,-0.380132,-0.318653,0.288368,-0.618205,1.0
0.254481,0.343779,0.382605,0.598708,0.94811,-0.470385,-0.380132,0.701274,0.865666,0.643364,5.0
-0.531371,-0.925523,-0.272803,-0.504491,-0.60713,0.117596,-0.380132,-0.618631,0.235886,-0.798429,7.0
-1.011614,-1.144368,-1.102987,-1.029824,-1.145483,-0.470385,-0.453767,-1.158593,-0.761265,-1.098802,5.0
0.516432,0.693931,0.819544,0.125908,0.050856,1.661048,1.387105,0.521286,-0.183967,0.943738,4.0
-2.015759,-1.188137,-1.539926,1.124041,0.290124,-0.984869,0.356217,0.041321,1.652891,-0.978653,2.0
1.040333,1.306698,1.038013,0.230975,0.589209,1.661048,1.534375,1.121243,0.340849,0.823588,3.0
0.603749,1.21916,0.688462,0.020842,0.349941,0.999568,1.387105,0.341299,0.235886,0.643364,3.0
1.214967,1.438005,0.994319,0.441108,0.708842,1.440554,2.344359,0.941256,0.498294,0.883663,3.0
-2.321368,-2.369901,-2.239028,1.596841,0.349941,-1.940339,-1.85283,0.101317,1.705373,0.282916,2.0
0.56009,0.518855,0.513687,-0.241825,0.050856,1.073066,0.724391,-0.438644,-0.393894,0.282916,7.0
-0.269421,-0.356526,-0.185416,-0.189291,-0.068778,-1.425855,-1.411021,-0.558636,-0.446376,-0.618205,1.0
-2.234051,-2.45744,-1.802089,1.754441,0.828476,-2.160832,-1.926465,1.421222,2.650043,1.36426,2.0
0.647407,0.869008,1.212789,0.020842,0.409758,2.028536,1.092566,0.401295,-0.236449,0.883663,3.0
-0.094787,-0.006373,-0.185416,-0.924758,-0.547313,0.63208,0.135312,-1.278584,-0.813747,-0.858503,7.0
-0.182104,-0.268987,0.033054,-0.924758,-0.846398,-0.176394,-0.380132,-1.038601,-0.91871,-1.218951,7.0
-1.186248,-1.275675,-1.277763,-1.239957,-1.564201,-1.058367,-0.748307,-1.818545,-0.761265,-1.759624,5.0
0.167164,0.212472,-0.01064,-0.662091,-0.666947,0.411587,0.135312,-0.678627,-0.761265,-0.618205,4.0
0.341798,1.262929,-0.185416,-0.241825,-0.42768,-0.176394,1.31347,-0.438644,0.603258,-0.618205,7.0
-0.444054,-0.706678,0.338911,-1.76529,-1.444568,1.220062,-0.159228,-1.038601,-1.653454,0.523215,7.0
1.43326,1.306698,1.431258,0.913908,1.426646,-0.396887,-0.232863,1.421222,0.918148,1.724709,1.0
-2.27771,-2.019749,-2.282722,2.752574,1.725731,-1.866841,-1.558291,1.7212,2.440116,1.904933,2.0
-0.967956,-0.006373,-0.928212,-0.241825,-0.726764,-0.102897,0.429852,-0.738623,0.025959,-0.317831,5.0
-0.444054,-0.356526,-0.360191,0.020842,-0.128595,-1.499353,-1.411021,-0.558636,-0.131486,-0.43798,1.0
-2.365027,-2.019749,-1.408844,2.647507,0.888293,-1.719846,-1.631926,0.881261,1.390483,0.643364,2.0
-0.531371,-0.925523,0.033054,-1.292491,-1.265117,0.411587,-0.380132,-1.278584,-1.496009,-0.377906,5.0
0.691066,1.044084,0.994319,-0.084225,0.290124,1.367057,1.092566,0.281304,0.235886,0.703439,4.0
0.036189,-0.181449,0.164136,-0.767158,-0.547313,0.63208,0.356217,-0.378649,-1.286082,-0.197682,4.0
0.8657,0.825239,0.906932,0.178442,0.649025,1.514052,1.46074,0.341299,0.603258,0.523215,3.0
0.996675,0.869008,0.994319,0.441108,0.94811,2.028536,1.387105,0.701274,0.130923,1.184036,3.0
0.341798,0.518855,0.076748,0.283508,0.529392,-0.396887,-0.453767,0.281304,0.708221,0.703439,5.0
0.167164,0.168703,0.076748,-0.662091,-0.487496,0.779075,0.429852,-0.49864,-0.813747,-0.317831,4.0
-0.749664,-0.837985,-1.015599,0.441108,0.17049,-0.690878,-0.674672,-0.558636,0.708221,-0.137607,5.0
-0.618688,-0.531602,-0.709742,-1.502624,-1.683835,-0.176394,-0.380132,-1.938536,-1.2336,-1.759624,7.0
-0.356737,-0.444064,-0.272803,-1.292491,-1.265117,-0.176394,-0.085593,-1.278584,-1.338564,-1.218951,7.0
1.258626,1.21916,1.300177,0.966441,1.845364,-0.249892,-0.453767,1.181239,0.970629,1.664634,1.0
-0.618688,-0.356526,-0.534967,-1.345024,-1.683835,-0.470385,-0.085593,-1.278584,-1.391045,-1.759624,7.0
0.909358,0.869008,1.038013,0.125908,0.529392,1.367057,1.31347,0.521286,0.183404,0.583289,3.0
1.214967,0.825239,0.863238,0.230975,0.649025,1.293559,1.387105,0.641278,0.025959,0.342991,3.0
0.385456,0.650162,0.207829,-0.136758,-0.128595,0.411587,0.503487,-0.378649,-0.341412,-0.137607,7.0
-0.444054,-0.181449,-0.185416,-0.346891,-0.786581,-1.205362,-1.411021,-0.558636,-0.236449,-0.137607,1.0
-0.356737,-0.268987,-0.666048,-1.239957,-1.384751,-0.176394,-0.159228,-0.91861,-0.971192,-1.339101,7.0
-1.928442,-1.100599,-2.282722,2.594974,1.127561,-0.911371,0.429852,0.041321,2.859969,0.943738,2.0
0.603749,0.650162,0.207829,0.020842,0.110673,0.411587,0.798026,0.101317,0.025959,-0.55813,3.0
-2.234051,-2.238594,-2.239028,1.281641,0.050856,-2.087334,-2.0001,0.041321,1.390483,0.583289,2.0
0.385456,1.394236,-1.015599,0.388575,0.349941,-0.764376,1.681645,0.101317,0.445813,-0.798429,3.0
-1.273565,-1.53829,-1.234069,-1.607691,-1.683835,-0.911371,-0.748307,-1.938536,-0.813747,-1.939848,5.0
-0.356737,-0.61914,-0.098028,-0.136758,-0.367863,-1.27886,-1.411021,0.101317,-0.341412,-0.137607,1.0
-0.531371,-0.61914,0.033054,-1.450091,-1.504385,0.999568,0.208947,-0.618631,-1.496009,-0.137607,7.0
0.385456,-0.268987,0.338911,0.598708,0.649025,-0.176394,-0.380132,0.881261,0.813184,1.184036,5.0
0.210823,0.212472,0.164136,-0.557024,-0.547313,0.338089,0.945296,-0.138666,-0.708784,-0.197682,4.0
-0.182104,0.168703,-0.447579,-0.451958,-0.487496,0.191094,0.724391,0.041321,-0.603821,-0.798429,4.0
-2.234051,-2.151056,-2.282722,2.017107,0.290124,-1.719846,-1.705561,0.281304,1.652891,0.523215,2.0
0.167164,0.562624,-0.01064,0.230975,0.050856,-0.984869,-0.453767,0.041321,0.340849,0.042617,1.0
-0.531371,-0.444064,-0.753436,-1.292491,-1.504385,-0.176394,-0.380132,-1.518567,-1.338564,-1.639474,7.0
-0.094787,-0.356526,0.033054,-0.557024,-0.786581,0.044099,-0.085593,-0.798618,-0.813747,-0.858503,7.0
-1.404541,-1.188137,-1.277763,-1.502624,-1.923103,-0.690878,-1.263751,-1.758549,-1.2336,-0.978653,5.0
-0.444054,-0.181449,-0.360191,-1.345024,-1.2053,-0.470385,-0.159228,-1.458571,-1.286082,-1.819698,7.0
-2.015759,-2.151056,-0.884518,2.542441,1.845364,0.338089,-1.85283,1.181239,3.017414,-0.197682,2.0
1.214967,1.21916,1.081707,0.756308,1.486463,-0.176394,-0.380132,1.181239,0.813184,1.48441,1.0
-0.182104,-0.356526,-0.534967,-0.189291,-0.367863,-1.205362,-1.263751,-0.378649,-0.236449,-0.197682,1.0
-1.273565,-1.319444,-1.277763,-1.292491,-1.504385,-1.205362,-1.263751,-1.518567,-1.2336,-1.218951,5.0
-1.273565,-0.662909,-1.627314,-0.451958,-0.966032,-0.911371,-0.453767,-0.978606,-0.603821,-1.279026,5.0
-1.229907,-1.275675,-1.190375,-0.346891,-0.786581,-1.205362,-0.969212,-0.798618,-0.656302,-0.137607,5.0
0.691066,0.825239,0.906932,0.020842,0.349941,0.926071,0.945296,0.881261,-0.131486,0.282916,3.0
-0.00747,-0.181449,0.338911,-0.819691,-1.085666,0.117596,0.650756,-0.858614,-0.866229,-0.738354,7.0
-0.182104,-0.093911,-0.098028,-0.714624,-0.846398,0.117596,0.208947,-0.858614,-0.91871,-1.639474,7.0
-1.491858,-1.363214,-1.408844,-1.450091,-1.743652,-0.984869,-1.190116,-1.938536,-1.128637,-2.059997,5.0
0.210823,0.650162,-0.272803,-0.136758,-0.128595,0.117596,0.798026,-0.378649,0.025959,-1.038727,7.0
-0.182104,0.256241,-0.447579,-0.504491,-0.846398,-0.470385,0.503487,-0.618631,-0.183967,-1.038727,7.0
0.996675,1.044084,0.819544,0.598708,1.247195,-0.690878,-0.380132,0.941256,0.708221,0.883663,1.0
0.8657,1.000315,0.906932,0.178442,0.349941,1.220062,1.166201,0.881261,0.235886,0.763513,4.0
-0.531371,-0.268987,-0.491273,-1.239957,-1.564201,-0.470385,-0.453767,-1.398575,-0.761265,-1.759624,7.0
0.8657,0.912777,0.688462,0.230975,0.589209,1.073066,1.239836,0.581282,0.130923,0.523215,3.0
1.302284,0.869008,1.212789,0.493642,0.768659,1.367057,1.681645,1.361226,0.025959,0.823588,3.0
-0.749664,-0.181449,-1.190375,-1.76529,-1.863286,-0.249892,0.356217,-0.558636,-1.443527,-1.399176,5.0
1.520577,1.262929,1.212789,0.703775,1.366829,1.734545,1.681645,1.061248,0.393331,1.123962,3.0
-2.27771,-2.019749,-2.37011,3.17284,2.383717,-1.866841,-1.337386,1.121243,2.859969,1.904933,2.0
0.079847,0.168703,0.207829,0.020842,-0.068778,-1.205362,-0.969212,-0.07867,-0.079004,-0.137607,1.0
1.651552,1.21916,1.824503,0.861375,1.725731,1.367057,1.75528,1.7212,0.498294,1.904933,3.0
0.210823,-0.093911,0.688462,0.020842,0.110673,-0.984869,-1.190116,0.101317,-0.183967,0.342991,1.0
1.43326,1.438005,1.387565,0.861375,1.725731,0.191094,0.429852,1.7212,0.918148,1.244111,1.0
-2.365027,-2.45744,-2.282722,2.384841,1.366829,-1.866841,-2.073735,1.361226,2.650043,0.403065,2.0
0.691066,0.518855,0.644768,-0.084225,0.050856,1.073066,1.092566,0.281304,0.025959,0.703439,3.0
-0.967956,-0.531602,-2.064253,0.703775,0.050856,-1.425855,-0.232863,-0.198662,0.708221,0.823588,2.0
-0.00747,0.693931,-0.666048,-0.451958,-0.666947,0.117596,1.018931,-0.198662,-0.393894,-0.377906,7.0
-1.055273,-1.144368,-1.321457,-0.924758,-1.265117,-1.205362,-0.674672,-1.698554,-0.656302,-2.360371,5.0
-1.491858,-0.575371,-2.239028,1.281641,0.290124,-1.058367,0.429852,0.041321,1.600409,0.282916,2.0
0.8657,1.21916,0.906932,0.178442,0.349941,1.220062,1.46074,0.341299,0.235886,0.282916,3.0
0.691066,0.737701,0.338911,0.020842,0.589209,0.779075,0.945296,0.281304,0.130923,0.282916,3.0
-0.706005,-0.444064,-0.884518,-0.136758,-0.367863,0.999568,0.503487,0.101317,-0.183967,0.102692,5.0
0.036189,0.081165,-0.272803,-0.714624,-0.60713,-0.176394,0.208947,-0.858614,-0.341412,-1.218951,7.0
0.516432,-0.181449,0.557381,0.388575,0.349941,0.044099,-0.674672,0.641278,0.393331,1.063887,1.0
1.040333,0.912777,1.038013,0.493642,0.828476,1.367057,1.239836,0.821265,0.340849,0.823588,3.0
-2.059418,-2.151056,-2.282722,1.281641,0.290124,-1.866841,-1.337386,-0.198662,0.918148,0.703439,2.0
-1.186248,-1.144368,-0.971906,-0.662091,-1.145483,-0.764376,-0.453767,-0.91861,-0.761265,-1.098802,5.0
1.302284,0.869008,1.038013,0.913908,1.366829,0.117596,-0.159228,1.361226,0.183404,1.123962,1.0
1.214967,1.262929,0.994319,0.441108,0.94811,1.440554,1.681645,0.701274,0.498294,0.883663,3.0
0.691066,0.912777,0.688462,0.493642,0.828476,0.779075,0.356217,1.121243,0.130923,1.123962,1.0
-0.444054,-0.531602,-0.534967,-1.345024,-1.624018,-0.249892,-0.453767,-1.458571,-1.286082,-1.399176,7.0
0.036189,-0.356526,0.164136,-0.767158,-1.2053,0.044099,-0.674672,-1.458571,-0.708784,-0.678279,7.0
-0.182104,0.343779,-0.666048,-0.399425,-0.60713,-0.102897,0.945296,-0.198662,-0.446376,-0.978653,5.0
-0.182104,-0.181449,-0.272803,-1.029824,-0.966032,-0.102897,-0.159228,-0.978606,-1.286082,-1.279026,7.0
-0.487713,-0.356526,-0.360191,-1.292491,-1.324934,-0.396887,0.061677,-1.518567,-1.2336,-1.699549,7.0
0.822041,0.825239,0.513687,0.020842,0.349941,0.705578,1.387105,0.101317,0.025959,0.342991,3.0
0.341798,0.168703,-0.01064,0.020842,0.290124,-0.396887,-0.453767,0.281304,-0.079004,0.282916,1.0
1.12765,1.087853,1.212789,0.913908,1.366829,-0.470385,-0.159228,1.361226,0.603258,1.123962,1.0
0.8657,1.306698,0.688462,0.020842,0.290124,1.073066,1.534375,0.821265,0.130923,0.823588,3.0
0.909358,0.693931,1.038013,0.336042,0.529392,1.734545,1.681645,1.061248,-0.393894,1.123962,3.0
-0.749664,-0.662909,-0.709742,-0.346891,-1.025849,-1.646348,-1.190116,-0.798618,0.130923,-0.858503,1.0
-0.531371,-0.61914,-0.447579,-1.292491,-1.504385,0.411587,-0.674672,-1.038601,-1.496009,-0.55813,7.0
0.341798,0.168703,0.338911,-0.609558,-0.188412,0.779075,0.356217,-0.198662,-0.656302,0.282916,4.0
0.036189,0.037396,-0.01064,-0.557024,-0.547313,0.338089,0.356217,-0.378649,-0.498857,-0.678279,7.0
1.43326,1.21916,1.212789,0.861375,1.366829,-0.102897,0.724391,1.121243,0.918148,0.403065,1.0
-2.146735,-2.369901,-1.015599,1.754441,0.708842,-0.470385,-1.705561,-0.318653,2.755006,-1.759624,2.0
-0.00747,-0.006373,-0.360191,-0.399425,-0.60713,0.117596,0.650756,-0.858614,-0.446376,-0.978653,7.0
-1.273565,-1.319444,-1.408844,-1.082358,-1.324934,-0.984869,-0.969212,-1.33858,-0.866229,-1.218951,5.0
0.691066,0.737701,0.164136,0.493642,0.828476,-0.984869,-0.748307,0.581282,0.498294,-0.197682,1.0
-0.618688,-0.969292,0.207829,0.808841,0.708842,0.338089,-0.380132,0.401295,0.865666,0.643364,5.0
-0.749664,-0.531602,-0.534967,-1.345024,-1.863286,-0.470385,-0.453767,-1.878541,-1.076155,-1.819698,7.0
-0.749664,-0.531602,-0.709742,-1.345024,-1.624018,-0.470385,-0.453767,-1.458571,-1.286082,-1.5794,7.0
0.691066,0.606393,0.906932,0.388575,0.888293,0.63208,-0.159228,0.641278,0.025959,0.763513,1.0
0.909358,0.518855,0.688462,0.493642,1.067744,-0.470385,-0.159228,0.761269,0.393331,0.823588,1.0
0.8657,0.693931,0.819544,0.125908,0.828476,1.073066,1.387105,0.521286,-0.603821,0.403065,3.0
0.341798,0.518855,0.338911,-0.241825,-0.188412,0.705578,0.724391,0.041321,-0.393894,-0.197682,4.0
0.734724,0.037396,1.038013,0.125908,0.290124,1.367057,-0.453767,-0.91861,0.025959,0.823588,4.0
-0.182104,-0.356526,-0.098028,-0.819691,-0.966032,0.779075,0.135312,-0.978606,-0.813747,-0.317831,7.0
-2.234051,-1.188137,-2.282722,3.067774,1.725731,-1.940339,0.650756,1.7212,2.440116,2.025082,2.0
-0.269421,0.168703,-0.534967,-0.767158,-0.547313,0.63208,0.503487,-0.558636,-0.236449,-0.137607,7.0
-0.356737,-0.268987,-0.360191,-1.239957,-1.145483,-0.176394,-0.159228,-1.158593,-1.181119,-1.339101,7.0
-0.182104,-0.268987,0.164136,-0.084225,-0.42768,-0.764376,0.135312,0.281304,-0.183967,0.042617,1.0
-1.535516,-1.494521,-1.321457,-0.977291,-1.2053,-1.27886,-0.895577,-1.638558,0.235886,-1.399176,5.0
-2.27771,-2.282363,-2.239028,3.17284,1.486463,-1.719846,-1.85283,1.781196,2.964933,1.844858,2.0
-0.269421,-0.531602,-0.360191,-1.187424,-1.444568,-0.249892,-0.453767,-1.458571,-1.076155,-1.399176,7.0
-0.00747,-0.268987,-0.01064,-1.029824,-0.906215,0.117596,-0.159228,-1.158593,-0.971192,-0.858503,7.0
1.43326,1.525543,1.431258,0.703775,1.426646,2.322527,2.197089,1.421222,0.498294,1.36426,3.0
-1.273565,-1.406983,-1.234069,-1.029824,-1.2053,-0.911371,-1.042846,-1.218588,-1.076155,-1.279026,5.0
0.691066,0.737701,0.688462,0.020842,0.290124,0.779075,0.650756,0.041321,0.130923,0.282916,3.0
-0.444054,-0.356526,-0.01064,-1.187424,-1.444568,0.338089,-0.159228,-0.558636,-1.443527,-0.918578,7.0
0.341798,0.168703,0.076748,-0.451958,-0.188412,1.073066,1.092566,0.041321,-0.393894,-0.077532,4.0
-1.622833,-2.151056,-1.015599,0.598708,-0.308046,-0.470385,-1.190116,-1.038601,2.964933,-1.519325,2.0
0.167164,-0.006373,0.469993,-0.819691,-0.487496,0.485085,0.429852,0.041321,-0.813747,-0.077532,7.0
0.516432,0.518855,0.644768,-0.241825,0.050856,1.367057,1.387105,-0.198662,-0.183967,0.162766,3.0
-0.531371,-0.662909,-0.928212,-0.451958,-0.726764,-0.911371,-1.337386,-0.978606,-0.603821,-0.55813,1.0
-0.444054,-0.356526,-0.534967,-1.345024,-1.504385,-0.470385,-0.380132,-1.518567,-1.391045,-1.519325,7.0
1.040333,1.21916,0.644768,0.125908,1.127561,1.367057,1.75528,0.821265,0.708221,0.162766,3.0
-2.146735,-2.019749,-2.020559,1.491774,0.768659,-1.57285,-1.484656,0.761269,1.600409,1.123962,2.0
-1.404541,-1.53829,-1.496232,-1.397557,-1.683835,-1.205362,-1.042846,-1.458571,-1.496009,-1.699549,5.0
0.996675,1.21916,1.081707,0.598708,1.486463,-0.470385,-0.085593,1.481217,0.813184,1.48441,1.0
-0.182104,-0.006373,1.038013,0.493642,0.589209,0.779075,0.650756,1.121243,0.130923,1.36426,1.0
1.214967,1.000315,0.863238,0.598708,0.649025,1.293559,1.387105,0.881261,0.235886,0.643364,3.0
0.996675,1.262929,0.994319,0.598708,0.94811,-0.176394,0.135312,1.241235,0.865666,1.184036,1.0
-0.182104,0.081165,-0.447579,-0.714624,-0.846398,0.117596,-0.085593,-0.858614,-0.761265,-0.798429,7.0
-0.094787,0.343779,-1.496232,-0.767158,-0.547313,-1.205362,-0.085593,-0.798618,-0.079004,-0.137607,4.0
-0.00747,0.562624,-0.01064,-0.609558,-0.846398,0.779075,1.239836,-0.378649,-0.656302,0.042617,7.0
0.167164,-1.100599,0.819544,-0.084225,0.290124,-0.396887,-1.558291,0.821265,-0.183967,0.403065,2.0
0.8657,1.044084,0.994319,-0.084225,0.529392,2.028536,0.724391,1.361226,0.708221,1.544484,1.0
-2.234051,-0.881754,-2.020559,2.069641,0.529392,-1.866841,-1.263751,0.521286,-0.971192,0.823588,2.0
-0.00747,1.044084,1.212789,0.125908,0.050856,0.779075,0.135312,-0.198662,0.498294,0.403065,1.0
-2.015759,-0.662909,-2.37011,1.754441,0.409758,-1.866841,-1.411021,0.401295,-0.656302,0.883663,2.0
0.691066,0.869008,0.469993,-0.084225,0.529392,0.779075,1.387105,0.521286,0.235886,-0.077532,3.0
-0.706005,-0.575371,-0.666048,-1.450091,-1.803469,-0.176394,-0.453767,-1.818545,-1.338564,-1.519325,7.0
-0.706005,-0.750447,-0.753436,-1.450091,-1.743652,-0.470385,-0.380132,-1.518567,-1.496009,-1.639474,7.0
-1.928442,-2.019749,-1.889477,2.017107,1.366829,-1.866841,-1.558291,1.7212,1.547928,1.244111,2.0
0.079847,0.343779,0.033054,-0.346891,-0.547313,0.926071,0.798026,-0.07867,-0.236449,-0.137607,7.0
0.996675,1.000315,0.688462,0.388575,0.888293,1.293559,1.387105,0.341299,0.603258,-0.137607,3.0
-0.967956,-1.013061,-0.840824,-0.189291,-0.60713,-0.984869,-0.969212,-0.378649,-0.236449,-0.498055,5.0
0.516432,0.825239,0.732156,0.020842,0.349941,0.926071,1.166201,0.341299,0.235886,0.042617,3.0
-2.015759,-1.757135,-2.151641,1.964574,0.888293,-1.499353,-0.159228,0.341299,1.495446,1.063887,2.0
-1.011614,-0.881754,-1.102987,0.336042,0.050856,-1.058367,-0.748307,0.041321,0.025959,0.042617,5.0
0.734724,0.518855,0.863238,0.336042,0.290124,-0.764376,-0.453767,0.521286,-0.183967,0.823588,1.0
1.040333,1.525543,0.863238,0.703775,1.127561,-0.102897,0.061677,1.421222,0.708221,1.724709,1.0
1.040333,1.044084,1.212789,0.703775,1.127561,-0.102897,-0.159228,1.121243,0.708221,1.244111,1.0
0.472773,0.343779,0.207829,-0.557024,-0.308046,0.63208,0.503487,-0.318653,-0.656302,-0.377906,4.0
-0.356737,-0.662909,-0.622354,-1.239957,-1.444568,-0.102897,-0.159228,-1.458571,-1.286082,-1.279026,7.0
-0.182104,-0.181449,-0.098028,-1.029824,-0.966032,0.191094,-0.159228,-0.738623,-0.813747,-0.798429,7.0
0.691066,1.21916,0.557381,-0.189291,0.349941,0.926071,2.049819,0.341299,0.025959,-0.197682,3.0
0.822041,1.000315,0.688462,0.598708,0.649025,1.293559,1.387105,0.641278,0.445813,0.342991,3.0
1.258626,1.394236,1.300177,0.598708,1.187378,1.514052,1.75528,1.181239,0.603258,0.763513,3.0
0.996675,0.869008,0.819544,0.230975,0.409758,0.63208,0.798026,0.161312,0.498294,0.102692,3.0
0.8657,0.606393,0.906932,0.598708,0.888293,-0.249892,-0.453767,1.181239,0.235886,1.063887,1.0
1.302284,1.087853,1.212789,0.703775,1.067744,0.117596,-0.159228,1.061248,0.813184,1.123962,1.0
1.040333,0.737701,1.038013,0.230975,0.589209,1.661048,-0.232863,0.821265,0.340849,1.36426,4.0
-2.27771,-2.45744,-2.151641,2.962707,2.024815,-1.646348,-1.85283,2.381153,3.069896,1.544484,2.0
-0.00747,-0.093911,-0.360191,-0.084225,0.050856,-1.058367,-1.263751,0.521286,-0.183967,0.042617,1.0
-0.356737,-0.444064,-0.578661,-0.346891,-0.60713,-1.27886,-1.190116,-1.038601,-0.341412,-1.038727,1.0
-2.234051,-2.151056,-2.239028,1.754441,0.110673,-1.719846,-1.190116,0.101317,1.495446,0.282916,2.0
-0.57503,0.212472,-1.758396,0.808841,0.649025,-0.764376,-0.159228,0.881261,2.072744,1.063887,1.0
1.040333,0.912777,1.038013,0.230975,0.589209,1.367057,1.239836,0.581282,0.340849,1.123962,3.0
1.12765,1.262929,0.863238,0.913908,1.366829,0.117596,0.429852,1.361226,0.970629,1.424335,1.0
0.516432,0.518855,1.212789,-0.084225,0.290124,1.367057,1.387105,0.521286,0.025959,0.703439,3.0
-0.662347,-0.487833,-0.753436,-1.607691,-1.683835,-0.102897,-0.159228,-1.458571,-1.496009,-1.279026,7.0
0.691066,0.343779,0.688462,-0.189291,0.050856,1.367057,0.945296,0.581282,-0.866229,0.523215,4.0
-0.749664,-0.181449,-1.015599,-1.345024,-1.863286,-0.249892,0.356217,-1.458571,-1.076155,-1.399176,7.0
0.691066,0.737701,0.513687,0.020842,0.290124,0.117596,0.945296,0.281304,0.130923,0.042617,3.0
-2.015759,-1.231906,-2.239028,2.805107,1.486463,-1.719846,-0.895577,0.641278,0.235886,1.48441,2.0
1.040333,0.168703,1.431258,0.493642,0.828476,1.073066,-0.453767,0.821265,0.340849,1.123962,1.0
-0.880639,-0.531602,-1.015599,0.020842,-0.547313,-0.764376,-0.895577,-0.138666,0.025959,0.042617,5.0
-0.531371,-0.575371,-0.491273,-0.662091,-0.906215,-1.352357,-1.263751,-0.91861,-0.551339,-0.618205,1.0
1.869844,1.875696,1.606034,1.071508,2.383717,2.028536,1.75528,2.381153,1.128074,2.205306,3.0
0.8657,0.343779,0.994319,0.283508,0.529392,0.779075,-0.159228,1.121243,0.235886,0.943738,1.0
0.996675,1.21916,1.081707,0.230975,0.649025,1.293559,1.681645,0.881261,0.235886,0.342991,3.0
1.302284,1.481774,1.038013,0.703775,1.665914,1.367057,1.681645,1.661204,0.813184,0.823588,3.0
-0.00747,0.343779,-0.098028,0.125908,0.050856,-0.690878,-0.453767,0.281304,0.025959,-0.317831,1.0
-2.365027,-2.238594,-1.933171,2.437374,1.127561,-1.719846,-1.705561,1.421222,2.440116,1.36426,2.0
-0.618688,-0.181449,-1.627314,0.230975,-0.068778,-1.866841,0.135312,-0.07867,-0.236449,0.342991,2.0
-0.880639,-0.750447,0.164136,-0.451958,-0.666947,0.411587,-0.159228,-0.91861,-0.551339,-0.197682,7.0
0.341798,0.212472,0.338911,-0.767158,-0.128595,0.926071,0.650756,0.341299,-2.17827,0.282916,3.0
0.036189,0.212472,0.338911,-0.399425,-0.367863,0.63208,0.650756,-0.138666,0.025959,-0.43798,4.0
1.12765,1.087853,1.038013,0.703775,1.067744,0.117596,-0.159228,1.361226,0.813184,1.424335,1.0
1.214967,1.262929,1.212789,0.808841,1.247195,-0.176394,-0.085593,1.901187,0.708221,1.48441,1.0
1.258626,1.21916,0.819544,0.493642,1.127561,2.028536,2.049819,1.361226,0.708221,0.703439,3.0
-1.317224,-1.406983,-1.539926,-0.872224,-0.906215,-1.058367,-0.969212,-1.578562,-0.761265,-1.339101,5.0
-2.27771,-2.282363,-2.282722,2.962707,1.54628,-1.866841,-1.705561,2.201166,2.755006,1.784783,2.0
-1.186248,-1.888442,-0.272803,0.756308,0.349941,-1.27886,-2.073735,1.181239,0.025959,0.643364,2.0
1.607893,1.21916,0.338911,1.124041,1.486463,-0.176394,0.798026,1.481217,0.603258,-0.137607,1.0
-2.234051,-2.282363,-2.239028,3.120307,2.144449,-1.719846,-1.85283,1.841192,3.017414,2.325455,2.0
0.167164,0.168703,-0.185416,0.020842,0.050856,-0.984869,-0.969212,-0.378649,0.340849,-0.197682,1.0
0.691066,0.869008,0.994319,0.125908,0.529392,1.073066,1.092566,0.821265,0.235886,0.703439,3.0
-0.182104,0.037396,-0.360191,-0.662091,-0.906215,0.117596,0.135312,-0.438644,-0.551339,-0.858503,4.0
-1.186248,-1.231906,-1.146681,0.230975,-0.367863,-0.764376,-0.895577,-0.138666,-0.551339,-0.137607,5.0
0.079847,-0.006373,0.207829,-0.767158,-0.547313,0.338089,0.135312,-0.558636,-0.656302,-0.858503,4.0
-0.269421,-0.881754,-0.360191,-0.557024,-0.786581,-0.764376,-0.159228,-1.218588,-0.91871,-0.678279,7.0
-0.356737,-0.925523,0.033054,-1.082358,-1.025849,0.411587,-0.674672,-1.278584,-1.128637,-0.377906,7.0
1.43326,1.21916,1.212789,0.861375,1.366829,-0.690878,0.135312,1.361226,0.918148,1.244111,1.0
0.996675,1.262929,0.601074,0.598708,0.94811,0.044099,-0.085593,1.241235,0.130923,1.184036,1.0
0.341798,0.387548,-0.01064,0.020842,0.110673,-0.470385,0.356217,-0.798618,0.025959,-1.158877,7.0
1.302284,1.262929,1.212789,0.703775,1.067744,1.734545,1.976185,1.061248,0.603258,1.123962,3.0
0.516432,0.693931,0.644768,-0.084225,0.290124,1.073066,1.092566,0.281304,0.498294,0.162766,3.0
0.691066,0.737701,0.688462,-0.189291,0.290124,1.073066,1.90255,0.281304,-0.079004,0.282916,3.0
0.996675,1.044084,0.994319,0.230975,0.409758,1.440554,1.387105,0.401295,0.288368,0.883663,3.0
-0.356737,-0.356526,-0.360191,-1.502624,-1.324934,-0.102897,-0.453767,-1.518567,-1.2336,-1.45925,7.0
1.258626,1.613081,1.300177,0.808841,1.486463,-0.249892,-0.453767,1.481217,0.970629,1.36426,1.0
0.167164,0.037396,0.338911,-0.872224,-0.666947,0.411587,0.724391,-0.438644,-0.551339,-0.197682,4.0
0.909358,0.869008,1.038013,0.336042,0.768659,1.367057,1.31347,0.761269,0.393331,0.583289,3.0
1.214967,0.869008,0.994319,0.598708,0.708842,1.440554,1.092566,0.401295,0.130923,0.342991,3.0
0.647407,0.869008,0.382605,0.020842,0.409758,0.63208,1.681645,0.161312,0.288368,-0.137607,3.0
-0.269421,-0.531602,0.033054,-0.557024,-0.547313,0.338089,0.135312,-0.558636,-0.236449,-0.858503,7.0
-0.182104,-0.444064,0.338911,-0.872224,-1.145483,1.073066,-0.159228,-1.398575,-1.181119,0.282916,7.0
-0.00747,0.343779,0.513687,0.913908,1.067744,0.411587,-0.159228,0.761269,0.813184,0.583289,5.0
-0.182104,-0.268987,-0.185416,-1.029824,-1.384751,0.117596,-0.159228,-1.158593,-0.971192,-0.858503,7.0
-0.182104,-0.181449,-0.01064,-0.819691,-0.846398,-0.102897,-0.232863,-0.858614,-1.023674,-1.218951,7.0
1.040333,1.044084,0.994319,0.493642,0.529392,1.661048,1.75528,0.821265,0.235886,0.943738,3.0
-0.094787,-0.181449,0.033054,-0.924758,-1.025849,0.044099,0.135312,-1.038601,-1.023674,-0.858503,7.0
-0.094787,0.168703,0.033054,-0.767158,-0.786581,-0.176394,0.135312,-0.798618,-0.446376,-0.377906,4.0
0.647407,0.693931,0.601074,0.230975,0.708842,-0.470385,-0.380132,0.401295,0.288368,0.883663,1.0
-0.444054,-0.356526,0.033054,-1.134891,-1.265117,0.926071,-0.380132,-1.278584,-1.023674,-0.618205,7.0
1.258626,1.044084,1.387565,0.703775,1.366829,-0.102897,0.135312,1.7212,0.708221,1.544484,1.0
-0.618688,-0.531602,-0.360191,-0.346891,-0.786581,0.044099,-0.380132,-0.798618,-0.236449,-0.858503,5.0
-2.234051,-2.151056,-2.239028,3.120307,1.845364,-1.940339,-1.85283,1.841192,3.174859,2.325455,2.0
-0.269421,-0.356526,-0.185416,-0.977291,-1.2053,-0.249892,-0.159228,-1.038601,-1.076155,-1.399176,7.0
1.302284,1.087853,1.212789,0.913908,1.366829,0.117596,-0.453767,1.361226,0.970629,1.724709,1.0
0.8657,0.737701,0.863238,0.493642,0.828476,-0.690878,-0.453767,0.581282,0.498294,0.823588,1.0
0.472773,-0.356526,0.601074,-0.346891,-0.308046,0.926071,-0.085593,-0.07867,-1.023674,0.342991,7.0
-0.182104,0.081165,-1.408844,0.598708,-0.128595,0.117596,0.208947,-0.618631,0.813184,-0.377906,2.0
0.909358,0.869008,1.038013,0.125908,0.290124,0.705578,0.724391,0.281304,0.025959,0.583289,3.0
-0.531371,-0.61914,-0.578661,-1.292491,-1.504385,-0.470385,-0.085593,-1.758549,-1.496009,-1.879773,7.0
1.258626,1.21916,0.994319,0.703775,1.127561,-0.690878,0.135312,0.521286,0.918148,0.162766,1.0
-0.444054,-0.181449,-0.360191,-1.134891,-1.504385,0.044099,0.135312,-0.798618,-0.813747,-0.858503,7.0
-1.404541,-1.319444,-1.015599,-0.399425,-1.2053,-0.764376,-1.411021,-1.038601,-0.708784,-1.158877,5.0
-0.356737,-0.356526,-0.447579,-1.397557,-1.2053,-0.396887,-0.159228,-1.458571,-1.286082,-1.519325,7.0
0.909358,1.087853,1.038013,0.703775,1.366829,0.117596,-0.453767,1.361226,0.970629,1.123962,1.0
-0.836981,-0.706678,-0.666048,-1.292491,-1.743652,-0.690878,-0.453767,-1.758549,-1.443527,-1.939848,7.0
-1.14259,-1.188137,-0.709742,-2.133024,-2.640907,0.044099,-1.190116,-1.878541,-2.020825,-1.158877,5.0
-0.836981,-0.662909,-0.753436,0.861375,0.290124,-0.690878,-0.453767,-0.49864,0.708221,-0.55813,5.0
0.167164,0.168703,0.076748,-0.662091,-0.726764,0.485085,0.429852,-0.49864,-0.813747,-0.798429,4.0
0.822041,1.262929,0.601074,0.020842,0.409758,1.440554,2.049819,0.701274,0.288368,0.643364,3.0
1.258626,1.613081,0.906932,0.598708,0.888293,0.63208,1.166201,0.341299,0.760703,-0.197682,3.0
0.341798,0.168703,0.469993,-0.451958,0.050856,0.485085,0.724391,0.041321,-0.603821,0.162766,4.0
-1.666492,-2.238594,-1.234069,0.703775,-0.188412,-0.911371,-1.558291,-0.49864,1.338001,-1.279026,2.0
-2.365027,-1.757135,-2.064253,2.647507,1.426646,-1.719846,-0.748307,0.821265,1.862818,-0.197682,2.0
0.603749,0.256241,0.863238,0.388575,0.888293,-0.470385,-0.085593,0.881261,0.025959,0.883663,1.0
0.079847,0.343779,0.382605,0.230975,0.17049,-0.470385,-0.969212,0.161312,0.498294,0.643364,1.0
-0.487713,-0.706678,-0.534967,-1.292491,-1.504385,-0.396887,-0.453767,-1.33858,-1.443527,-0.197682,7.0
1.040333,0.869008,0.994319,0.283508,0.529392,1.073066,1.092566,0.821265,0.025959,0.703439,4.0
1.214967,1.044084,0.994319,0.230975,0.708842,1.440554,1.681645,1.241235,0.288368,0.643364,3.0
-0.356737,-0.662909,-0.447579,-1.397557,-1.444568,-0.396887,-0.453767,-1.458571,-1.286082,-1.519325,7.0
1.258626,1.044084,1.212789,0.861375,1.127561,0.191094,0.135312,1.361226,0.708221,1.244111,1.0
-0.094787,-0.006373,-0.185416,-1.134891,-1.025849,-0.176394,0.135312,-1.038601,-0.813747,-0.858503,7.0
-0.094787,-0.181449,-0.01064,-0.977291,-0.786581,-0.249892,0.650756,-0.798618,-1.076155,-1.158877,7.0
-0.356737,-0.093911,-0.185416,-0.872224,-0.906215,0.117596,0.135312,-0.91861,-0.551339,-0.858503,7.0
0.516432,0.518855,0.251523,-0.451958,0.050856,0.779075,1.092566,0.041321,-0.393894,-0.317831,4.0
-2.015759,-0.881754,-2.239028,2.174707,0.888293,-1.719846,-1.190116,1.181239,-1.286082,1.36426,2.0
0.822041,0.869008,0.601074,0.441108,0.708842,1.146564,1.092566,0.161312,0.288368,0.102692,3.0
0.691066,0.212472,1.300177,0.020842,0.110673,1.514052,0.945296,0.341299,-0.91871,0.763513,3.0
1.040333,1.044084,0.644768,0.283508,0.828476,1.073066,1.75528,0.821265,0.235886,0.703439,3.0
-0.182104,-0.487833,-0.098028,-0.241825,-0.487496,-0.911371,-1.042846,-0.49864,-0.393894,-0.55813,1.0
0.909358,1.087853,0.863238,0.336042,0.768659,1.367057,1.31347,0.521286,0.393331,0.583289,3.0
0.56009,0.343779,0.688462,0.493642,0.529392,0.411587,-0.453767,0.761269,0.183404,0.823588,1.0
1.214967,1.044084,1.212789,0.598708,0.94811,1.440554,1.092566,0.701274,-0.079004,0.883663,3.0
-0.618688,-0.356526,-0.709742,-1.502624,-1.683835,-0.176394,-0.380132,-1.698554,-1.391045,-1.759624,7.0
-0.531371,-0.093911,-0.491273,-1.450091,-1.564201,-0.176394,-0.159228,-1.578562,-0.971192,-1.759624,7.0
-2.146735,-2.238594,-0.360191,2.227241,0.828476,-1.719846,-1.705561,1.121243,2.650043,0.523215,2.0
0.254481,0.518855,0.382605,-0.557024,-0.068778,0.63208,0.798026,-0.318653,-0.656302,-0.377906,4.0
0.385456,0.256241,0.207829,0.020842,0.649025,0.117596,1.387105,0.881261,-0.341412,1.184036,5.0
-0.487713,-0.706678,-0.971906,-1.502624,-1.324934,-0.984869,0.061677,-1.098597,-1.443527,0.042617,7.0
-0.749664,-0.706678,-0.360191,-1.345024,-1.863286,-0.470385,-0.453767,-1.878541,-1.286082,-1.5794,7.0
1.214967,1.000315,1.081707,0.598708,1.486463,-0.470385,-0.380132,0.881261,0.603258,0.883663,1.0
1.258626,1.438005,0.994319,0.703775,1.725731,-0.102897,0.135312,1.7212,0.708221,1.244111,1.0
-2.234051,-2.238594,-2.282722,2.437374,1.426646,-1.719846,-1.705561,1.7212,2.072744,2.025082,2.0
-0.182104,-0.093911,0.033054,-0.924758,-0.846398,-0.176394,-0.674672,-1.038601,-0.341412,-0.798429,7.0
-0.182104,0.518855,-0.447579,-0.241825,-0.188412,-1.205362,-0.748307,-0.738623,0.498294,-0.55813,1.0
0.603749,0.650162,0.863238,-0.136758,0.110673,1.661048,1.092566,0.641278,-0.761265,0.883663,4.0
1.040333,1.306698,1.038013,0.703775,1.127561,-0.396887,-0.232863,1.121243,0.708221,1.123962,1.0
1.302284,1.262929,0.863238,0.493642,1.366829,1.367057,1.681645,0.761269,0.813184,0.823588,3.0
-0.182104,-0.093911,0.033054,-0.924758,-0.60713,-0.176394,-0.380132,-1.278584,-0.341412,-1.038727,7.0
-0.749664,-0.706678,-0.709742,-1.345024,-1.863286,-0.470385,-0.159228,-1.638558,-1.286082,-1.999923,7.0
-1.317224,-1.05683,-1.408844,-2.027957,-2.341822,-0.764376,-0.674672,-2.598489,-0.91871,-2.660744,5.0
1.258626,1.21916,1.212789,0.861375,1.725731,-0.102897,-0.159228,1.361226,0.918148,1.544484,1.0
0.996675,0.825239,0.863238,0.598708,1.187378,-0.176394,-0.085593,1.181239,0.603258,0.883663,1.0
0.254481,0.693931,0.207829,0.598708,0.94811,-0.176394,0.503487,0.701274,0.708221,0.643364,5.0
-0.182104,-0.356526,-0.098028,-0.084225,-0.188412,-1.425855,-1.558291,-0.198662,-0.183967,-0.317831,1.0
-0.182104,-0.487833,-0.622354,-1.029824,-1.2053,-0.102897,0.135312,-0.978606,-0.813747,-1.279026,7.0
0.516432,0.562624,0.513687,-0.189291,-0.188412,1.073066,0.650756,0.281304,-0.236449,0.042617,4.0
-0.487713,0.737701,-0.360191,-1.082358,-1.085666,-0.102897,0.650756,-1.098597,0.340849,-0.978653,7.0
-2.059418,-2.151056,-2.151641,2.017107,1.127561,-1.646348,-1.558291,1.121243,2.440116,1.244111,2.0
0.56009,0.518855,0.513687,-0.084225,0.050856,1.073066,1.018931,-0.198662,0.025959,0.042617,3.0
-2.234051,-2.238594,-2.239028,2.805107,2.024815,-1.57285,-1.705561,2.021178,2.964933,2.085157,2.0
-0.749664,-0.531602,-1.015599,0.178442,-0.128595,-0.764376,-0.674672,0.101317,-0.131486,0.282916,5.0
0.996675,1.21916,1.256483,0.388575,0.888293,1.293559,2.049819,0.641278,0.235886,0.643364,3.0
-0.182104,-0.487833,-0.272803,-1.029824,-1.2053,-0.396887,-0.453767,-1.458571,-0.813747,-1.279026,7.0
1.607893,1.394236,1.256483,0.966441,1.486463,-0.176394,-0.380132,1.481217,0.813184,1.48441,1.0
0.516432,0.737701,0.688462,0.230975,0.050856,1.367057,1.239836,0.581282,0.340849,0.523215,3.0
1.302284,1.087853,1.212789,0.493642,0.768659,1.734545,1.976185,0.761269,0.393331,0.823588,3.0
-1.753808,-0.444064,-2.151641,0.966441,-0.128595,-0.984869,0.208947,0.101317,-0.761265,-0.137607,2.0
-0.356737,-0.268987,-0.272803,-1.082358,-1.025849,0.117596,0.208947,-0.858614,-0.91871,-1.038727,7.0
-0.182104,0.037396,0.164136,-0.451958,-0.666947,0.411587,-0.159228,-0.678627,-0.761265,-0.618205,7.0
-0.182104,-0.268987,-1.671008,-0.136758,-0.128595,-1.719846,-0.085593,-0.138666,-0.761265,0.643364,2.0
0.8657,1.613081,-0.534967,0.388575,0.649025,-0.984869,1.75528,0.341299,0.603258,-0.678279,3.0
-2.146735,-2.369901,-2.282722,1.124041,0.290124,-2.160832,-1.926465,0.281304,1.285519,0.282916,2.0
0.516432,0.693931,0.469993,0.861375,1.366829,-0.102897,0.429852,1.121243,0.708221,0.943738,5.0
-0.182104,-0.750447,-0.01064,-0.872224,-0.906215,0.411587,-0.159228,-0.91861,-1.338564,-0.197682,7.0
0.8657,1.044084,1.212789,0.493642,0.828476,0.779075,1.387105,0.821265,0.498294,0.943738,3.0
0.8657,0.606393,0.557381,0.388575,0.888293,-0.470385,-0.159228,0.881261,0.393331,1.063887,1.0
-1.055273,-1.275675,-1.015599,-0.767158,-1.265117,-0.911371,-0.969212,-1.278584,-0.656302,-1.038727,5.0
-1.491858,-1.406983,-1.408844,-2.605823,-2.581089,-0.764376,-0.453767,-1.998532,-1.758417,-1.939848,5.0
0.734724,0.693931,0.863238,-0.241825,0.290124,1.367057,1.018931,0.041321,-0.183967,0.042617,3.0
-1.317224,-1.013061,-1.277763,-1.239957,-1.384751,-1.058367,-0.748307,-1.818545,-0.183967,-1.519325,5.0
-0.749664,-0.969292,-0.884518,-0.767158,-1.265117,-0.470385,-0.969212,-1.278584,-0.813747,-0.858503,7.0
0.691066,0.737701,0.688462,0.020842,0.290124,1.073066,0.945296,0.281304,-0.079004,0.523215,4.0
0.8657,0.212472,1.300177,0.178442,0.649025,1.514052,0.945296,0.881261,-0.91871,1.36426,3.0
-0.00747,0.037396,0.338911,-0.084225,-0.188412,0.117596,-0.159228,0.041321,-0.393894,0.282916,1.0
1.040333,1.044084,0.819544,0.493642,1.127561,-0.102897,0.135312,0.821265,0.498294,0.943738,1.0
-0.00747,-0.006373,-0.185416,-0.189291,-0.188412,-1.205362,-0.969212,-0.198662,-0.079004,-0.197682,1.0
-0.444054,-0.181449,-0.360191,-1.187424,-1.2053,-0.249892,0.061677,-1.218588,-1.076155,-1.399176,7.0
-0.356737,-0.006373,-0.272803,-1.029824,-1.2053,-0.102897,-0.159228,-0.978606,-0.603821,-0.798429,7.0
0.8657,0.518855,1.212789,0.125908,0.529392,1.073066,0.724391,0.281304,0.025959,0.403065,3.0
0.036189,0.212472,-0.185416,-0.399425,-0.367863,0.044099,0.356217,-0.558636,-0.498857,-0.678279,4.0
-0.269421,-0.356526,-0.360191,-0.767158,-0.786581,0.338089,0.135312,-0.558636,-1.600972,-0.618205,7.0
1.302284,1.087853,1.212789,0.703775,1.067744,0.117596,-0.159228,1.661204,0.813184,1.123962,1.0
-1.622833,-1.669597,-1.408844,-1.029824,-1.145483,-1.352357,-1.705561,-0.198662,-0.551339,-1.519325,5.0
0.8657,0.343779,0.688462,0.230975,0.589209,-0.690878,-0.453767,0.041321,0.340849,-0.498055,1.0
0.516432,0.343779,0.688462,-0.189291,-0.188412,1.073066,0.945296,0.041321,-0.079004,0.042617,3.0
0.691066,0.562624,0.513687,0.493642,0.589209,-0.984869,-0.453767,0.581282,0.340849,0.523215,1.0
-0.880639,-0.706678,-0.884518,-1.555157,-2.042737,-0.470385,0.061677,-2.238515,-1.076155,-1.999923,7.0
1.389601,1.613081,1.081707,0.230975,0.888293,1.661048,1.681645,1.181239,0.445813,0.643364,3.0
-0.356737,-0.531602,-0.360191,-0.399425,-0.60713,-1.425855,-1.263751,-0.378649,-0.656302,-0.498055,1.0
0.691066,0.869008,0.251523,0.283508,0.529392,-0.690878,-0.159228,-0.49864,0.708221,-1.038727,1.0
0.734724,0.869008,1.038013,-0.241825,0.290124,1.073066,1.018931,0.521286,0.025959,0.282916,3.0
-0.356737,-0.181449,-0.360191,-1.082358,-1.324934,-0.396887,-0.232863,-1.33858,-1.023674,-1.218951,7.0
-1.622833,-2.326133,0.164136,1.649374,0.768659,-1.352357,-2.0001,0.761269,2.177708,0.823588,2.0
1.302284,1.262929,1.212789,0.913908,1.067744,0.117596,-0.453767,1.361226,0.813184,1.123962,1.0
1.214967,1.21916,1.081707,0.756308,1.187378,-0.176394,-0.085593,1.181239,0.235886,0.883663,1.0
0.56009,-0.444064,-0.01064,0.336042,0.290124,0.411587,-0.748307,0.281304,-0.393894,0.282916,1.0
-2.146735,-2.282363,-2.151641,3.17284,1.486463,-2.013836,-0.895577,1.181239,3.122378,1.844858,2.0
1.43326,1.306698,1.431258,0.703775,1.127561,2.322527,1.90255,1.421222,0.708221,1.36426,3.0
-0.094787,0.212472,-0.185416,-0.977291,-1.025849,0.338089,-0.159228,-0.798618,-0.498857,-0.678279,7.0
-0.00747,-0.181449,-0.185416,-0.609558,-0.60713,-0.102897,0.061677,-0.198662,-1.023674,-0.978653,7.0
0.822041,0.518855,0.601074,0.598708,0.94811,0.338089,-0.674672,0.701274,0.130923,0.883663,1.0
-0.00747,-2.151056,0.513687,0.020842,-0.188412,0.485085,-1.484656,-0.198662,1.652891,-0.498055,4.0
-0.094787,0.212472,-0.185416,-0.977291,-1.025849,-0.249892,0.061677,-0.558636,-0.131486,-1.158877,7.0
0.385456,0.650162,0.207829,-0.346891,0.110673,0.705578,1.092566,0.101317,0.025959,-0.377906,7.0
0.8657,1.000315,0.557381,0.598708,0.888293,-0.470385,-0.159228,0.641278,0.603258,0.523215,1.0
0.603749,0.825239,0.688462,0.020842,0.349941,1.293559,1.387105,0.641278,0.235886,0.342991,3.0
-0.094787,-0.181449,-0.185416,-0.767158,-0.786581,-0.176394,-0.085593,-0.798618,-1.023674,-0.858503,7.0
0.822041,1.000315,0.688462,0.230975,0.649025,1.293559,1.092566,0.341299,0.235886,0.102692,3.0
0.691066,0.212472,0.732156,0.388575,0.649025,1.220062,0.650756,0.341299,0.235886,0.523215,3.0
0.996675,1.000315,0.863238,0.230975,0.349941,0.999568,1.387105,0.641278,0.235886,0.342991,4.0
0.516432,0.562624,0.338911,0.493642,0.290124,-0.984869,-0.453767,0.041321,0.498294,-0.197682,1.0
-0.444054,-0.356526,-0.534967,-0.399425,-0.547313,-1.27886,-1.411021,-0.558636,-0.131486,-0.918578,1.0
0.167164,0.518855,0.469993,0.125908,0.529392,-1.205362,-0.748307,0.521286,0.025959,0.403065,1.0
0.341798,0.606393,0.557381,0.020842,0.349941,-0.249892,-0.453767,0.881261,0.025959,0.523215,1.0
-2.365027,-2.369901,-2.282722,2.437374,0.828476,-2.160832,-1.705561,0.821265,2.072744,0.823588,2.0
-0.618688,-0.356526,-1.889477,-0.189291,-0.308046,-1.646348,0.135312,0.161312,-1.391045,0.643364,2.0
0.036189,-0.093911,-0.272803,-0.504491,-0.60713,0.117596,0.208947,-1.038601,-0.551339,-1.038727,7.0
-2.146735,-2.282363,-0.884518,2.752574,1.54628,-0.176394,-1.705561,1.541213,3.332304,-0.377906,2.0
1.258626,1.044084,0.994319,0.493642,1.127561,1.073066,1.75528,1.121243,0.235886,0.703439,3.0
-0.662347,-0.881754,0.338911,-1.082358,-1.324934,0.485085,-0.453767,-0.858614,-1.443527,-0.197682,7.0
-0.269421,-0.356526,-0.185416,-0.924758,-1.025849,-0.470385,-0.380132,-1.038601,-0.813747,-0.858503,7.0
1.12765,0.869008,1.038013,0.336042,0.768659,1.734545,1.31347,0.761269,0.183404,0.823588,3.0
0.167164,0.168703,0.076748,-0.662091,-0.726764,0.485085,0.429852,-0.49864,-0.813747,-0.798429,4.0
1.083992,1.613081,0.732156,0.178442,0.888293,1.881541,1.75528,1.841192,0.235886,1.664634,3.0
0.691066,0.606393,0.906932,0.178442,0.349941,1.220062,1.166201,0.341299,0.025959,0.523215,3.0
0.167164,0.168703,0.251523,-0.662091,-0.726764,0.191094,0.429852,-0.49864,-1.076155,-0.317831,4.0
-0.531371,-0.487833,-0.447579,-1.239957,-1.444568,-0.102897,-0.453767,-1.458571,-1.496009,-1.279026,7.0
-0.269421,-0.356526,0.207829,-0.924758,-1.265117,0.926071,-0.085593,-0.558636,-0.656302,0.102692,7.0
-0.00747,0.693931,-0.272803,-0.241825,-0.188412,-1.205362,-0.748307,-0.198662,0.235886,-0.317831,1.0
0.036189,-0.356526,1.125401,-0.767158,-0.547313,1.220062,-0.159228,-0.378649,-1.286082,0.523215,7.0
-2.27771,-2.151056,-2.020559,2.962707,1.905181,-1.866841,-1.926465,1.541213,2.755006,1.184036,2.0
0.647407,0.693931,0.819544,-0.189291,0.17049,0.63208,0.798026,0.161312,-0.236449,0.643364,3.0
-1.404541,-1.319444,-1.321457,-1.345024,-1.624018,-0.764376,-1.190116,-2.478498,-1.076155,-2.240221,5.0
0.8657,1.394236,1.125401,0.178442,0.649025,1.514052,2.049819,1.181239,0.760703,0.763513,3.0
-0.531371,0.869008,-0.666048,-0.241825,-0.666947,-1.352357,0.429852,-0.678627,0.183404,-1.098802,5.0
-0.00747,0.037396,0.513687,-0.084225,0.050856,-1.058367,-0.969212,0.041321,0.183404,0.042617,1.0
-1.491858,-1.275675,-1.671008,-0.662091,-0.906215,-1.058367,-0.969212,-0.91861,0.393331,-0.858503,5.0
-0.00747,0.343779,-0.185416,-0.819691,-0.846398,0.485085,0.356217,-0.618631,-0.656302,-0.197682,4.0
0.036189,-0.093911,0.033054,-0.714624,-1.025849,0.999568,0.798026,-0.858614,-0.551339,-0.137607,7.0
0.8657,0.825239,0.732156,-0.189291,0.349941,1.220062,0.945296,0.341299,0.235886,0.523215,3.0
-0.182104,-0.181449,-0.360191,-1.082358,-1.085666,-0.396887,-0.232863,-1.33858,-1.023674,-1.45925,7.0
-0.444054,-0.006373,-0.709742,-0.189291,-0.547313,0.63208,0.798026,-0.07867,-0.079004,0.102692,5.0
0.079847,0.168703,0.033054,-0.767158,-0.547313,0.338089,0.135312,-0.798618,-0.813747,-0.618205,4.0
-0.618688,-0.356526,-0.534967,-1.345024,-1.504385,-0.470385,-0.085593,-1.518567,-1.2336,-1.759624,7.0
0.734724,0.869008,1.431258,0.493642,1.067744,0.705578,-0.453767,0.761269,0.603258,1.123962,1.0
-0.356737,-0.356526,-0.447579,-0.084225,-0.487496,-1.205362,-1.042846,-0.738623,-0.393894,-0.317831,1.0
0.822041,0.825239,0.863238,0.388575,0.888293,-0.176394,-0.380132,0.881261,0.603258,1.184036,1.0
0.996675,1.000315,1.474952,0.230975,0.649025,1.955038,0.798026,0.881261,-0.341412,1.184036,3.0
0.909358,0.518855,1.038013,0.125908,0.529392,1.367057,1.31347,0.761269,0.025959,0.823588,3.0
-0.356737,-0.268987,-0.447579,-1.082358,-1.265117,-0.176394,-0.085593,-1.278584,-1.128637,-1.45925,7.0
0.8657,0.693931,0.994319,0.493642,1.127561,0.191094,0.135312,1.361226,0.708221,0.943738,1.0
-0.00747,-0.181449,0.164136,-0.609558,-0.846398,-0.102897,0.356217,-0.858614,-0.866229,-1.218951,7.0
0.8657,0.737701,0.863238,0.020842,0.290124,1.661048,1.534375,0.281304,0.130923,0.523215,3.0
0.036189,0.256241,-0.578661,-0.504491,-0.846398,-0.764376,0.503487,-0.858614,-0.761265,-0.55813,4.0
0.691066,0.606393,0.732156,0.020842,0.349941,0.926071,0.945296,0.341299,0.025959,0.523215,4.0
0.8657,0.693931,0.819544,0.703775,1.127561,-0.102897,-0.159228,0.821265,0.708221,0.943738,1.0
1.040333,0.693931,-0.098028,0.703775,1.127561,-0.396887,0.429852,0.521286,0.498294,-0.077532,3.0
-2.321368,-2.369901,-2.37011,2.332307,0.649025,-1.940339,-1.85283,0.101317,2.440116,0.523215,2.0
0.8657,0.737701,0.688462,0.230975,0.589209,1.073066,1.239836,0.581282,0.130923,0.523215,3.0
-0.749664,-0.531602,-0.709742,0.598708,-0.128595,-0.764376,-0.453767,-0.378649,0.393331,0.282916,5.0
-0.662347,-0.356526,-0.534967,-1.502624,-1.743652,-0.396887,-0.453767,-1.33858,-1.443527,-1.699549,7.0
0.254481,0.518855,0.207829,0.230975,0.17049,-0.176394,0.503487,-1.038601,0.708221,-0.618205,7.0
0.385456,0.650162,-0.098028,0.388575,0.649025,-0.470385,-0.674672,0.341299,0.603258,-0.377906,1.0
0.996675,1.044084,0.819544,0.230975,0.708842,1.146564,1.387105,0.401295,0.130923,0.643364,3.0
0.909358,1.087853,1.038013,0.336042,0.529392,1.367057,1.681645,0.761269,0.183404,0.583289,3.0
0.516432,0.825239,0.732156,-0.189291,0.110673,0.926071,0.945296,0.341299,-0.131486,0.523215,4.0
1.040333,1.044084,1.212789,0.283508,0.828476,1.661048,1.387105,0.821265,0.235886,0.703439,3.0
1.214967,1.65685,1.212789,0.808841,1.247195,-0.470385,-0.380132,1.541213,0.865666,1.48441,1.0
1.214967,1.131622,1.038013,0.230975,0.589209,1.367057,1.239836,0.581282,0.130923,0.523215,3.0
1.258626,1.394236,1.300177,0.966441,1.845364,-0.249892,-0.453767,1.841192,0.760703,1.36426,1.0
-1.229907,-0.356526,-2.020559,1.018975,0.708842,-1.646348,-0.085593,-0.07867,-1.2336,0.643364,2.0
1.302284,1.262929,1.038013,0.703775,1.366829,-0.176394,-0.453767,1.361226,0.603258,1.123962,1.0
1.43326,0.869008,1.387565,0.861375,1.366829,1.073066,0.724391,1.361226,0.235886,0.943738,1.0
0.691066,0.869008,0.469993,0.125908,0.290124,1.073066,1.092566,0.041321,0.498294,-0.077532,3.0
1.040333,0.737701,1.256483,0.230975,0.589209,1.367057,1.239836,0.581282,0.130923,0.823588,3.0
-0.182104,-0.575371,1.038013,-0.084225,0.050856,0.705578,-1.263751,0.761269,-0.393894,0.042617,2.0
0.341798,0.037396,0.863238,-0.084225,-0.188412,0.705578,0.429852,0.041321,-0.393894,0.042617,7.0
-0.356737,-0.575371,-0.185416,-0.241825,0.050856,-1.058367,-1.484656,0.041321,-0.393894,0.042617,1.0
-0.00747,-0.093911,0.338911,0.125908,0.050856,-0.470385,-0.748307,-0.198662,0.183404,0.042617,1.0
0.734724,0.518855,1.212789,0.125908,0.529392,1.367057,-0.159228,0.041321,0.393331,0.583289,3.0
-1.884784,-2.151056,-0.360191,1.649374,0.768659,-0.176394,-1.705561,0.281304,2.545079,-0.858503,2.0
-0.531371,-0.268987,-0.753436,-1.292491,-1.504385,-0.176394,-0.085593,-1.038601,-1.338564,-1.639474,7.0
0.341798,1.613081,-0.884518,0.178442,0.349941,-0.984869,1.75528,-0.138666,0.970629,-0.918578,3.0
0.691066,1.000315,-0.185416,0.020842,0.349941,-0.249892,1.46074,0.101317,0.235886,-1.399176,3.0
0.210823,0.475086,0.688462,0.388575,0.349941,0.999568,0.503487,0.641278,0.025959,0.342991,3.0
-0.00747,-0.444064,0.338911,-0.084225,-0.188412,-0.764376,-0.453767,-0.198662,0.025959,-0.197682,1.0
1.389601,1.438005,0.994319,1.018975,1.247195,-0.176394,-0.380132,1.541213,0.708221,1.784783,1.0
1.12765,1.262929,1.038013,0.913908,1.067744,-0.176394,0.135312,1.061248,0.813184,1.123962,1.0
-0.356737,-0.268987,-0.360191,-1.239957,-1.384751,-0.176394,-0.453767,-1.398575,-0.971192,-1.339101,7.0
0.210823,0.081165,0.207829,-0.714624,-0.60713,0.705578,0.503487,-0.618631,-0.761265,-0.55813,4.0
-0.182104,-0.487833,-0.272803,-1.029824,-1.2053,0.485085,-0.159228,-1.218588,-1.286082,-0.55813,7.0
1.258626,1.044084,1.387565,0.861375,1.366829,1.073066,1.092566,1.361226,0.708221,0.943738,3.0
0.734724,0.693931,0.863238,0.336042,0.529392,0.411587,1.31347,0.041321,0.183404,-0.197682,3.0
-0.00747,0.693931,-1.059293,0.493642,0.529392,-0.690878,-0.748307,0.521286,0.025959,0.703439,1.0
-1.535516,-1.494521,-1.277763,-1.502624,-1.743652,-1.205362,-0.748307,-1.518567,-1.2336,-1.939848,5.0
0.909358,0.693931,0.688462,0.703775,1.366829,0.117596,0.429852,0.761269,0.813184,1.123962,1.0
1.214967,-0.006373,1.606034,0.808841,1.247195,1.734545,0.798026,0.401295,0.288368,1.48441,1.0
0.56009,0.212472,-0.01064,-0.451958,-0.42768,0.411587,0.724391,-0.678627,-0.551339,-0.197682,4.0
-0.356737,-0.181449,-0.840824,0.703775,0.589209,-0.690878,-0.748307,0.581282,0.708221,0.282916,5.0
0.079847,0.518855,-0.360191,-0.346891,-0.547313,-0.176394,0.503487,-0.318653,-0.079004,-0.858503,4.0
-2.452344,-2.326133,-2.457498,3.382973,1.665914,-2.087334,-1.705561,2.021178,2.755006,2.085157,2.0
1.040333,1.044084,0.469993,0.493642,0.828476,-0.396887,0.135312,1.121243,0.498294,0.403065,1.0
-0.182104,-0.268987,-0.185416,-1.029824,-0.906215,-0.176394,-0.159228,-1.398575,-0.971192,-1.098802,7.0
-0.531371,-0.487833,-0.447579,-1.397557,-1.683835,-0.102897,-0.159228,-1.458571,-1.496009,-1.699549,7.0
0.341798,0.693931,0.513687,-0.084225,0.290124,1.073066,0.724391,0.041321,0.025959,0.042617,4.0
-0.531371,-0.268987,-1.102987,-0.662091,-0.666947,-0.470385,0.135312,-0.678627,-0.551339,-0.858503,5.0
-1.098931,-1.188137,-1.277763,-1.292491,-1.324934,-0.690878,-1.263751,-1.518567,-1.2336,-1.45925,5.0
-0.487713,-0.531602,-0.360191,-1.292491,-1.504385,-0.102897,-0.232863,-1.518567,-1.2336,-1.218951,7.0
0.254481,0.343779,0.601074,0.230975,0.17049,-0.470385,-0.380132,-0.07867,0.130923,0.342991,1.0
1.214967,1.131622,1.256483,0.703775,1.127561,-0.102897,-0.232863,0.821265,0.918148,1.36426,1.0
1.12765,1.262929,1.038013,0.336042,1.067744,1.367057,1.976185,0.761269,0.393331,0.583289,3.0
-0.531371,-0.575371,-0.185416,-0.451958,-0.906215,-1.058367,-1.263751,-0.91861,-0.183967,-0.858503,1.0
-0.00747,0.037396,-0.01064,-0.872224,-0.666947,0.117596,-0.159228,-0.678627,-0.761265,-0.858503,7.0
0.472773,0.168703,0.601074,0.230975,0.708842,-0.911371,-0.674672,0.401295,-0.236449,0.643364,1.0
0.691066,0.693931,0.469993,0.125908,0.290124,1.073066,1.387105,0.041321,0.025959,0.403065,3.0
0.210823,0.387548,0.164136,-0.557024,-0.128595,0.338089,0.356217,-0.138666,-0.131486,-0.918578,7.0
0.996675,1.394236,1.081707,0.230975,0.649025,1.293559,1.387105,0.641278,0.603258,0.342991,3.0
-0.182104,0.693931,-0.185416,-1.029824,-1.145483,-0.470385,1.018931,-1.398575,0.183404,-1.339101,7.0
1.083992,1.000315,1.125401,0.388575,0.649025,1.220062,1.46074,0.341299,0.393331,0.523215,3.0
1.389601,1.394236,1.256483,0.388575,0.888293,1.955038,1.681645,0.881261,0.813184,1.184036,3.0
-0.269421,-0.881754,-0.185416,-0.977291,-1.444568,0.338089,-0.674672,-0.798618,-1.810899,-0.43798,5.0
-2.146735,-2.282363,-2.151641,2.962707,2.204266,-1.866841,-1.926465,1.901187,3.174859,1.48441,2.0
0.254481,0.168703,0.207829,-0.346891,-0.308046,0.044099,0.135312,-0.798618,-0.236449,-0.618205,7.0
1.083992,1.000315,0.732156,0.808841,1.187378,0.044099,0.061677,0.881261,0.760703,0.763513,1.0
-0.00747,-0.181449,0.076748,-0.451958,-0.188412,0.191094,-0.159228,-0.978606,-0.603821,-0.798429,4.0
-0.487713,-0.356526,-0.360191,-1.292491,-1.504385,-0.102897,-0.453767,-1.518567,-1.443527,-1.45925,7.0
-0.182104,-0.006373,-0.01064,-0.819691,-0.846398,-0.102897,-0.232863,-0.858614,-0.866229,-0.978653,7.0
0.996675,1.000315,1.081707,0.230975,0.888293,1.293559,1.387105,0.881261,0.235886,0.643364,3.0
0.603749,0.650162,0.688462,0.020842,0.110673,1.293559,1.092566,0.341299,0.025959,0.342991,4.0
-0.662347,-0.487833,-0.753436,-1.607691,-1.683835,-0.396887,-0.159228,-1.458571,-1.496009,-1.699549,7.0
0.516432,0.869008,0.251523,0.283508,0.828476,-0.690878,-0.159228,0.821265,0.498294,-0.55813,1.0
0.8657,1.044084,0.819544,0.283508,0.529392,1.367057,0.724391,0.521286,0.235886,0.703439,3.0
0.516432,1.21916,0.557381,0.020842,-0.128595,1.220062,1.166201,0.341299,0.235886,0.282916,3.0
-0.182104,-0.006373,-0.185416,0.230975,0.050856,-0.396887,-0.453767,0.281304,0.130923,0.282916,1.0
-0.662347,-0.006373,-0.840824,0.493642,0.589209,-0.690878,-0.748307,-0.378649,0.498294,-0.498055,5.0
0.167164,0.168703,0.164136,-0.609558,-0.367863,0.485085,0.650756,-0.618631,-0.446376,-0.197682,4.0
0.909358,0.518855,0.338911,0.493642,0.529392,-0.176394,-0.159228,1.061248,0.183404,0.282916,1.0
0.516432,0.343779,0.251523,-0.241825,0.050856,0.485085,1.092566,0.281304,-0.393894,-0.317831,7.0
0.822041,1.21916,-0.098028,-0.136758,0.349941,1.661048,2.344359,0.641278,-0.551339,0.342991,3.0
-0.182104,-0.268987,-0.578661,-0.346891,-0.60713,-1.27886,-1.190116,-0.858614,-0.551339,-0.798429,1.0
0.385456,0.081165,0.207829,-0.504491,-0.367863,0.411587,0.798026,-0.378649,-0.551339,-0.377906,4.0
1.040333,0.912777,0.863238,0.230975,0.589209,1.367057,1.534375,0.581282,0.130923,0.823588,3.0
0.822041,0.869008,0.819544,0.598708,0.94811,-0.176394,-0.380132,0.941256,0.708221,0.883663,1.0
-2.321368,-2.369901,-2.457498,2.752574,1.486463,-1.940339,-1.85283,1.481217,1.705373,1.664634,2.0
0.472773,0.693931,0.601074,-0.189291,0.17049,1.146564,0.798026,0.161312,0.708221,0.342991,3.0
1.258626,1.000315,1.518646,0.388575,0.888293,1.514052,1.75528,0.881261,0.025959,1.063887,3.0
0.8657,1.21916,0.732156,0.178442,0.888293,0.926071,1.46074,0.341299,0.393331,0.282916,3.0
-0.269421,-0.531602,-0.185416,-0.189291,-0.367863,-0.764376,-1.631926,-0.378649,-0.708784,0.042617,1.0
-0.487713,-0.531602,-0.534967,-1.502624,-1.743652,-0.396887,-0.232863,-1.518567,-1.443527,-1.45925,7.0
1.040333,-0.531602,0.863238,0.230975,0.589209,1.367057,-1.484656,0.041321,-0.079004,0.523215,3.0
0.036189,-0.181449,-0.360191,-0.557024,-0.547313,0.044099,-0.159228,-1.038601,-0.498857,-0.918578,7.0
-0.749664,-0.969292,-0.534967,-0.346891,-0.786581,-1.646348,-1.190116,-1.038601,-0.446376,-0.618205,1.0
0.036189,-0.356526,0.338911,-0.767158,-1.025849,0.338089,-0.159228,-0.558636,-1.443527,-0.43798,4.0
0.8657,1.044084,0.819544,0.283508,0.828476,0.779075,1.387105,0.821265,0.498294,0.403065,3.0
-1.273565,-1.319444,-1.190375,-1.555157,-1.863286,-1.27886,-1.411021,-1.878541,-0.708784,-1.999923,5.0
-0.444054,-0.531602,-0.01064,-1.187424,-1.2053,0.044099,-0.453767,-1.638558,-1.286082,-0.918578,7.0
1.083992,0.825239,1.125401,0.598708,0.888293,-0.470385,-0.453767,1.181239,0.603258,1.36426,1.0
1.214967,1.21916,1.256483,0.966441,1.486463,-0.176394,-0.085593,1.481217,0.813184,1.844858,1.0
1.040333,0.912777,1.038013,0.703775,0.828476,-0.396887,-0.232863,1.121243,0.498294,1.36426,1.0
0.996675,1.21916,1.081707,0.598708,0.888293,0.411587,0.208947,1.481217,0.603258,0.883663,1.0
1.214967,1.262929,0.994319,0.230975,0.94811,1.440554,1.681645,0.701274,0.130923,0.883663,3.0
1.083992,1.394236,1.300177,0.388575,0.888293,2.175531,1.166201,0.341299,0.760703,1.063887,3.0
0.8657,1.044084,0.644768,-0.084225,0.529392,1.367057,1.387105,0.821265,0.235886,0.403065,3.0
-1.055273,-1.406983,-0.709742,-1.134891,-1.265117,-0.911371,-1.190116,-1.698554,-1.023674,-1.759624,5.0
-0.706005,-0.61914,-0.753436,-1.450091,-1.743652,-0.764376,-0.380132,-1.938536,-1.496009,-0.137607,7.0
-0.269421,-0.356526,-0.360191,-1.187424,-1.2053,-0.249892,-0.453767,-1.218588,-1.076155,-1.158877,7.0
1.040333,0.912777,1.038013,0.230975,0.589209,1.661048,1.534375,0.581282,0.498294,1.123962,3.0
-0.880639,-0.444064,-0.971906,-0.872224,-1.384751,-0.176394,0.135312,-1.158593,-1.338564,-1.098802,5.0
-0.662347,-0.662909,-0.622354,-0.662091,-0.966032,-1.425855,-1.337386,-0.738623,-0.603821,-1.279026,1.0
-0.182104,0.168703,-0.272803,-0.084225,-0.487496,-1.205362,-0.748307,-0.198662,0.025959,-0.55813,1.0
-1.404541,-1.188137,-1.408844,-0.819691,-1.324934,-0.984869,-1.263751,-1.758549,-0.236449,-1.699549,5.0
1.214967,1.306698,1.431258,0.913908,1.426646,-0.102897,-0.232863,1.421222,0.708221,1.36426,1.0
0.691066,0.869008,0.469993,0.283508,0.529392,1.073066,1.092566,0.281304,0.498294,0.162766,3.0
-2.234051,-2.238594,-2.37011,2.227241,0.589209,-2.160832,-1.705561,0.281304,2.440116,0.282916,2.0
0.8657,0.869008,0.994319,0.703775,1.127561,-0.102897,0.135312,1.121243,0.498294,0.943738,1.0
-0.356737,-0.487833,-0.447579,-1.239957,-1.2053,-0.102897,-0.159228,-1.698554,-1.286082,-1.519325,7.0
-0.356737,-0.181449,-0.01064,-0.399425,-0.188412,-1.205362,-1.484656,0.281304,-0.236449,0.523215,1.0
0.8657,1.000315,0.732156,0.388575,0.888293,-0.470385,-0.159228,1.181239,0.235886,1.063887,1.0
-0.531371,-2.151056,0.513687,0.336042,0.290124,-0.764376,-2.0001,0.761269,0.970629,0.282916,2.0
-0.356737,-0.487833,-0.272803,-1.029824,-1.2053,0.485085,0.135312,-1.218588,-1.286082,-0.55813,7.0
-0.924298,-0.662909,-0.709742,-1.345024,-1.923103,-0.470385,-0.380132,-1.698554,-1.391045,-1.759624,7.0
-0.967956,-0.969292,-1.059293,-0.819691,-1.444568,-0.690878,-0.748307,-1.458571,-0.813747,-1.939848,5.0
1.040333,1.306698,1.038013,0.493642,0.828476,1.367057,1.534375,0.581282,0.340849,0.523215,3.0
1.040333,1.131622,1.256483,0.703775,1.426646,0.485085,0.061677,1.121243,0.708221,1.36426,1.0
0.8657,1.044084,0.994319,0.493642,1.127561,-0.396887,-0.453767,0.821265,0.498294,0.943738,1.0
-1.229907,-1.275675,-1.015599,-0.924758,-1.265117,-0.911371,-1.190116,-1.518567,-1.023674,-1.519325,5.0
0.167164,0.562624,-0.360191,-0.609558,-0.188412,0.779075,0.945296,0.581282,-0.079004,-0.197682,7.0
-0.662347,-2.151056,0.076748,0.283508,0.050856,0.779075,-1.337386,-0.198662,2.440116,-0.55813,2.0
0.385456,0.256241,0.338911,-0.136758,0.349941,-0.176394,-0.085593,0.881261,0.025959,0.643364,1.0
0.691066,0.912777,1.256483,0.703775,0.828476,-0.102897,0.061677,1.121243,0.708221,1.36426,1.0
1.826186,1.65685,1.824503,1.386708,2.204266,1.734545,1.681645,1.901187,0.865666,1.48441,3.0
0.516432,0.518855,0.819544,-0.084225,0.050856,1.073066,0.724391,-0.198662,0.025959,0.403065,3.0
-0.444054,-0.006373,-0.360191,-1.134891,-1.265117,0.044099,0.503487,-1.038601,-0.656302,-1.279026,4.0
0.996675,1.21916,0.863238,0.388575,0.888293,1.661048,1.681645,0.641278,0.603258,0.883663,3.0
-0.00747,0.168703,0.469993,0.125908,0.050856,-0.911371,-0.453767,0.521286,0.235886,0.703439,1.0
-0.444054,-0.531602,-0.360191,-1.187424,-1.444568,-0.249892,-0.159228,-1.218588,-1.076155,-1.158877,7.0
-0.444054,-0.969292,0.207829,0.441108,0.708842,0.044099,-0.674672,0.701274,0.498294,0.883663,5.0
1.43326,1.525543,1.038013,0.703775,1.127561,2.028536,2.197089,1.121243,0.708221,1.123962,3.0
1.040333,1.306698,1.038013,0.230975,0.828476,1.367057,1.534375,0.821265,0.498294,0.523215,3.0
0.8657,0.912777,0.863238,0.703775,1.127561,-0.102897,-0.232863,1.121243,0.498294,1.123962,1.0
-0.531371,-0.575371,-0.491273,-1.450091,-1.803469,-0.176394,-0.453767,-1.578562,-1.338564,-1.759624,7.0
0.691066,0.737701,-0.185416,0.020842,0.290124,-0.984869,0.945296,-0.198662,0.130923,-0.738354,3.0
-0.706005,-0.093911,-1.015599,-0.714624,-1.265117,-0.764376,0.503487,-1.038601,-0.91871,-1.218951,7.0
0.079847,-0.006373,-0.185416,-0.189291,-0.068778,0.044099,-0.085593,-0.798618,-0.079004,-0.618205,4.0
-0.618688,-0.181449,-1.015599,-0.557024,-0.786581,-1.205362,-0.674672,-1.518567,-0.236449,-1.279026,5.0
-0.444054,0.037396,-0.185416,-0.399425,-0.547313,-1.27886,-1.190116,-0.378649,-0.131486,-0.197682,1.0
-2.146735,-2.151056,-2.151641,1.754441,0.649025,-1.719846,-1.85283,0.641278,2.072744,0.763513,2.0
-2.015759,-2.019749,-2.020559,1.596841,0.349941,-1.499353,-1.85283,0.641278,1.495446,0.763513,2.0
-0.00747,-0.006373,0.076748,-0.662091,-0.188412,0.485085,0.429852,-0.198662,-0.603821,-0.317831,4.0
1.389601,1.21916,1.474952,0.756308,1.486463,1.661048,1.092566,0.881261,0.445813,1.184036,3.0
0.8657,0.912777,0.863238,0.493642,1.127561,-0.102897,0.061677,1.121243,0.498294,1.123962,1.0
-2.27771,-2.238594,-2.282722,2.752574,2.024815,-1.866841,-1.85283,2.021178,2.440116,2.205306,2.0
1.607893,1.613081,1.256483,0.756308,1.486463,1.661048,1.387105,1.481217,0.813184,0.883663,3.0
-0.00747,0.518855,0.076748,-0.084225,0.050856,-1.205362,-0.159228,-0.198662,0.235886,-0.55813,1.0
0.691066,0.825239,0.338911,0.178442,0.110673,-0.764376,-0.674672,0.341299,-0.131486,0.282916,1.0
-0.269421,-1.494521,-0.185416,-0.557024,-0.786581,0.044099,-0.895577,-0.798618,2.072744,-0.918578,2.0
-0.00747,-0.575371,-0.185416,-0.662091,-1.145483,0.411587,-0.453767,-0.91861,-0.971192,-0.618205,7.0
-0.094787,-0.181449,-0.185416,-0.977291,-1.025849,-0.249892,0.061677,-0.558636,-1.076155,-1.158877,7.0
-2.234051,-2.238594,-2.282722,3.067774,2.084632,-1.940339,-1.705561,2.081174,2.807487,2.025082,2.0
0.603749,0.475086,0.688462,0.230975,0.888293,-0.176394,-0.380132,0.881261,0.025959,0.883663,1.0
1.389601,1.262929,0.994319,0.598708,0.94811,1.146564,1.681645,0.401295,0.708221,-0.137607,3.0
-1.011614,-2.019749,-0.360191,-0.084225,-0.188412,0.117596,-1.484656,-0.678627,2.545079,-1.098802,2.0
1.12765,0.693931,1.038013,0.703775,1.366829,0.117596,-0.159228,0.761269,0.603258,1.123962,1.0
1.214967,1.000315,1.081707,0.388575,1.187378,1.661048,1.681645,0.881261,0.025959,0.883663,3.0
1.083992,1.000315,1.518646,0.808841,1.187378,0.044099,-0.159228,1.181239,0.603258,1.36426,1.0
-0.531371,-0.444064,-0.753436,-0.504491,-1.025849,-1.27886,-0.895577,-1.278584,-0.183967,-0.798429,1.0
1.083992,1.000315,1.125401,0.388575,1.187378,1.220062,1.46074,0.881261,0.393331,0.282916,3.0
-0.00747,-0.181449,-1.059293,-0.241825,0.050856,-0.396887,1.092566,0.281304,-0.603821,-0.317831,2.0
1.214967,0.912777,1.256483,0.913908,1.725731,0.117596,-0.232863,1.421222,0.918148,1.36426,1.0
0.341798,-0.006373,0.164136,-0.399425,-0.188412,0.779075,0.650756,-0.198662,-0.236449,0.042617,7.0
-1.317224,-1.275675,-1.102987,-1.607691,-1.803469,-1.352357,-0.453767,-1.998532,-1.54849,-1.939848,5.0
0.822041,0.825239,0.688462,0.020842,0.649025,0.999568,1.092566,0.101317,0.603258,0.342991,3.0
-2.27771,-2.151056,-2.282722,3.17284,2.024815,-1.866841,-1.85283,2.381153,3.069896,1.544484,2.0
-0.531371,-0.750447,-0.447579,-0.924758,-1.025849,0.117596,-0.674672,-1.038601,-0.91871,-0.798429,7.0
-0.487713,-0.356526,-0.360191,-1.292491,-1.324934,-0.102897,-0.232863,-1.33858,-1.2336,-1.45925,7.0
0.8657,0.912777,0.863238,0.493642,0.828476,0.779075,0.650756,0.581282,0.498294,0.042617,3.0
-0.356737,-0.268987,-0.360191,-1.239957,-1.384751,0.117596,0.135312,-1.578562,-0.971192,-1.339101,7.0
0.167164,0.168703,-0.272803,-0.241825,-0.188412,0.485085,0.724391,-0.738623,-0.183967,-0.55813,7.0
0.385456,0.475086,0.513687,-0.346891,-0.128595,0.705578,1.092566,0.341299,-0.551339,0.102692,4.0
1.258626,1.394236,1.300177,0.598708,1.187378,1.220062,1.46074,0.881261,0.760703,0.763513,3.0
1.040333,0.737701,0.863238,0.493642,0.828476,1.367057,-0.232863,1.121243,0.708221,1.36426,1.0
0.036189,0.037396,-0.185416,-0.557024,-0.367863,0.044099,-0.159228,-0.138666,-0.341412,-0.43798,4.0
0.079847,0.168703,-0.534967,-0.189291,-0.308046,-0.690878,-0.674672,-0.558636,0.288368,-0.137607,1.0
-0.00747,-0.006373,0.076748,-1.239957,-0.726764,1.073066,1.092566,0.281304,-1.915862,0.403065,3.0
1.214967,1.000315,1.256483,0.756308,0.888293,0.117596,-0.085593,1.181239,0.445813,0.883663,1.0
-0.356737,-0.444064,-0.01064,-0.662091,-0.666947,0.117596,-0.453767,-0.91861,-0.393894,-0.618205,7.0
0.691066,0.869008,0.819544,0.125908,0.529392,1.367057,1.387105,1.121243,0.235886,0.703439,3.0
-0.444054,-0.356526,-0.534967,-1.345024,-1.504385,-0.470385,-0.085593,-1.518567,-1.023674,-1.519325,7.0
-1.055273,-0.969292,-1.321457,-1.345024,-1.683835,-0.911371,-0.674672,-1.938536,-0.813747,-2.60067,5.0
1.214967,1.044084,0.994319,0.230975,0.94811,1.440554,1.387105,0.941256,0.288368,0.342991,3.0
0.56009,0.518855,0.688462,-0.084225,0.290124,1.073066,1.018931,0.521286,-0.183967,0.042617,3.0
-2.015759,-2.151056,-2.151641,2.069641,0.888293,-1.719846,-1.631926,0.881261,1.600409,0.643364,2.0
-0.182104,-0.181449,-0.01064,-0.819691,-0.846398,-0.102897,-0.232863,-0.858614,-0.866229,-0.738354,4.0
1.214967,1.306698,1.038013,0.703775,1.127561,1.661048,1.90255,1.121243,0.708221,0.823588,3.0
-2.452344,-2.369901,-2.282722,3.33044,2.084632,-1.940339,-1.705561,2.381153,3.384786,2.38553,2.0
-0.880639,-1.319444,-0.534967,-1.345024,-1.624018,0.044099,-0.674672,-1.458571,0.970629,-0.918578,7.0
0.516432,0.212472,0.732156,-0.189291,0.349941,-0.470385,-0.159228,0.101317,-0.498857,0.282916,1.0
0.341798,0.212472,-0.01064,-0.557024,-0.367863,0.63208,0.356217,-0.378649,-0.498857,-0.43798,4.0
0.691066,1.000315,1.125401,0.388575,0.349941,1.881541,1.46074,0.881261,0.760703,1.063887,3.0
1.040333,1.044084,1.212789,0.283508,0.828476,1.661048,1.75528,1.121243,0.025959,0.943738,3.0
0.734724,0.869008,0.688462,0.125908,0.529392,1.073066,1.31347,0.281304,-0.183967,0.282916,3.0
-2.27771,-2.019749,-2.151641,2.752574,1.725731,-1.866841,-1.042846,1.361226,3.069896,1.544484,2.0
0.516432,0.387548,0.906932,0.178442,0.349941,0.044099,-0.453767,0.641278,0.393331,1.063887,1.0
0.516432,0.037396,1.300177,-0.399425,0.110673,1.514052,0.650756,0.101317,-0.91871,0.763513,7.0
1.389601,1.394236,1.081707,0.598708,1.187378,1.955038,2.049819,0.881261,0.445813,1.184036,3.0
0.996675,1.21916,0.688462,0.230975,0.349941,0.999568,1.387105,0.881261,0.235886,0.342991,3.0
0.691066,0.562624,0.688462,-0.189291,0.050856,0.779075,0.356217,0.281304,-0.079004,0.282916,3.0
0.996675,1.044084,0.994319,0.230975,0.708842,1.440554,1.387105,0.701274,0.288368,0.643364,3.0
1.12765,1.481774,1.212789,0.125908,1.067744,1.367057,1.976185,0.761269,0.603258,0.583289,3.0
1.040333,0.737701,1.038013,0.703775,1.426646,-0.396887,-0.453767,1.121243,0.498294,1.123962,1.0
0.56009,0.343779,-0.360191,-0.084225,-0.188412,0.411587,0.724391,0.041321,-0.393894,-0.377906,4.0
0.56009,0.343779,0.338911,-0.451958,0.050856,0.411587,0.429852,-0.198662,0.025959,-0.377906,4.0
-0.444054,-0.356526,-0.185416,-1.345024,-1.265117,-0.470385,-0.380132,-1.518567,-1.2336,-1.279026,7.0
0.210823,0.037396,-0.01064,-0.399425,-0.128595,0.044099,0.356217,-0.558636,-0.498857,-0.678279,7.0
-0.00747,0.212472,-0.840824,-0.451958,-0.42768,0.411587,0.724391,0.041321,-0.393894,-0.618205,4.0
1.214967,1.306698,1.431258,0.703775,1.127561,1.367057,0.650756,1.421222,0.498294,1.36426,3.0
-2.015759,-2.282363,-2.151641,2.805107,1.187378,-1.719846,-1.85283,1.181239,2.755006,1.184036,2.0
0.996675,0.650162,1.081707,0.020842,0.649025,1.661048,1.387105,0.881261,-0.341412,0.883663,3.0
0.341798,0.562624,0.164136,-0.399425,0.050856,0.485085,0.650756,-0.378649,-0.079004,-0.498055,4.0
0.516432,0.562624,0.164136,0.230975,0.290124,-0.984869,0.061677,0.581282,0.340849,0.042617,1.0
0.996675,0.869008,0.819544,0.230975,0.94811,1.146564,1.387105,0.401295,0.288368,0.342991,3.0
1.12765,0.869008,2.34883,0.336042,0.768659,2.028536,1.976185,0.761269,0.183404,1.724709,3.0
-2.146735,-2.151056,-0.666048,2.437374,1.725731,0.117596,-1.926465,0.821265,2.650043,-0.197682,2.0
1.040333,0.343779,1.038013,0.703775,1.127561,-0.396887,-0.232863,1.121243,0.130923,1.123962,1.0
0.8657,0.869008,0.644768,-0.084225,0.529392,0.779075,1.387105,0.281304,0.025959,-0.317831,3.0
-0.269421,-0.181449,-0.01064,-0.977291,-0.547313,-0.249892,-0.159228,-0.798618,-0.91871,-0.918578,7.0
0.516432,-0.181449,0.513687,-0.399425,0.050856,0.779075,0.945296,0.041321,0.498294,0.042617,4.0
0.341798,0.518855,0.469993,-0.241825,0.050856,0.485085,0.724391,0.041321,-0.183967,0.162766,4.0
0.56009,0.343779,0.513687,-0.084225,0.050856,1.073066,0.724391,0.281304,-0.183967,0.282916,4.0
-1.884784,-1.188137,-2.239028,0.966441,-0.128595,-1.719846,-1.190116,-0.138666,-0.498857,0.282916,2.0
1.258626,1.21916,1.212789,0.703775,1.366829,0.191094,0.135312,1.7212,0.918148,1.244111,1.0
-0.924298,0.518855,-1.758396,0.020842,-0.308046,-0.176394,1.681645,-0.07867,-0.236449,-0.618205,2.0
-0.182104,-0.487833,-0.098028,-1.029824,-1.2053,-0.102897,-0.159228,-1.458571,-1.076155,-1.038727,7.0
0.167164,0.869008,-2.151641,-0.241825,-0.42768,-0.470385,1.681645,0.041321,-0.183967,0.282916,2.0
-2.365027,-2.238594,-2.282722,3.540573,2.742619,-1.719846,-1.705561,2.381153,3.594712,2.025082,2.0
-1.273565,-1.275675,-1.365151,-1.029824,-1.444568,-1.205362,-1.042846,-1.218588,-1.286082,-1.038727,5.0
1.12765,1.262929,1.431258,0.336042,0.768659,2.028536,1.681645,0.761269,0.603258,1.123962,3.0
0.516432,0.693931,0.644768,0.125908,0.290124,1.661048,1.092566,0.281304,0.025959,0.943738,3.0
0.036189,-0.356526,-0.01064,0.020842,-0.128595,-0.984869,-0.895577,-0.138666,-0.131486,-0.43798,1.0
1.040333,0.912777,1.256483,0.230975,0.589209,2.028536,1.534375,0.821265,0.340849,0.823588,3.0
1.389601,1.394236,1.256483,0.598708,1.486463,1.955038,1.681645,1.181239,0.235886,0.883663,3.0
1.214967,1.306698,1.256483,0.703775,1.127561,1.661048,1.90255,1.121243,0.498294,1.123962,3.0
-0.880639,-0.575371,-1.408844,-0.662091,-0.666947,-1.352357,-0.159228,-0.678627,-1.54849,0.282916,2.0
0.734724,0.518855,0.338911,-0.241825,0.290124,0.705578,0.724391,0.041321,-0.183967,0.042617,3.0
0.516432,0.912777,0.863238,-0.189291,0.050856,1.073066,1.239836,0.281304,-0.079004,0.282916,3.0
0.516432,0.518855,0.251523,0.493642,1.127561,0.191094,0.429852,1.121243,0.025959,0.703439,5.0
0.603749,1.21916,0.688462,0.020842,0.110673,0.705578,1.387105,0.101317,0.445813,0.342991,3.0
1.651552,0.912777,1.256483,0.913908,1.426646,1.367057,1.239836,1.121243,0.708221,0.823588,3.0
1.083992,1.000315,0.906932,0.178442,0.649025,1.514052,1.46074,0.641278,0.393331,0.763513,3.0
1.083992,1.394236,1.300177,0.388575,1.187378,1.514052,1.75528,1.181239,0.760703,0.763513,3.0
1.43326,1.525543,1.431258,0.913908,1.426646,2.322527,1.90255,1.421222,0.708221,1.36426,3.0
-0.487713,-0.881754,-0.360191,-1.292491,-1.743652,-0.102897,-0.748307,-1.518567,-1.443527,-1.218951,7.0
-0.356737,-0.268987,-0.491273,-1.239957,-1.384751,-0.176394,-0.159228,-1.398575,-0.971192,-1.339101,7.0
-1.404541,-0.356526,-2.020559,0.493642,0.050856,-1.646348,-0.453767,0.281304,-1.496009,0.703439,2.0
0.56009,0.518855,0.688462,-0.241825,0.050856,0.705578,1.681645,-0.198662,-0.183967,0.042617,3.0
0.691066,0.562624,0.688462,0.493642,0.828476,-0.690878,-0.748307,0.821265,0.340849,1.123962,1.0
0.036189,-0.268987,-0.272803,-0.504491,-0.60713,0.117596,0.208947,-0.858614,-0.341412,-0.377906,7.0
1.389601,1.438005,1.387565,0.808841,1.247195,-0.176394,-0.380132,0.941256,0.708221,1.184036,1.0
1.258626,1.21916,0.819544,0.703775,1.127561,0.191094,0.135312,1.361226,0.708221,0.703439,1.0
-0.094787,-0.356526,-0.534967,-0.977291,-0.786581,0.338089,-0.159228,-0.138666,-1.076155,-0.197682,7.0
0.691066,0.606393,0.906932,0.178442,0.349941,1.220062,1.166201,0.641278,0.393331,0.523215,3.0
-2.27771,-2.151056,-2.282722,2.594974,1.725731,-1.646348,-1.85283,2.021178,2.650043,1.544484,2.0
-1.317224,-1.013061,-1.277763,-0.451958,-1.384751,-1.352357,0.135312,-0.678627,-0.551339,-1.098802,5.0
-0.487713,-0.181449,-0.360191,-1.292491,-1.324934,-0.396887,0.061677,-1.33858,-1.2336,-1.218951,7.0
-0.706005,-0.750447,-0.491273,-0.451958,-0.906215,-1.57285,-1.484656,-0.91861,-0.393894,-0.858503,1.0
0.210823,0.081165,0.033054,0.020842,0.349941,-0.984869,-0.895577,-0.138666,-0.183967,0.102692,1.0
0.341798,0.212472,0.164136,-0.557024,-0.128595,0.63208,0.356217,-0.558636,-0.498857,-0.43798,4.0
-0.269421,-0.356526,-0.360191,-1.187424,-1.444568,0.044099,-0.453767,-1.038601,-1.286082,-1.158877,7.0
-1.404541,-1.625828,-0.709742,0.020842,-0.786581,-1.27886,-1.85283,-0.798618,-0.341412,-1.158877,5.0
-0.269421,-0.356526,-0.185416,-1.134891,-1.265117,0.044099,-0.085593,-1.518567,-1.023674,-1.038727,7.0
-0.356737,-0.444064,-0.666048,-1.239957,-1.145483,-0.176394,-0.159228,-1.398575,-1.181119,-1.339101,7.0
-1.011614,-1.05683,-0.884518,0.230975,-0.367863,-0.470385,-0.674672,-0.378649,0.235886,-0.377906,5.0
-1.404541,-1.275675,-1.365151,-1.239957,-1.444568,-1.425855,-1.042846,-1.458571,-1.076155,-1.519325,5.0
-1.186248,-0.268987,-1.277763,-0.241825,-0.906215,-1.058367,-0.453767,-1.578562,0.183404,-1.339101,5.0
0.8657,1.000315,0.732156,0.020842,0.349941,1.220062,1.46074,0.341299,0.393331,0.282916,4.0
0.341798,0.693931,0.469993,-0.084225,0.290124,-0.396887,0.135312,0.821265,-0.183967,0.162766,1.0
-2.27771,-2.151056,-2.282722,2.752574,1.905181,-1.866841,-1.411021,0.941256,2.755006,1.48441,2.0
1.214967,1.262929,0.819544,0.441108,0.708842,1.440554,1.387105,1.241235,0.130923,0.883663,3.0
0.56009,0.869008,0.513687,0.336042,0.529392,-0.470385,-0.453767,0.761269,0.393331,0.282916,1.0
0.167164,0.343779,0.338911,-0.662091,-0.42768,0.411587,0.724391,-0.198662,-0.761265,0.042617,4.0
-0.182104,-0.356526,-0.272803,-1.239957,-1.2053,-0.102897,-0.159228,-0.978606,-1.076155,-1.279026,7.0
1.083992,1.21916,0.906932,0.388575,1.486463,0.926071,1.75528,1.181239,0.025959,0.523215,3.0
-2.365027,-2.282363,-2.151641,2.805107,0.888293,-2.013836,-1.85283,0.641278,2.177708,0.883663,2.0
-0.662347,-0.531602,-0.666048,-0.609558,-0.60713,-1.205362,-0.969212,-1.098597,-0.236449,-1.45925,5.0
0.996675,1.21916,1.081707,0.756308,1.187378,-0.176394,-0.380132,1.181239,0.813184,1.48441,1.0
-0.00747,0.037396,-0.185416,-0.451958,-0.666947,0.117596,0.429852,-0.678627,-0.393894,-0.618205,7.0
-0.444054,-0.356526,-0.360191,-1.345024,-1.504385,-0.470385,-0.085593,-1.518567,-1.2336,-1.519325,7.0
-0.356737,-0.006373,0.164136,-0.189291,-0.367863,-0.690878,-0.969212,0.041321,-0.236449,0.523215,1.0
1.520577,1.481774,1.431258,0.493642,1.067744,1.734545,1.976185,1.361226,0.603258,1.123962,3.0
1.040333,1.21916,1.212789,0.125908,0.828476,1.367057,1.75528,1.121243,0.498294,0.943738,3.0
1.214967,1.000315,1.081707,0.230975,0.888293,1.661048,1.387105,0.881261,0.025959,0.883663,3.0
0.079847,-0.006373,-0.185416,-0.767158,-0.786581,0.338089,0.503487,-1.038601,-0.656302,-1.038727,7.0
0.385456,0.081165,0.033054,-0.504491,-0.367863,0.411587,0.503487,-0.378649,-0.341412,-1.038727,7.0
1.258626,1.21916,0.732156,0.808841,1.187378,-0.249892,0.061677,0.881261,0.760703,0.763513,1.0
-2.234051,-2.238594,-2.239028,2.805107,2.024815,-1.866841,-1.705561,2.021178,2.755006,2.085157,2.0
-1.14259,-1.188137,-1.190375,-0.557024,-0.786581,-0.764376,-0.159228,-1.218588,-0.341412,-0.918578,5.0
-0.356737,-0.444064,-0.447579,-1.292491,-1.265117,0.117596,0.208947,-0.858614,-1.128637,-1.218951,7.0
0.56009,0.693931,0.513687,-0.241825,-0.188412,1.073066,1.31347,0.041321,-0.393894,0.042617,4.0
0.996675,0.650162,0.688462,0.598708,0.888293,-0.470385,-0.085593,0.881261,0.445813,1.184036,1.0
0.341798,0.168703,0.338911,0.230975,0.290124,-0.984869,-1.263751,0.281304,0.130923,0.523215,1.0
0.603749,0.650162,0.863238,0.230975,0.649025,-0.176394,-0.380132,0.881261,0.235886,1.184036,1.0
0.996675,0.869008,1.212789,0.598708,0.94811,-0.470385,-0.085593,0.941256,0.708221,1.184036,1.0
-0.880639,-0.750447,-0.578661,-1.292491,-1.743652,-0.470385,-0.085593,-1.758549,-1.338564,-1.639474,7.0
0.822041,1.000315,0.513687,0.230975,0.349941,0.999568,1.387105,0.341299,0.235886,0.102692,3.0
1.258626,0.869008,1.606034,0.493642,1.366829,1.367057,0.429852,0.521286,-0.183967,0.943738,3.0
-0.924298,-0.837985,-0.534967,0.598708,0.409758,-0.690878,-0.674672,0.161312,0.708221,-0.137607,5.0
1.258626,1.000315,1.125401,0.388575,1.187378,1.220062,1.75528,1.181239,0.603258,0.763513,3.0
-0.182104,0.737701,-1.408844,0.230975,0.050856,-0.690878,0.061677,0.041321,0.130923,0.042617,1.0
-0.00747,0.168703,0.164136,-1.082358,-1.085666,0.779075,0.650756,-0.618631,-0.656302,0.042617,7.0
-0.356737,-0.487833,-0.272803,-0.662091,-0.966032,0.191094,-0.159228,-0.738623,-0.813747,-1.038727,7.0
1.040333,1.044084,1.212789,0.125908,0.828476,1.367057,1.387105,1.361226,0.025959,1.544484,3.0
0.996675,1.000315,0.863238,0.388575,0.888293,1.293559,1.092566,0.341299,0.235886,0.342991,3.0
-0.356737,-0.487833,-0.447579,-0.451958,-0.726764,-0.911371,-1.042846,-1.218588,-0.183967,-0.317831,1.0
1.214967,1.262929,1.387565,0.441108,0.94811,1.440554,1.387105,0.701274,0.288368,0.883663,3.0
1.476918,1.394236,1.300177,0.808841,1.187378,1.881541,2.049819,0.881261,0.393331,1.063887,3.0
0.822041,0.518855,0.819544,0.020842,-0.068778,0.926071,1.092566,0.161312,0.130923,0.102692,4.0
0.167164,0.168703,0.469993,-0.819691,-0.487496,0.485085,0.429852,-0.49864,-0.813747,-0.55813,4.0
0.909358,1.262929,1.212789,0.493642,0.768659,-0.176394,-0.159228,0.761269,0.813184,0.823588,1.0
1.12765,1.087853,1.212789,0.703775,1.366829,-0.176394,-0.453767,1.361226,0.603258,1.424335,1.0
1.389601,1.394236,0.863238,0.388575,0.649025,1.661048,2.049819,0.881261,0.235886,0.883663,3.0
1.040333,1.044084,0.819544,0.283508,0.290124,1.367057,1.75528,0.521286,0.235886,0.703439,3.0
-0.57503,-0.356526,-0.709742,-1.345024,-1.624018,0.044099,-0.453767,-1.038601,-1.286082,-1.5794,7.0
0.210823,0.475086,0.207829,0.230975,0.349941,-0.764376,-1.190116,0.341299,0.025959,0.342991,1.0
1.389601,1.262929,1.212789,0.808841,1.54628,0.338089,0.135312,1.241235,0.865666,1.184036,1.0
-0.00747,0.518855,0.076748,-0.084225,-0.188412,-0.396887,0.429852,-0.198662,0.235886,-0.55813,1.0
1.214967,0.737701,1.256483,0.703775,1.127561,0.117596,0.061677,1.421222,0.708221,1.36426,1.0
-0.00747,-0.006373,-0.01064,-0.609558,-0.60713,-0.102897,0.061677,-0.858614,-0.236449,-0.978653,7.0
1.258626,1.21916,0.994319,0.861375,1.366829,-0.102897,0.135312,1.361226,0.708221,1.244111,1.0
1.302284,1.481774,1.212789,0.493642,1.067744,2.028536,1.976185,1.061248,0.393331,1.123962,3.0
-2.059418,-0.662909,-2.151641,2.384841,0.828476,-1.646348,-0.453767,0.281304,0.708221,0.703439,2.0
0.734724,0.343779,0.863238,0.493642,0.768659,0.411587,-0.453767,0.761269,0.183404,0.823588,1.0
1.258626,1.000315,1.518646,0.598708,1.486463,1.881541,1.75528,1.841192,0.025959,1.063887,3.0
-0.356737,-0.181449,-0.01064,-0.819691,-1.085666,-0.102897,0.061677,-0.858614,-0.656302,-1.218951,4.0
-0.182104,-0.181449,-0.272803,-1.029824,-1.2053,-0.396887,-0.159228,-1.218588,-1.076155,-1.519325,7.0
0.254481,0.518855,0.601074,0.020842,-0.068778,-0.470385,-0.969212,-0.318653,0.288368,0.342991,1.0
0.603749,1.000315,0.338911,0.230975,0.349941,-0.176394,-0.085593,1.181239,0.025959,0.883663,1.0
-1.098931,-2.151056,-0.01064,0.703775,0.589209,-1.205362,-1.484656,1.121243,1.285519,0.823588,2.0
0.341798,0.168703,0.644768,-0.451958,0.050856,0.485085,0.429852,-0.198662,-0.393894,-0.077532,7.0
-1.404541,-0.181449,-2.282722,1.649374,0.290124,-1.425855,-0.159228,0.041321,0.498294,0.943738,2.0
0.385456,0.256241,0.338911,-0.346891,0.110673,0.999568,0.798026,-0.378649,-0.341412,0.102692,4.0
-2.146735,-2.019749,-2.239028,2.437374,1.366829,-1.57285,-1.705561,1.061248,2.177708,1.424335,2.0
0.516432,0.168703,-0.360191,0.493642,0.589209,-0.396887,-0.232863,0.821265,0.340849,0.523215,5.0
1.214967,1.394236,0.863238,0.598708,0.888293,1.293559,1.681645,0.881261,0.603258,0.342991,3.0
1.607893,1.438005,1.824503,0.808841,1.247195,1.440554,1.681645,1.541213,0.288368,1.784783,3.0
-0.00747,-0.181449,-0.272803,-0.819691,-0.966032,-0.102897,0.135312,-1.218588,-1.076155,-1.279026,7.0
1.040333,1.306698,1.256483,0.913908,1.426646,-0.396887,-0.232863,1.121243,0.708221,1.36426,1.0
0.167164,1.044084,-0.753436,-0.084225,0.050856,-0.690878,0.429852,-0.49864,0.708221,-0.798429,5.0
-0.618688,-0.531602,-0.534967,-1.345024,-1.504385,-0.470385,-0.085593,-1.518567,-1.2336,-1.759624,7.0
-0.269421,0.387548,-0.534967,-0.977291,-0.786581,0.044099,0.945296,-0.798618,-0.131486,-1.399176,7.0
0.210823,-0.093911,0.513687,-0.346891,-0.367863,0.411587,-0.380132,-0.858614,-0.341412,-0.137607,4.0
0.691066,0.693931,0.819544,0.283508,0.828476,1.073066,1.387105,0.821265,0.708221,0.703439,3.0
0.8657,0.912777,0.863238,0.230975,0.589209,1.367057,1.239836,0.581282,-0.079004,1.123962,3.0
0.341798,0.825239,0.557381,-0.189291,0.110673,0.63208,0.650756,-0.378649,0.025959,-0.197682,4.0
-1.884784,-2.151056,-1.190375,1.964574,1.247195,-1.866841,-1.926465,1.901187,1.075593,1.184036,2.0
-1.14259,-0.969292,-1.365151,-0.451958,-0.726764,-0.911371,-0.159228,-0.738623,-0.393894,-0.55813,5.0
0.341798,0.693931,0.688462,-0.084225,0.290124,-0.176394,-0.453767,-0.198662,0.970629,0.042617,1.0
0.036189,0.475086,-0.098028,-0.714624,-0.367863,0.411587,0.503487,-0.378649,0.025959,-0.798429,7.0
-0.880639,-0.750447,-1.146681,-0.714624,-1.025849,-0.984869,-0.674672,-0.858614,0.235886,-1.639474,5.0
0.472773,0.343779,0.382605,-0.557024,-0.308046,0.63208,0.798026,-0.318653,-0.446376,-0.137607,4.0
1.214967,1.262929,1.212789,0.808841,1.247195,0.044099,-0.085593,1.241235,0.708221,1.184036,1.0
0.167164,0.212472,-0.01064,-0.662091,-0.666947,0.411587,0.429852,-0.678627,-0.551339,-0.377906,4.0
-0.444054,-0.356526,-0.360191,-1.134891,-1.265117,-0.176394,-0.085593,-1.278584,-1.2336,-1.038727,7.0
0.167164,0.869008,0.994319,-0.084225,-0.188412,1.661048,0.429852,0.521286,0.498294,0.943738,1.0
0.036189,0.212472,-0.360191,-0.977291,-0.547313,0.044099,-0.159228,-0.558636,-0.498857,-0.918578,7.0
-0.182104,-0.444064,-0.185416,-0.872224,-0.666947,0.117596,0.135312,-0.678627,-1.181119,-1.339101,7.0
-0.706005,-0.750447,-0.491273,-0.662091,-0.906215,-1.058367,-1.263751,-1.158593,-0.551339,-0.377906,1.0
-0.269421,-0.837985,0.382605,0.808841,0.409758,0.338089,-0.380132,0.161312,0.865666,0.883663,5.0
0.210823,0.475086,0.688462,-0.504491,-0.128595,1.661048,0.798026,0.341299,-0.761265,0.342991,7.0
-0.531371,-0.006373,-0.622354,-0.451958,-0.726764,-1.425855,-1.337386,-0.198662,-0.183967,-0.798429,1.0
0.341798,0.037396,0.164136,0.125908,0.050856,-0.176394,-0.748307,0.761269,-0.183967,0.823588,1.0
0.167164,0.168703,0.338911,-0.609558,-0.60713,0.779075,0.061677,-0.618631,-0.656302,-0.498055,7.0
-0.182104,-1.013061,-0.185416,-0.399425,-0.367863,-0.690878,-0.453767,-1.33858,-0.236449,-1.45925,5.0
0.385456,0.081165,-0.098028,-0.346891,-0.128595,0.117596,0.798026,0.101317,-0.761265,-0.798429,7.0
0.341798,0.168703,0.863238,0.230975,0.290124,0.485085,-0.453767,0.821265,0.340849,1.123962,1.0
1.214967,1.21916,1.256483,0.966441,1.486463,-0.470385,-0.380132,1.481217,1.023111,1.184036,1.0
1.040333,1.21916,0.251523,0.125908,0.828476,2.028536,1.75528,1.121243,0.025959,0.943738,3.0
0.254481,0.343779,0.207829,-0.346891,-0.308046,0.63208,0.503487,-0.558636,-0.446376,-0.137607,4.0
-0.749664,-0.356526,-0.709742,-0.557024,-1.025849,-1.425855,-1.411021,-1.038601,-0.236449,-0.858503,1.0
-2.146735,-2.282363,-2.282722,2.752574,1.54628,-1.646348,-1.705561,1.541213,2.755006,1.184036,2.0
-1.011614,-1.013061,-0.971906,-0.241825,-0.666947,-0.764376,-0.748307,-0.678627,0.025959,-0.377906,5.0
-2.365027,-2.238594,-2.282722,2.962707,2.024815,-1.866841,-1.558291,2.381153,2.440116,2.205306,2.0
-0.094787,0.343779,-0.360191,-0.557024,-0.786581,-0.176394,0.135312,-0.558636,-0.079004,-1.279026,4.0
-2.365027,-2.238594,-2.151641,2.227241,1.426646,-1.719846,-1.705561,1.7212,1.862818,1.36426,2.0
0.341798,0.606393,0.557381,0.020842,0.110673,0.63208,0.650756,0.101317,0.235886,0.042617,7.0
0.8657,1.000315,0.557381,0.388575,0.649025,1.220062,2.049819,1.181239,-0.131486,0.282916,3.0
0.167164,0.343779,0.469993,-0.451958,-0.487496,0.779075,1.092566,0.281304,-1.076155,-0.077532,7.0
0.254481,0.693931,0.033054,-0.189291,0.17049,-0.470385,0.503487,0.401295,-0.236449,-0.137607,1.0
0.996675,0.693931,1.212789,0.020842,0.708842,1.734545,1.092566,0.701274,0.130923,0.883663,4.0
0.341798,-0.531602,0.732156,-0.557024,-0.367863,1.220062,-0.159228,0.101317,-1.286082,0.523215,7.0
-0.531371,-0.444064,-0.272803,-1.292491,-1.504385,-0.176394,-0.380132,-1.518567,-1.128637,-1.45925,7.0
0.472773,0.693931,-0.534967,-0.346891,-0.068778,-0.690878,0.503487,-0.798618,-0.236449,-0.858503,4.0
-2.015759,-2.238594,-1.102987,2.227241,1.366829,-0.176394,-1.705561,0.521286,2.964933,-0.197682,2.0
-0.356737,-0.487833,-0.447579,-1.239957,-1.444568,-0.396887,-0.159228,-1.218588,-1.286082,-1.279026,7.0
-0.00747,0.869008,-0.928212,-0.451958,-0.188412,-0.396887,1.387105,0.041321,0.708221,-1.038727,7.0
0.472773,0.343779,0.382605,0.020842,-0.068778,-0.911371,-0.969212,0.701274,0.130923,0.342991,1.0
1.040333,0.912777,1.038013,0.493642,0.589209,1.367057,1.239836,0.581282,0.498294,0.523215,3.0
-0.00747,-0.487833,-0.098028,-0.241825,-0.188412,-1.205362,-1.337386,-0.198662,-0.183967,-0.077532,1.0
-0.444054,-0.006373,-1.758396,-0.557024,-0.786581,0.044099,-0.085593,-0.558636,-0.079004,0.102692,4.0
0.8657,0.518855,0.994319,0.493642,1.127561,-0.911371,-1.042846,0.281304,0.708221,0.403065,1.0
0.909358,1.262929,0.863238,0.125908,0.529392,1.367057,1.31347,0.281304,0.603258,0.583289,3.0
-0.444054,-2.019749,0.557381,0.388575,0.110673,0.63208,-1.190116,0.341299,2.650043,0.042617,2.0
-0.444054,-0.356526,-0.534967,-0.399425,-1.025849,-1.499353,-1.411021,-1.038601,-0.131486,-1.158877,1.0
0.516432,0.037396,0.906932,0.020842,0.349941,-0.249892,-0.453767,0.101317,-0.341412,0.523215,1.0
1.389601,1.394236,1.256483,0.756308,1.187378,1.955038,2.344359,1.181239,0.603258,1.184036,3.0
-0.269421,-0.356526,-0.360191,-1.345024,-1.504385,-0.176394,-0.085593,-1.518567,-1.391045,-1.038727,7.0
0.56009,0.343779,0.688462,-0.084225,0.290124,1.367057,0.724391,0.281304,-0.183967,0.282916,4.0
-2.234051,-2.238594,-2.239028,1.281641,0.290124,-1.866841,-1.484656,-0.438644,1.600409,0.042617,2.0
0.8657,0.912777,0.513687,0.230975,0.589209,1.073066,0.650756,0.581282,0.498294,0.523215,3.0
-0.749664,-0.356526,-0.709742,-1.187424,-1.444568,-0.249892,-0.159228,-1.218588,-1.076155,-1.158877,4.0
-2.146735,-2.369901,-0.534967,2.174707,0.649025,-1.719846,-1.85283,0.881261,2.650043,0.763513,2.0
-0.531371,-0.268987,-0.753436,-0.924758,-1.504385,-0.176394,0.208947,-0.858614,-1.128637,-1.218951,7.0
-0.094787,1.044084,-1.015599,0.230975,0.17049,-0.690878,0.798026,-0.07867,0.708221,-1.279026,5.0
1.43326,1.438005,1.212789,0.703775,1.366829,2.028536,2.049819,1.361226,0.708221,0.943738,3.0
-0.531371,-0.444064,-0.666048,-0.241825,-0.666947,-0.176394,0.135312,-0.678627,-0.393894,-0.618205,5.0
0.691066,0.387548,0.906932,0.388575,0.649025,-0.249892,-0.895577,0.641278,0.025959,1.063887,1.0
1.389601,1.394236,1.256483,0.966441,1.785547,0.117596,0.208947,1.481217,0.813184,1.48441,1.0
-0.531371,-0.444064,-0.666048,-1.450091,-1.384751,-0.470385,-0.453767,-1.398575,-0.971192,-1.519325,7.0
0.210823,0.212472,-0.01064,-0.557024,-0.547313,0.338089,0.356217,-0.558636,-1.076155,-0.197682,4.0
1.214967,1.131622,1.431258,0.913908,1.426646,-0.102897,-0.232863,1.421222,0.918148,1.36426,1.0
0.210823,0.387548,0.164136,0.178442,0.110673,-1.27886,-0.895577,-0.138666,0.235886,0.042617,1.0
0.909358,0.869008,0.513687,0.125908,0.290124,0.705578,1.31347,0.521286,0.025959,0.042617,3.0
1.389601,1.262929,1.606034,1.018975,1.54628,-0.470385,-0.380132,1.541213,0.865666,1.48441,1.0
1.258626,1.21916,0.644768,0.493642,1.127561,1.367057,2.049819,1.121243,0.498294,0.162766,3.0
0.341798,0.737701,0.863238,0.493642,0.290124,0.117596,-0.232863,0.821265,0.340849,1.724709,1.0
0.996675,1.21916,1.081707,0.598708,0.888293,0.117596,0.208947,0.881261,0.603258,0.883663,1.0
1.302284,1.087853,1.212789,0.703775,1.067744,1.734545,1.681645,1.361226,0.393331,1.123962,3.0
-1.229907,-1.144368,-1.190375,0.230975,-0.308046,-0.690878,-0.969212,-0.07867,-0.236449,-0.377906,5.0
0.996675,1.21916,1.256483,0.388575,0.888293,1.293559,1.387105,0.881261,0.445813,1.184036,3.0
-0.531371,-0.575371,-0.491273,-0.662091,-0.906215,-0.176394,-0.159228,-0.91861,-0.551339,-1.098802,5.0
-0.269421,-0.531602,-0.534967,0.020842,-0.547313,-0.911371,-0.969212,-1.038601,0.865666,-0.858503,5.0
0.996675,1.21916,1.256483,0.388575,0.888293,1.955038,1.681645,0.881261,0.445813,0.883663,3.0
0.691066,0.693931,0.819544,0.125908,0.290124,1.367057,1.092566,0.521286,-0.183967,0.403065,3.0
-0.531371,-0.268987,-0.753436,-1.082358,-1.504385,-0.176394,-0.380132,-1.518567,-1.128637,-1.45925,7.0
0.079847,-0.181449,0.033054,-0.767158,-1.025849,0.926071,0.503487,-0.318653,-1.600972,-0.137607,7.0
-0.182104,-0.268987,-0.098028,-0.924758,-1.265117,0.117596,-0.085593,-1.038601,-1.338564,-1.038727,7.0
-1.317224,-1.231906,-1.408844,-1.292491,-1.504385,-0.984869,-0.895577,-1.518567,-0.761265,-1.879773,5.0
0.8657,1.394236,0.906932,0.388575,0.888293,1.514052,1.166201,0.341299,0.603258,1.063887,3.0
0.996675,0.343779,1.387565,0.230975,0.708842,2.028536,1.092566,1.241235,-0.446376,1.48441,3.0
-1.317224,-1.363214,-1.146681,-0.504491,-1.025849,-1.27886,-1.190116,-1.518567,-0.91871,-1.218951,5.0
-1.884784,-1.231906,-2.020559,1.491774,0.649025,-1.499353,-1.190116,0.641278,-0.183967,0.643364,2.0
-1.360882,-1.406983,-1.321457,-0.924758,-1.265117,-1.205362,-0.969212,-1.518567,-1.2336,-1.519325,5.0
-0.094787,-0.181449,-0.360191,0.020842,0.17049,-1.425855,-1.705561,-0.318653,-0.079004,-0.377906,1.0
-2.365027,-2.326133,-2.151641,1.281641,0.290124,-1.866841,-1.705561,0.281304,1.600409,0.282916,2.0
-0.836981,-0.837985,-0.753436,-0.819691,-0.966032,-0.911371,-1.042846,-1.458571,-0.603821,-1.519325,5.0
0.909358,0.693931,0.863238,0.125908,0.529392,0.705578,1.018931,0.281304,-0.183967,0.823588,3.0
-0.531371,-0.750447,-0.753436,0.388575,0.110673,-0.764376,-0.674672,0.101317,0.603258,-0.377906,5.0
1.040333,1.306698,1.038013,0.230975,0.589209,1.367057,1.534375,0.581282,0.130923,0.523215,3.0
-2.146735,-2.238594,-2.151641,2.647507,1.665914,-1.352357,-2.0001,1.661204,2.755006,0.823588,2.0
-2.365027,-2.326133,-2.457498,3.593107,2.024815,-1.866841,-2.0001,2.321157,3.122378,2.38553,2.0
0.8657,1.306698,0.513687,0.493642,1.127561,-0.690878,0.061677,1.121243,0.918148,0.523215,1.0
0.210823,0.037396,0.164136,-0.557024,-0.547313,0.338089,0.356217,-0.378649,-0.708784,-0.918578,4.0
-2.234051,-2.238594,-2.151641,2.647507,2.084632,-1.425855,-1.705561,1.7212,2.440116,1.724709,2.0
0.691066,0.168703,1.256483,-0.189291,-0.188412,1.661048,-0.232863,0.281304,-0.236449,1.36426,3.0
0.8657,0.693931,0.251523,-0.084225,-0.188412,0.779075,1.092566,0.041321,-0.183967,-0.317831,4.0
0.691066,0.562624,0.863238,-0.189291,0.050856,0.779075,0.945296,0.041321,-0.236449,0.042617,4.0
-0.57503,-0.881754,-0.01064,-1.187424,-1.624018,0.338089,-0.159228,-1.638558,-1.286082,-0.918578,7.0
1.12765,1.087853,1.038013,0.703775,1.366829,-0.176394,-0.159228,1.061248,0.813184,1.424335,1.0
0.516432,0.606393,0.732156,0.598708,1.187378,0.044099,0.650756,0.101317,0.025959,0.763513,1.0
-0.880639,-1.319444,-0.884518,-1.345024,-1.624018,-0.764376,-1.85283,-1.458571,-1.443527,-1.999923,7.0
0.647407,0.693931,0.207829,-0.189291,0.17049,0.338089,0.798026,0.401295,-0.236449,0.102692,3.0
-0.094787,0.343779,-0.360191,-0.189291,-0.547313,-0.690878,-0.674672,-0.558636,0.288368,-0.137607,1.0
0.472773,0.343779,0.033054,0.230975,0.708842,-0.690878,-0.085593,0.701274,0.498294,0.342991,1.0
0.341798,0.387548,0.557381,-0.189291,-0.128595,0.926071,0.650756,-0.138666,-0.341412,0.282916,4.0
-0.356737,-0.356526,-0.622354,-1.239957,-1.444568,-0.396887,-0.159228,-1.458571,-1.076155,-1.699549,7.0
-2.015759,-2.282363,-2.282722,1.964574,0.94811,-2.013836,-1.705561,0.941256,1.442964,1.184036,2.0
-2.146735,-1.669597,-1.627314,2.384841,1.127561,-0.911371,-1.042846,-0.49864,3.332304,-1.038727,2.0
0.996675,1.044084,0.819544,0.020842,0.409758,1.146564,1.681645,0.401295,0.288368,0.643364,3.0
1.040333,0.562624,1.256483,0.703775,1.426646,-0.102897,-0.232863,1.121243,0.708221,1.123962,1.0
0.036189,0.081165,0.513687,-0.714624,-0.60713,1.293559,0.798026,-0.138666,-1.496009,0.342991,7.0
0.8657,0.825239,0.732156,0.178442,0.349941,0.926071,1.46074,0.341299,0.603258,0.282916,3.0
-1.753808,-1.932211,-1.758396,1.018975,0.409758,-1.866841,-1.705561,0.941256,1.285519,0.342991,2.0
-0.356737,-0.356526,-0.360191,-0.609558,-1.085666,0.117596,-0.232863,-1.33858,-0.866229,-0.738354,7.0
0.691066,0.387548,0.906932,-0.399425,0.110673,1.881541,0.945296,0.341299,-0.341412,1.063887,3.0
-0.094787,0.212472,-0.360191,-0.977291,-0.786581,0.044099,0.945296,-0.378649,-0.708784,-1.158877,7.0
-0.356737,0.475086,-0.578661,-0.346891,-0.60713,-0.470385,0.798026,-0.378649,0.025959,-0.798429,5.0
-0.444054,-0.531602,-0.360191,-0.557024,-0.547313,-1.205362,-1.190116,-0.07867,-0.446376,-0.618205,1.0
0.385456,-0.093911,0.338911,0.230975,0.649025,-0.470385,-0.895577,0.881261,-0.341412,0.643364,1.0
0.996675,0.869008,0.994319,0.598708,0.94811,-0.176394,0.135312,0.941256,0.498294,0.883663,1.0
-2.27771,-2.238594,-2.282722,2.752574,2.024815,-1.646348,-1.85283,2.381153,2.650043,1.544484,2.0
0.8657,1.000315,0.732156,0.020842,0.349941,0.926071,1.46074,0.881261,0.025959,0.523215,3.0
-0.356737,-0.444064,-0.447579,-0.924758,-1.265117,0.117596,-0.085593,-1.038601,-1.128637,-1.218951,7.0
0.822041,1.000315,0.863238,0.230975,0.649025,1.293559,1.387105,0.881261,0.235886,0.643364,3.0
-0.182104,-0.181449,-0.360191,-0.819691,-1.085666,0.117596,0.356217,-0.858614,-1.023674,-0.738354,7.0
-0.444054,-0.356526,-0.185416,-0.346891,-0.547313,-0.911371,-0.969212,-0.318653,-0.446376,-0.137607,1.0
-1.011614,-1.363214,-0.884518,-1.450091,-1.504385,-0.470385,-1.85283,-0.858614,-1.128637,-1.639474,7.0
0.341798,0.343779,0.513687,-0.399425,-0.188412,0.779075,0.061677,0.041321,-0.236449,0.282916,4.0
1.214967,1.21916,1.256483,0.388575,0.888293,1.661048,1.681645,1.181239,0.235886,0.643364,3.0
1.12765,1.087853,0.688462,0.703775,1.366829,-0.176394,-0.159228,1.361226,0.183404,1.123962,1.0
0.8657,0.825239,0.906932,0.178442,0.349941,1.220062,1.46074,0.641278,0.235886,0.523215,3.0
1.040333,1.044084,0.819544,0.283508,1.127561,0.485085,0.724391,1.121243,0.025959,0.162766,3.0
-0.706005,-0.61914,-0.753436,-1.660224,-1.504385,-0.176394,-0.380132,-1.758549,-1.338564,-1.45925,7.0
1.083992,1.394236,0.906932,0.178442,0.888293,1.220062,1.75528,0.341299,0.393331,0.523215,3.0
0.341798,0.168703,0.513687,-0.399425,-0.188412,0.779075,0.650756,-0.378649,-0.656302,-0.197682,4.0
-0.662347,-0.356526,-0.447579,-1.029824,-1.444568,0.191094,0.724391,-0.978606,-0.183967,-1.038727,7.0
-2.365027,-2.151056,-2.151641,2.437374,1.366829,-1.866841,-1.705561,1.361226,2.177708,1.123962,2.0
-0.487713,-0.181449,-0.534967,-0.609558,-1.085666,-1.205362,-0.969212,-1.098597,-0.446376,-0.978653,1.0
1.214967,1.131622,1.038013,0.703775,1.127561,0.485085,0.650756,1.121243,0.498294,0.823588,1.0
0.996675,1.000315,1.256483,0.598708,0.888293,-0.176394,-0.380132,1.181239,0.813184,1.184036,1.0
-1.360882,-1.406983,-1.496232,-1.712757,-1.683835,-1.205362,-0.969212,-1.698554,-1.391045,-1.939848,5.0
0.8657,1.000315,0.164136,0.598708,0.888293,-0.764376,-0.159228,0.101317,0.393331,-0.197682,1.0
-0.00747,0.343779,-0.447579,-0.084225,-0.188412,0.485085,0.429852,0.041321,-0.393894,-0.077532,5.0
-0.356737,-0.181449,-0.185416,-0.819691,-0.846398,-0.102897,0.061677,-0.858614,-0.866229,-0.978653,7.0
-2.015759,-1.888442,-2.239028,1.754441,0.349941,-1.719846,-1.411021,0.881261,1.128074,0.763513,2.0
-1.360882,-1.275675,-1.321457,-0.767158,-1.025849,-1.425855,-0.674672,-1.038601,-1.2336,-1.038727,5.0
1.389601,1.438005,0.382605,1.018975,1.54628,0.044099,2.049819,1.241235,-0.079004,0.102692,1.0
0.8657,0.343779,1.212789,0.125908,0.529392,1.073066,0.429852,-0.198662,0.025959,0.162766,3.0
-2.27771,-2.151056,-2.282722,3.17284,2.024815,-1.425855,-1.85283,1.7212,3.332304,1.904933,2.0
-0.444054,-0.662909,-0.360191,-1.345024,-1.265117,-0.470385,-0.380132,-1.038601,-1.391045,-1.279026,7.0
-1.186248,-1.231906,-1.277763,-1.082358,-1.504385,-0.984869,-1.190116,-1.758549,-0.91871,-1.639474,5.0
0.691066,0.606393,1.125401,0.598708,0.888293,0.926071,-0.453767,0.641278,0.393331,0.763513,1.0
1.040333,1.044084,1.212789,0.283508,0.828476,1.367057,1.092566,0.521286,0.498294,0.703439,3.0
-2.234051,-2.369901,-1.802089,1.754441,0.290124,-1.940339,-1.705561,0.281304,2.230189,0.282916,2.0
0.734724,0.693931,1.038013,-0.084225,0.290124,-0.470385,-0.453767,0.761269,0.183404,0.823588,1.0
-2.146735,-1.625828,-2.326416,3.17284,1.785547,-1.719846,-1.411021,0.641278,3.122378,1.184036,2.0
-0.749664,-0.531602,-0.534967,0.598708,0.409758,-0.470385,-0.969212,0.401295,0.708221,0.102692,5.0
0.8657,1.000315,0.906932,0.178442,0.349941,1.220062,1.166201,0.641278,0.393331,0.523215,3.0
1.258626,0.869008,1.212789,0.493642,1.127561,1.661048,1.75528,0.821265,0.025959,0.703439,3.0
0.691066,0.518855,1.387565,-0.084225,0.290124,2.028536,0.724391,0.521286,-0.393894,0.943738,3.0
-0.00747,-0.093911,0.164136,-0.084225,0.050856,-0.470385,-0.969212,-0.678627,0.183404,-0.197682,1.0
0.996675,1.262929,0.819544,0.598708,0.94811,0.044099,0.503487,0.941256,0.865666,1.184036,1.0
-0.967956,-0.969292,-0.928212,-1.607691,-1.444568,-0.102897,0.135312,-0.738623,-1.496009,-0.798429,5.0
0.734724,1.262929,0.863238,0.493642,0.768659,-0.470385,0.135312,0.761269,0.603258,0.823588,1.0
0.341798,0.693931,0.644768,-0.241825,-0.188412,1.073066,0.724391,0.041321,0.025959,-0.077532,3.0
0.56009,0.693931,0.513687,0.336042,0.529392,-0.470385,-0.453767,0.521286,0.183404,0.823588,1.0
0.341798,0.343779,0.251523,-0.662091,-0.188412,0.191094,0.724391,-0.198662,-0.603821,-0.317831,4.0
1.214967,1.131622,1.038013,0.493642,1.127561,1.661048,1.534375,0.821265,0.340849,0.523215,3.0
1.258626,1.21916,1.125401,0.598708,0.649025,1.220062,1.75528,0.641278,0.235886,0.523215,3.0
-0.094787,-0.181449,0.207829,-0.346891,-0.547313,-0.911371,-1.190116,-0.318653,-0.236449,0.643364,1.0
-2.234051,-2.151056,-2.151641,2.962707,2.144449,-1.940339,-1.85283,1.481217,3.017414,1.664634,2.0
0.254481,0.518855,-0.185416,0.230975,0.409758,-0.470385,-0.380132,-0.558636,0.288368,-0.137607,1.0
1.43326,1.306698,1.256483,0.913908,1.426646,-0.102897,0.061677,1.7212,0.918148,1.724709,1.0
-0.531371,-0.268987,-0.884518,0.020842,-0.128595,-0.764376,-0.895577,-0.858614,0.445813,-0.55813,5.0
1.214967,0.869008,1.387565,0.598708,1.247195,0.044099,-0.085593,1.241235,0.708221,0.883663,1.0
-0.444054,-0.181449,-0.709742,-0.189291,-0.308046,-1.425855,-1.411021,-0.558636,-0.079004,-0.618205,1.0
0.996675,0.869008,0.994319,-0.189291,0.17049,1.734545,1.092566,0.401295,-0.236449,0.883663,4.0
0.996675,1.21916,1.081707,0.966441,1.187378,-0.176394,-0.085593,1.181239,0.813184,1.184036,1.0
-0.57503,-0.881754,-1.190375,-1.345024,-1.444568,-0.984869,-0.674672,-1.218588,-1.653454,0.523215,7.0
0.822041,0.343779,0.819544,0.230975,0.409758,0.63208,-0.085593,-0.318653,-0.079004,0.102692,4.0
-0.487713,-0.706678,-0.185416,-1.292491,-1.504385,0.117596,-0.748307,-1.758549,-1.443527,-1.218951,7.0
1.040333,1.131622,1.256483,0.913908,1.127561,-0.102897,-0.453767,1.421222,0.918148,1.36426,1.0
-0.269421,-0.531602,-0.884518,-1.134891,-1.265117,-1.205362,-0.380132,-0.798618,-1.2336,0.643364,7.0
-2.146735,-2.063518,-2.282722,2.384841,0.708842,-1.866841,-1.190116,0.701274,2.387634,0.643364,2.0
0.516432,0.562624,0.513687,-0.189291,0.050856,0.779075,0.945296,0.281304,-0.656302,0.823588,4.0
0.167164,0.168703,0.076748,-0.662091,-0.487496,0.191094,0.429852,-0.738623,-0.603821,-0.798429,4.0
-0.356737,-0.444064,-0.360191,-1.239957,-1.145483,-0.176394,-0.159228,-1.158593,-1.181119,-1.339101,7.0
-0.182104,-0.093911,-0.447579,-1.082358,-0.846398,0.117596,0.208947,-0.858614,-0.551339,-1.218951,7.0
-1.404541,-1.494521,-1.146681,-1.712757,-1.923103,-0.690878,-0.232863,-1.938536,-2.020825,-0.978653,5.0
-0.706005,-0.575371,-0.840824,-1.450091,-1.564201,-0.470385,-0.748307,-1.998532,-1.338564,-1.759624,7.0
-0.094787,-0.006373,-0.185416,-0.767158,-1.025849,0.338089,0.503487,-0.798618,-0.813747,-0.858503,7.0
-2.234051,-2.282363,-2.37011,2.962707,1.845364,-1.940339,-1.411021,1.481217,2.650043,2.325455,2.0
0.036189,-0.268987,-0.272803,-0.136758,-0.367863,0.705578,-0.085593,0.641278,-0.341412,0.643364,7.0
-1.317224,-1.231906,-1.277763,-0.714624,-1.265117,-0.984869,-1.190116,-1.038601,-1.128637,-1.218951,5.0
-0.182104,0.037396,0.164136,-0.084225,0.050856,-1.352357,-0.969212,0.041321,-0.183967,-0.197682,1.0
0.691066,0.693931,0.644768,-0.241825,0.290124,0.779075,1.092566,0.041321,-0.183967,0.162766,3.0
0.167164,0.212472,0.338911,-0.662091,-0.188412,0.705578,0.429852,-0.678627,-0.551339,-0.377906,4.0
-0.094787,-0.181449,-0.185416,-0.977291,-1.025849,0.338089,-0.159228,-0.798618,-0.91871,-0.678279,7.0
1.083992,1.21916,1.125401,0.388575,0.888293,1.220062,1.75528,1.181239,0.393331,0.763513,3.0
1.43326,1.525543,1.431258,0.703775,1.426646,2.322527,1.90255,1.421222,0.708221,1.36426,3.0
-2.365027,-2.369901,-1.758396,1.596841,0.409758,-1.205362,-1.926465,0.941256,2.387634,-1.038727,2.0
0.822041,0.693931,1.212789,0.230975,0.708842,1.146564,1.092566,0.701274,-0.236449,0.883663,4.0
0.210823,0.081165,0.338911,-0.346891,-0.367863,0.705578,1.092566,-0.138666,-0.341412,0.102692,4.0
-0.269421,-0.356526,-0.534967,-0.346891,-0.308046,-1.205362,-1.190116,-0.07867,-0.446376,-0.618205,1.0
-0.356737,-0.531602,-0.360191,-1.082358,-1.324934,-0.102897,0.061677,-0.618631,-1.443527,0.042617,7.0
-2.365027,-1.888442,-2.239028,3.593107,2.3239,-2.087334,-1.263751,1.061248,3.909603,2.38553,2.0
-0.356737,-0.006373,-0.534967,0.230975,-0.188412,-0.396887,-0.453767,0.041321,-0.079004,0.042617,1.0
0.341798,-0.006373,0.513687,-0.609558,-0.60713,0.485085,0.061677,-0.378649,-0.866229,-0.498055,7.0
0.385456,0.475086,0.513687,-0.346891,-0.367863,0.705578,0.503487,-0.378649,-0.551339,-0.55813,7.0
-0.706005,-0.268987,-1.277763,-0.241825,-0.666947,-0.470385,0.429852,-0.678627,-1.181119,-0.858503,4.0
-0.269421,-0.181449,-0.709742,-0.767158,-0.786581,0.044099,0.356217,-0.378649,-1.076155,-0.678279,4.0
-0.356737,-1.188137,-0.360191,-0.189291,-0.60713,-0.690878,-0.969212,-0.858614,-0.446376,-0.498055,5.0
-0.00747,0.037396,0.513687,-0.872224,-0.906215,0.411587,0.429852,-0.678627,-0.393894,-0.858503,7.0
0.079847,0.168703,-0.185416,-0.767158,-0.308046,0.63208,0.798026,-0.318653,-0.813747,-0.377906,4.0
-2.146735,-2.151056,-2.282722,2.594974,2.024815,-1.866841,-1.558291,1.7212,2.440116,1.544484,2.0
0.691066,0.518855,0.469993,-0.084225,0.050856,1.073066,1.092566,0.281304,-0.393894,0.162766,4.0
1.302284,0.693931,1.038013,0.493642,0.768659,1.734545,1.681645,0.761269,-0.393894,1.123962,3.0
-1.186248,-1.275675,-1.277763,-1.450091,-1.803469,-1.352357,-0.969212,-1.578562,-1.181119,-1.519325,5.0
0.167164,-0.093911,0.513687,0.125908,0.529392,-1.058367,-0.969212,0.041321,0.183404,0.282916,1.0
-2.015759,-1.669597,-2.239028,2.069641,1.067744,-1.57285,-1.484656,0.281304,2.755006,1.424335,2.0
0.822041,0.869008,0.601074,0.230975,0.94811,1.146564,1.387105,0.701274,0.288368,0.643364,3.0
-0.094787,-0.181449,-0.185416,-0.977291,-1.025849,0.044099,0.061677,-1.038601,-1.076155,-1.158877,7.0
0.341798,0.168703,0.469993,-0.451958,-0.188412,0.485085,0.724391,-0.198662,-0.393894,-0.317831,4.0
-1.273565,-1.100599,-1.234069,-0.819691,-1.444568,-1.205362,-1.042846,-1.218588,-1.286082,-1.519325,5.0
-1.098931,-1.188137,-1.277763,-1.292491,-1.743652,-1.205362,-0.969212,-1.758549,-1.2336,-1.218951,5.0
0.996675,1.21916,1.081707,0.020842,0.888293,1.661048,1.681645,0.881261,0.445813,1.184036,3.0
-2.146735,-2.238594,-2.282722,2.384841,1.366829,-1.866841,-1.85283,1.361226,2.230189,1.904933,2.0
1.214967,0.912777,1.431258,0.703775,1.127561,2.028536,1.534375,1.121243,0.340849,1.36426,3.0
-1.666492,-2.238594,-1.671008,1.124041,0.828476,-0.984869,-1.705561,1.121243,1.652891,0.282916,2.0
-2.015759,-2.151056,-1.408844,2.017107,1.127561,-1.425855,-1.484656,1.421222,2.230189,1.123962,2.0
1.040333,0.912777,1.038013,0.230975,0.828476,1.073066,1.239836,0.281304,0.130923,0.523215,3.0
0.822041,1.21916,0.688462,0.020842,0.110673,0.705578,1.387105,0.341299,0.025959,-0.137607,3.0
1.302284,1.481774,1.431258,0.703775,1.067744,1.734545,1.976185,1.061248,0.603258,1.424335,3.0
-0.487713,-0.881754,-0.01064,-1.292491,-1.504385,0.485085,-0.748307,-1.33858,-1.443527,-0.498055,7.0
-0.880639,-0.881754,-0.666048,-1.607691,-1.98292,0.117596,-0.453767,-1.998532,-1.54849,-0.858503,7.0
-0.182104,-0.268987,-0.360191,-0.872224,-0.666947,0.117596,0.135312,-0.678627,-0.761265,-1.339101,7.0
1.214967,0.912777,1.256483,0.493642,1.127561,1.661048,1.534375,1.121243,0.340849,1.123962,3.0
-0.00747,-0.181449,0.076748,-0.084225,-0.188412,-1.205362,-1.042846,-0.198662,0.025959,-0.317831,1.0
-0.094787,-0.356526,-0.185416,-0.767158,-1.025849,0.63208,0.356217,-0.558636,-0.708784,-0.918578,7.0
-0.356737,-0.268987,-0.491273,-1.239957,-1.384751,-0.176394,-0.159228,-1.578562,-1.181119,-1.519325,7.0
0.822041,0.825239,0.688462,0.230975,0.349941,0.999568,1.092566,0.101317,0.445813,0.342991,3.0
-2.015759,-2.151056,-1.889477,0.230975,-0.308046,-1.646348,-1.926465,0.401295,0.708221,-0.377906,2.0
0.8657,0.869008,0.644768,0.493642,1.127561,-0.690878,0.135312,1.121243,0.708221,0.703439,1.0
-2.365027,-1.494521,-2.326416,1.701908,0.110673,-2.013836,-1.631926,0.341299,-0.183967,0.342991,2.0
-2.059418,-2.151056,-2.151641,2.017107,1.366829,-1.646348,-1.558291,1.121243,2.440116,0.943738,2.0
1.040333,1.131622,1.038013,0.230975,0.589209,1.661048,1.534375,0.581282,0.130923,1.123962,3.0
-1.011614,-1.188137,-0.534967,0.020842,-0.547313,-0.249892,-0.674672,-0.378649,0.603258,-0.918578,5.0
-0.00747,0.037396,-1.539926,0.125908,0.050856,0.411587,0.135312,-0.438644,0.603258,0.042617,2.0
-0.531371,-0.750447,-0.666048,-0.872224,-1.145483,0.117596,-0.453767,-1.158593,-0.761265,-1.339101,5.0
0.079847,-0.181449,-0.185416,-0.557024,-0.786581,0.63208,0.135312,-0.798618,-0.656302,-0.618205,7.0
-1.011614,-1.013061,-1.408844,-0.872224,-1.145483,-0.764376,-0.748307,-1.398575,-0.761265,-1.339101,5.0
-0.356737,-0.356526,-0.272803,-0.241825,-0.188412,-0.396887,-0.453767,0.041321,-1.286082,-0.077532,2.0
-0.662347,-0.706678,-0.360191,-1.502624,-1.324934,-0.396887,-0.453767,-1.33858,-1.443527,-0.738354,7.0
0.996675,0.475086,1.256483,0.388575,0.888293,1.955038,1.092566,0.881261,-0.341412,1.844858,3.0
1.607893,1.21916,0.863238,0.966441,1.486463,0.411587,0.798026,1.481217,0.445813,0.342991,1.0
0.341798,0.343779,0.513687,-0.662091,-0.42768,0.705578,1.018931,-0.198662,-0.551339,0.042617,4.0
0.909358,0.693931,1.038013,0.125908,0.529392,1.367057,1.31347,0.521286,0.183404,0.282916,3.0
0.516432,0.343779,0.513687,0.230975,0.589209,0.485085,0.356217,-0.198662,0.498294,-0.498055,7.0
0.691066,0.518855,0.819544,0.125908,0.290124,0.779075,-0.453767,0.041321,0.235886,0.162766,3.0
-0.094787,-0.356526,-0.709742,-0.399425,-0.786581,0.338089,0.356217,-0.138666,-1.076155,-0.43798,4.0
0.341798,0.343779,0.513687,-0.662091,-0.42768,0.705578,1.018931,-0.438644,-0.551339,-0.197682,4.0
0.691066,0.869008,0.251523,0.125908,0.529392,1.073066,1.092566,0.521286,0.235886,0.703439,3.0
0.167164,0.518855,0.076748,-0.241825,0.050856,-0.911371,-0.159228,0.041321,0.235886,-0.077532,1.0
0.822041,0.081165,0.863238,0.388575,0.888293,-0.470385,-0.674672,0.881261,0.445813,0.883663,1.0
-0.487713,-0.181449,-0.534967,-1.502624,-1.504385,-0.396887,-0.232863,-1.33858,-1.443527,-1.939848,7.0
-0.531371,-0.093911,-0.666048,-1.450091,-1.564201,-0.176394,0.135312,-1.158593,-1.181119,-1.519325,7.0
-0.182104,0.343779,-0.098028,0.125908,-0.188412,-1.205362,-0.748307,-0.49864,0.235886,-0.317831,1.0
1.389601,1.394236,0.863238,0.966441,1.187378,0.411587,0.208947,1.181239,0.813184,0.342991,1.0
-2.015759,-1.231906,-2.151641,2.069641,0.649025,-1.719846,-0.380132,0.101317,1.023111,0.883663,2.0
-0.182104,-0.487833,0.076748,-0.084225,0.050856,-0.911371,-1.558291,0.281304,-0.603821,0.703439,1.0
-0.531371,-0.61914,-0.098028,-0.346891,-0.367863,-1.27886,-1.411021,-0.138666,-0.341412,0.342991,1.0
-0.57503,-0.531602,-0.360191,-1.187424,-1.624018,0.044099,-0.453767,-1.638558,-0.708784,-0.918578,7.0
-0.356737,-0.487833,-0.447579,-1.029824,-1.444568,-0.102897,-0.159228,-1.218588,-1.286082,-1.519325,7.0
0.691066,0.693931,0.994319,0.125908,0.290124,1.367057,1.092566,0.281304,-0.183967,0.403065,3.0
0.341798,0.387548,0.732156,0.388575,0.349941,0.338089,-0.674672,0.641278,0.235886,0.763513,1.0
0.8657,0.693931,0.644768,-0.084225,0.529392,1.367057,1.387105,0.281304,-0.183967,0.162766,3.0
-0.924298,-0.006373,-0.534967,-0.924758,-1.025849,0.044099,1.092566,-1.038601,0.288368,-0.618205,7.0
-1.14259,-1.188137,-1.015599,0.178442,-0.128595,-0.470385,-0.895577,-0.138666,0.235886,-0.678279,5.0
0.734724,0.869008,0.863238,0.125908,0.290124,1.073066,1.31347,0.281304,0.393331,0.583289,3.0
0.385456,0.475086,0.207829,-0.504491,-0.128595,0.411587,0.503487,-0.138666,-0.341412,-0.137607,4.0
0.079847,0.168703,0.033054,-0.767158,-0.786581,0.338089,0.503487,-0.318653,-0.656302,-0.377906,4.0
1.214967,1.262929,1.212789,0.808841,1.247195,-0.470385,-0.085593,1.541213,0.865666,1.48441,1.0
0.167164,0.168703,0.338911,-0.609558,-0.367863,0.779075,0.356217,-0.198662,-0.866229,-0.197682,4.0
-0.094787,-0.181449,0.033054,-0.767158,-0.786581,0.044099,-0.085593,-0.558636,-0.813747,-0.377906,7.0
-1.186248,-1.363214,-1.015599,-0.924758,-1.025849,-0.764376,-0.895577,-0.858614,-0.761265,-1.038727,5.0
1.214967,0.912777,1.038013,0.493642,0.828476,1.367057,1.534375,0.581282,0.340849,0.823588,3.0
-0.182104,-0.531602,0.164136,-0.609558,-0.367863,0.117596,0.356217,-0.378649,-1.600972,-0.738354,7.0
1.214967,1.306698,1.431258,0.913908,1.725731,0.779075,-0.232863,1.7212,0.918148,1.724709,1.0
0.691066,0.737701,0.688462,-0.399425,0.050856,0.779075,0.945296,0.281304,-0.079004,0.042617,3.0
1.040333,0.562624,1.038013,0.230975,0.828476,1.367057,-0.232863,0.581282,0.130923,0.523215,3.0
-0.00747,-0.181449,0.251523,0.125908,-0.188412,1.367057,1.092566,1.361226,0.025959,1.244111,1.0
-0.00747,0.343779,0.338911,-0.662091,-0.42768,0.705578,0.429852,-0.91861,-0.183967,-0.197682,7.0
-2.015759,-2.151056,-2.151641,2.227241,1.127561,-1.719846,-1.484656,1.421222,1.862818,1.36426,2.0
-0.182104,-0.181449,-0.098028,-1.029824,-0.726764,-0.102897,0.135312,-0.978606,-1.076155,-1.279026,7.0
-0.269421,0.037396,-0.185416,-0.189291,-0.128595,-0.470385,-0.159228,0.641278,0.393331,0.282916,1.0
1.258626,1.044084,0.819544,0.703775,1.127561,-0.396887,-0.159228,1.121243,0.708221,1.244111,1.0
-0.749664,-0.531602,-0.709742,-0.557024,-0.786581,-1.499353,-0.895577,-0.378649,-0.498857,-0.678279,1.0
-2.27771,-2.282363,-2.239028,3.01524,1.486463,-2.013836,-1.631926,1.781196,2.755006,2.145231,2.0
-0.706005,-0.444064,-0.884518,0.020842,-0.367863,-0.764376,-0.674672,-0.378649,0.025959,-0.55813,5.0
0.341798,0.912777,0.338911,0.230975,0.589209,-0.102897,0.356217,0.821265,0.340849,0.823588,1.0
0.167164,-0.181449,-0.098028,-0.241825,-0.487496,-0.396887,0.135312,-0.738623,-0.813747,-0.798429,4.0
1.040333,1.131622,1.038013,0.703775,1.127561,-0.396887,-0.453767,1.121243,0.708221,1.123962,1.0
1.302284,1.262929,0.164136,0.913908,1.366829,-0.470385,0.135312,1.061248,0.813184,1.123962,1.0
-0.531371,-0.444064,-0.666048,-1.450091,-1.564201,-0.176394,0.135312,-1.398575,-1.338564,-1.759624,7.0
0.691066,0.825239,0.732156,-0.189291,0.349941,0.926071,0.945296,0.101317,-0.131486,0.282916,4.0
1.214967,1.306698,1.038013,0.493642,0.828476,1.367057,1.90255,0.821265,0.498294,0.823588,3.0
-1.622833,-1.275675,-1.627314,-0.346891,-1.265117,-1.205362,-0.674672,-1.278584,-0.656302,-1.279026,5.0
1.214967,1.044084,1.212789,0.808841,1.247195,-0.470385,-0.380132,0.941256,0.708221,1.184036,1.0
-0.00747,-0.181449,-0.447579,-0.819691,-1.2053,0.191094,0.429852,-0.738623,-0.813747,-1.038727,4.0
1.040333,0.912777,1.038013,0.230975,0.589209,1.073066,0.945296,0.281304,0.340849,0.523215,3.0
1.214967,1.044084,1.212789,0.808841,1.247195,-0.176394,-0.380132,1.241235,0.865666,1.48441,1.0
0.996675,1.000315,0.863238,0.230975,0.888293,0.999568,1.681645,0.641278,0.025959,0.342991,3.0
-0.531371,-0.268987,-0.491273,-1.450091,-1.564201,-0.176394,-0.453767,-1.818545,-0.971192,-1.759624,7.0
0.822041,0.256241,1.256483,0.020842,0.649025,1.661048,0.503487,0.881261,-0.341412,1.48441,3.0
0.56009,0.693931,-0.01064,0.125908,0.290124,0.411587,1.018931,0.281304,0.025959,-0.197682,3.0
-2.015759,-1.757135,-2.282722,2.437374,1.426646,-1.425855,-1.484656,0.281304,2.072744,1.123962,2.0
0.691066,0.606393,0.557381,0.020842,0.110673,1.220062,1.166201,0.341299,-0.341412,0.042617,4.0
-0.662347,-0.706678,-0.360191,-1.292491,-1.324934,-0.102897,-0.453767,-1.518567,-1.443527,-1.218951,7.0
0.036189,0.387548,-0.185416,-0.767158,-0.547313,0.63208,0.945296,0.341299,-0.91871,0.282916,3.0
-0.00747,-0.006373,-1.496232,-0.662091,-0.726764,-1.646348,-0.453767,-0.49864,-0.813747,0.403065,4.0
-1.797467,-2.238594,-1.627314,0.703775,-0.188412,-1.866841,-1.85283,0.281304,0.708221,0.162766,2.0
0.516432,0.869008,0.251523,0.283508,0.828476,-0.690878,-0.453767,0.281304,0.498294,-0.317831,1.0
-0.356737,-0.268987,0.033054,-0.924758,-0.846398,-0.176394,-0.380132,-0.858614,-0.91871,-0.798429,7.0
-2.146735,-2.151056,-2.282722,2.647507,1.426646,-1.940339,-1.705561,1.421222,2.440116,1.724709,2.0
0.691066,0.869008,1.212789,0.861375,1.127561,-0.102897,-0.453767,0.821265,0.708221,0.703439,1.0
-0.182104,-0.356526,0.076748,-0.241825,-0.726764,-1.205362,-1.042846,-0.198662,-0.183967,-0.317831,1.0
0.691066,-0.181449,0.251523,0.493642,0.828476,-0.690878,-0.748307,0.281304,0.025959,-0.317831,1.0
0.516432,0.693931,0.819544,-0.084225,0.290124,1.367057,1.092566,0.281304,-0.393894,0.703439,7.0
0.341798,0.212472,0.513687,-0.241825,0.050856,0.411587,0.724391,-0.91861,-0.183967,-0.197682,7.0
-0.182104,-0.181449,-0.185416,-1.082358,-0.60713,-0.102897,0.356217,-0.858614,-1.023674,-1.218951,7.0
-0.356737,-0.706678,-0.01064,-0.819691,-0.846398,0.117596,0.061677,-0.858614,-1.443527,-0.738354,7.0
-0.356737,0.693931,-0.447579,-1.239957,-0.966032,0.485085,1.387105,0.521286,-0.603821,-0.55813,5.0
1.214967,1.613081,0.513687,0.388575,0.888293,0.999568,1.681645,0.341299,0.235886,0.102692,3.0
-2.015759,-2.151056,-2.151641,1.544308,1.127561,-1.719846,-1.705561,1.121243,1.495446,1.123962,2.0
0.385456,0.825239,0.513687,0.020842,0.349941,0.999568,1.092566,0.101317,0.445813,0.102692,3.0
0.8657,1.21916,1.125401,0.178442,0.888293,1.514052,1.75528,0.641278,0.235886,0.763513,3.0
0.516432,-0.006373,0.644768,-0.241825,-0.188412,1.073066,1.092566,0.281304,-0.813747,0.403065,7.0
0.996675,0.825239,0.863238,0.388575,0.649025,1.293559,0.798026,0.341299,0.235886,0.643364,3.0
-1.14259,-1.275675,-1.234069,-1.029824,-1.2053,-1.205362,-1.042846,-1.458571,-1.076155,-1.699549,5.0
1.214967,1.262929,1.212789,0.808841,0.94811,-0.176394,0.135312,0.941256,0.865666,0.883663,1.0
-0.356737,-0.531602,-1.408844,-1.082358,-1.085666,-1.425855,-0.232863,-0.858614,-1.443527,0.282916,7.0
-0.662347,-0.662909,0.076748,-0.451958,-0.966032,-0.690878,-0.748307,-0.49864,0.025959,0.162766,1.0
-1.317224,-1.363214,-1.146681,-0.346891,-0.846398,-0.470385,-0.674672,-1.038601,-0.551339,-0.798429,5.0
-2.015759,-2.282363,-2.151641,1.386708,0.409758,-1.866841,-2.14737,0.401295,1.652891,1.184036,2.0
-0.836981,0.168703,-2.282722,0.861375,0.050856,-1.205362,-0.159228,0.521286,0.235886,0.403065,2.0
-0.57503,-0.181449,-0.534967,-1.345024,-1.624018,-0.249892,-0.453767,-1.638558,-1.286082,-1.399176,7.0
-0.182104,-0.268987,-0.098028,-0.136758,-0.367863,-0.984869,-0.895577,-0.618631,-0.183967,-0.377906,1.0
-0.356737,-0.181449,-0.272803,-0.241825,-0.726764,-1.425855,-1.337386,-0.738623,-0.393894,-0.55813,1.0
-0.182104,-0.444064,0.164136,-1.239957,-1.384751,0.411587,0.135312,-1.158593,-1.338564,-0.858503,7.0
0.647407,0.693931,0.819544,-0.346891,0.17049,0.926071,0.798026,-0.07867,-0.236449,0.102692,3.0
-0.706005,-0.61914,-0.578661,-1.660224,-1.743652,-0.176394,-0.380132,-1.938536,-1.496009,-1.45925,7.0
-0.487713,-0.531602,-0.185416,-1.082358,-1.504385,-0.102897,-0.232863,-1.518567,-1.2336,-1.45925,7.0
-0.706005,-0.61914,-0.578661,-1.450091,-1.504385,-0.470385,-0.380132,-1.758549,-1.496009,-1.45925,7.0
1.389601,1.000315,1.081707,0.388575,0.888293,1.293559,1.092566,0.881261,0.235886,0.342991,3.0
-0.706005,-0.61914,-0.578661,-0.924758,-1.025849,-1.27886,-1.411021,-1.038601,-0.551339,-1.038727,1.0
0.254481,0.343779,0.207829,-0.346891,-0.547313,0.044099,0.503487,-0.798618,-0.656302,-0.618205,4.0
0.691066,0.869008,0.469993,-0.084225,0.290124,1.073066,1.092566,0.281304,0.235886,0.162766,3.0
0.516432,0.212472,-0.01064,-0.399425,-0.367863,0.926071,0.650756,-0.378649,-0.341412,-0.43798,4.0
-0.444054,-0.181449,-0.01064,-0.399425,-0.367863,-0.984869,-0.453767,0.101317,0.235886,-0.197682,1.0
-0.967956,-1.100599,-1.059293,-1.029824,-1.444568,-0.911371,-0.748307,-1.698554,-1.076155,-2.120072,5.0
-2.27771,-2.282363,-2.282722,2.752574,1.905181,-1.866841,-1.705561,1.541213,3.174859,1.48441,2.0
0.079847,-0.006373,0.382605,-0.189291,-0.068778,0.338089,0.503487,-0.07867,-0.079004,-0.618205,7.0
0.341798,-1.100599,0.251523,-0.662091,-0.188412,0.779075,-0.159228,-0.198662,1.757854,-0.317831,4.0
-0.531371,-0.444064,-0.491273,-1.029824,-1.564201,-0.470385,-0.159228,-0.91861,-1.338564,-1.098802,7.0
-0.487713,0.343779,-0.666048,-1.292491,-1.324934,0.117596,0.945296,-0.198662,-2.17827,-0.978653,3.0
-1.229907,-1.144368,-1.015599,-0.557024,-0.786581,-0.690878,-0.969212,-0.798618,-0.813747,-0.377906,5.0
-0.182104,-0.531602,-0.01064,-0.399425,-0.367863,-1.205362,-0.969212,-0.858614,-0.446376,-0.197682,1.0
-2.015759,-1.625828,-1.539926,1.701908,0.349941,-0.764376,-1.85283,-0.618631,1.967781,-1.038727,2.0
0.167164,-0.268987,0.513687,0.336042,0.290124,0.411587,-0.159228,-0.198662,-0.183967,0.583289,1.0
-1.535516,0.037396,-2.37011,0.808841,-0.547313,-1.719846,-0.453767,-0.138666,-0.498857,0.523215,2.0
-0.182104,-0.006373,-0.272803,-0.084225,-0.188412,-1.205362,-1.042846,-0.198662,0.235886,-0.55813,1.0
-2.146735,-2.282363,-2.020559,2.542441,1.905181,-1.646348,-1.926465,1.541213,2.964933,1.184036,2.0
-0.356737,0.343779,-0.753436,-0.084225,-0.966032,-0.102897,0.724391,-0.198662,-0.393894,-0.55813,5.0
-1.753808,-1.53829,-2.37011,0.913908,0.290124,-1.352357,-0.748307,-0.91861,1.757854,0.282916,2.0
-1.666492,-1.53829,-1.365151,-1.239957,-1.444568,-1.205362,-1.042846,-1.458571,-1.076155,-1.519325,5.0
-2.146735,-2.238594,-2.37011,1.649374,0.290124,-1.866841,-2.0001,0.281304,1.967781,0.583289,2.0
1.040333,0.912777,1.038013,0.230975,0.828476,1.367057,1.239836,0.581282,0.130923,1.123962,3.0
0.996675,0.693931,0.819544,0.441108,0.17049,1.146564,1.387105,0.701274,0.288368,0.342991,3.0
0.079847,-0.181449,0.207829,-0.767158,-0.786581,0.338089,0.135312,-1.038601,-0.446376,-0.618205,7.0
-0.967956,-0.969292,-0.447579,0.861375,0.529392,-0.102897,-0.748307,0.521286,0.708221,0.703439,5.0
0.996675,1.21916,1.256483,0.756308,1.187378,0.117596,-0.380132,1.481217,0.603258,1.844858,1.0
-0.182104,-0.487833,0.076748,-0.241825,-0.188412,-0.911371,-1.042846,-0.49864,-0.393894,-0.55813,1.0
0.909358,0.869008,1.038013,0.336042,0.768659,0.705578,0.724391,0.761269,0.183404,0.583289,3.0
0.996675,1.000315,1.256483,0.598708,0.888293,-0.470385,-0.380132,1.481217,0.603258,1.184036,1.0
-0.094787,-0.006373,-0.534967,-0.189291,-0.068778,-1.205362,-1.190116,-0.07867,-0.236449,-0.137607,1.0
0.167164,-0.356526,0.469993,0.125908,0.290124,-0.396887,-1.042846,0.521286,-0.393894,0.703439,1.0
-1.098931,-1.319444,-1.146681,-0.609558,-1.085666,-0.984869,-0.969212,-0.858614,-0.236449,-0.738354,5.0
1.214967,1.21916,1.081707,0.598708,1.187378,1.955038,1.681645,1.181239,0.445813,1.184036,3.0
-0.182104,-0.356526,-0.272803,-1.029824,-1.2053,-0.102897,0.135312,-0.978606,-1.076155,-1.519325,7.0
0.8657,1.044084,0.994319,0.493642,0.828476,0.485085,0.135312,0.521286,0.708221,0.943738,1.0
-2.146735,-2.063518,-2.282722,1.754441,0.409758,-1.866841,-1.705561,0.401295,2.020263,0.102692,2.0
-0.880639,-1.144368,-0.185416,-0.872224,-0.906215,-0.176394,-0.453767,-1.578562,-0.551339,-0.858503,5.0
1.214967,1.525543,1.256483,0.913908,1.426646,0.117596,0.061677,1.421222,0.918148,1.36426,1.0
0.036189,-0.093911,-0.272803,-0.136758,-0.128595,0.117596,0.503487,-0.618631,-0.183967,-0.377906,7.0
0.8657,1.394236,0.164136,0.020842,0.349941,0.926071,1.75528,0.881261,-0.131486,0.042617,3.0
-1.491858,-0.268987,-1.889477,0.966441,0.110673,-1.719846,-0.380132,0.341299,0.025959,0.342991,2.0
-0.880639,-0.268987,-1.408844,-0.241825,-0.666947,0.117596,0.724391,0.521286,-0.551339,-0.377906,5.0
0.8657,0.869008,0.994319,0.493642,0.828476,-0.396887,-0.453767,0.281304,0.498294,0.403065,1.0
0.691066,0.606393,0.557381,-0.189291,0.110673,0.926071,-0.159228,-0.378649,0.235886,-0.197682,4.0
0.341798,-0.181449,0.338911,0.178442,0.110673,-0.984869,-1.190116,0.101317,0.025959,0.282916,1.0
0.385456,0.081165,0.688462,0.230975,0.649025,-0.176394,-0.380132,0.641278,0.603258,0.883663,1.0
-0.094787,-0.181449,-0.185416,-0.189291,-0.367863,-0.764376,-1.411021,0.101317,-0.131486,-0.197682,1.0
1.040333,1.131622,1.038013,0.703775,0.828476,-0.102897,0.061677,1.121243,0.498294,1.123962,1.0
-0.182104,-0.356526,0.251523,-1.029824,-0.726764,-0.102897,-0.159228,-0.738623,-1.076155,-0.317831,4.0
1.389601,1.262929,1.606034,0.598708,1.247195,1.146564,1.387105,0.701274,1.075593,0.883663,3.0
1.083992,1.21916,-0.185416,0.808841,0.888293,-0.249892,-0.159228,1.181239,0.760703,1.36426,1.0
-1.317224,-1.013061,-1.277763,-0.872224,-1.564201,-1.57285,-1.263751,-1.818545,-0.761265,-1.939848,5.0
-0.531371,-0.662909,-0.622354,-0.451958,-0.726764,-0.102897,-0.453767,-0.738623,-0.393894,-0.798429,5.0
-0.182104,-0.181449,-0.098028,-0.819691,-0.966032,-0.396887,-0.453767,-0.978606,-0.603821,-1.519325,4.0
1.12765,0.693931,1.212789,0.703775,0.768659,1.073066,-0.159228,1.361226,0.393331,1.123962,1.0
-1.273565,-0.181449,-0.272803,-0.451958,-0.726764,0.485085,0.724391,-0.738623,-0.183967,-0.077532,5.0
1.040333,0.912777,0.863238,0.020842,0.589209,1.367057,1.90255,0.821265,-0.079004,0.823588,3.0
1.214967,1.131622,1.256483,0.493642,0.828476,1.367057,1.534375,0.821265,0.340849,0.823588,3.0
0.691066,0.737701,0.688462,-0.189291,0.050856,1.367057,0.945296,0.281304,-0.236449,0.282916,3.0
-0.356737,-0.006373,-0.447579,-0.451958,-0.726764,-1.205362,-0.453767,0.041321,0.235886,-0.55813,1.0
1.083992,0.606393,1.125401,0.178442,0.349941,2.175531,1.46074,0.881261,-0.498857,1.36426,3.0
-0.967956,-1.188137,-0.360191,-0.819691,-1.085666,-0.984869,-1.263751,-1.098597,-0.866229,-0.978653,5.0
-0.182104,-0.181449,-0.447579,-0.662091,-0.188412,-1.205362,-1.042846,-0.49864,-0.183967,-0.317831,1.0
-2.146735,-2.019749,-2.282722,2.017107,1.127561,-1.646348,-1.85283,1.121243,2.020263,1.544484,2.0
1.214967,1.044084,1.212789,0.808841,0.94811,-0.690878,-0.085593,0.701274,0.708221,0.102692,1.0
0.036189,-0.181449,0.732156,-0.557024,-0.547313,-0.249892,-0.453767,-1.038601,-0.341412,-0.918578,7.0
-2.146735,-2.063518,-2.151641,2.174707,0.94811,-1.866841,-1.411021,1.241235,2.020263,0.883663,2.0
1.302284,0.869008,1.431258,0.703775,1.067744,1.367057,1.681645,1.361226,0.025959,1.424335,3.0
-1.273565,-1.319444,-1.321457,-0.399425,-1.2053,-0.984869,-1.411021,-0.798618,-0.91871,-0.678279,5.0
-0.356737,-0.356526,-0.447579,-1.239957,-1.2053,-0.396887,-0.159228,-1.458571,-1.286082,-1.279026,7.0
-0.967956,-0.837985,-1.365151,-0.662091,-0.966032,-0.690878,-0.453767,-0.978606,-0.813747,-0.798429,5.0
-0.356737,-0.006373,-0.447579,-0.241825,-0.726764,-1.425855,-1.558291,-0.49864,-0.183967,-1.038727,1.0
1.040333,1.044084,0.994319,0.125908,0.828476,1.073066,1.387105,0.521286,0.235886,0.403065,3.0
0.341798,0.168703,0.076748,-0.451958,-0.188412,0.485085,0.135312,-0.49864,-0.603821,-0.317831,7.0
-0.924298,-1.144368,-0.360191,-0.767158,-1.265117,-0.176394,-0.674672,-1.038601,-0.236449,-1.279026,5.0
-1.666492,-2.151056,-0.534967,1.754441,1.187378,0.044099,-2.0001,0.641278,2.807487,-0.678279,2.0
-2.015759,-2.282363,-1.889477,2.542441,1.187378,-1.719846,-1.85283,1.481217,2.282671,1.36426,2.0
-0.706005,-1.53829,0.688462,0.125908,0.290124,0.705578,-1.705561,1.061248,-0.393894,0.282916,2.0
0.516432,-0.006373,0.513687,0.703775,0.828476,0.779075,0.061677,0.581282,0.918148,1.123962,5.0
0.734724,0.212472,0.688462,0.493642,0.768659,-0.470385,-0.748307,1.061248,0.393331,0.823588,1.0
-0.706005,-0.750447,-0.666048,-1.239957,-1.803469,-0.764376,-0.159228,-1.578562,-1.338564,-1.939848,7.0
-2.452344,-1.888442,-2.37011,2.437374,0.529392,-1.866841,-1.263751,0.281304,0.813184,0.583289,2.0
0.167164,0.168703,0.338911,-0.819691,-0.367863,0.485085,0.650756,-0.378649,-0.656302,0.042617,4.0
0.167164,0.037396,0.164136,-0.872224,-0.666947,0.411587,0.429852,-0.438644,-0.761265,-0.618205,4.0
0.691066,0.606393,-0.01064,0.598708,0.649025,0.044099,0.061677,1.481217,0.235886,1.063887,1.0
-0.749664,-2.151056,0.819544,0.441108,0.409758,-0.690878,-1.926465,0.161312,1.285519,0.643364,2.0
-0.487713,-0.356526,-0.666048,-1.502624,-1.504385,-0.396887,-0.453767,-1.33858,-1.2336,-1.45925,7.0
-0.182104,-0.268987,-0.272803,-0.346891,-0.367863,-1.499353,-1.411021,-0.618631,-0.183967,-0.377906,1.0
-0.531371,-0.487833,-0.622354,-1.239957,-1.444568,-0.396887,-0.159228,-1.458571,-1.076155,-1.519325,7.0
-0.444054,0.037396,-0.534967,-0.977291,-1.2053,-0.249892,0.061677,-1.458571,-1.286082,-1.158877,7.0
0.210823,0.037396,-0.01064,-0.767158,-0.547313,0.63208,0.650756,-0.378649,-0.341412,-0.43798,4.0
-0.00747,-0.356526,0.251523,-0.819691,-0.966032,1.073066,0.135312,-0.49864,-0.813747,-0.077532,7.0
1.258626,1.21916,1.387565,1.071508,1.725731,-0.396887,-0.159228,1.7212,0.918148,1.544484,1.0
-1.884784,-1.757135,-2.37011,2.962707,1.187378,-1.27886,-1.85283,0.641278,3.174859,1.063887,2.0
0.079847,-0.356526,0.601074,0.020842,0.17049,-0.176394,-1.190116,0.701274,-0.236449,0.643364,1.0
0.8657,1.131622,0.863238,0.703775,1.127561,0.117596,-0.232863,1.421222,0.708221,0.823588,1.0
-0.182104,-0.181449,-0.622354,-1.239957,-0.966032,-0.102897,-0.159228,-0.738623,-1.076155,-1.279026,7.0
-0.531371,-0.575371,-0.491273,-1.450091,-1.803469,-0.176394,-0.159228,-1.578562,-1.338564,-1.519325,7.0
-0.618688,-1.144368,-0.360191,-0.767158,-1.265117,-0.470385,-0.674672,-1.278584,-0.656302,-0.858503,7.0
-0.531371,-0.444064,-0.578661,-1.292491,-1.265117,-0.470385,-0.380132,-1.278584,-1.128637,-1.45925,7.0
-0.967956,-0.706678,-0.534967,-2.133024,-2.162371,0.779075,0.061677,-1.518567,-1.810899,-0.498055,5.0
-0.00747,-0.268987,0.338911,-0.872224,-0.666947,1.073066,0.135312,-0.198662,-1.181119,0.042617,7.0
0.996675,1.044084,1.212789,0.808841,1.54628,-0.470385,-0.674672,1.541213,0.708221,1.48441,1.0
-0.356737,-0.444064,-0.447579,-1.450091,-1.504385,-0.176394,-0.085593,-1.518567,-1.338564,-1.038727,7.0
-0.618688,-0.531602,-0.534967,-0.557024,-1.025849,-1.646348,-1.190116,-0.798618,-0.236449,-1.038727,1.0
1.214967,1.131622,0.863238,0.493642,0.828476,1.367057,1.534375,0.581282,0.708221,0.823588,3.0
0.996675,0.869008,1.212789,0.808841,1.247195,-0.470385,-0.085593,1.541213,0.865666,1.48441,1.0
-0.269421,-0.356526,-0.709742,-1.345024,-1.504385,-0.690878,-0.380132,-1.518567,-1.023674,-1.519325,7.0
0.8657,0.737701,0.513687,0.493642,0.589209,0.485085,1.239836,0.821265,0.498294,0.042617,3.0
1.214967,1.262929,0.994319,0.441108,1.247195,1.440554,1.681645,0.941256,0.288368,0.883663,3.0
-0.182104,0.343779,-0.01064,-0.189291,-0.188412,1.073066,0.650756,1.121243,-0.236449,1.36426,1.0
1.302284,1.481774,1.212789,0.493642,1.067744,1.367057,1.681645,1.061248,0.603258,0.823588,3.0
0.603749,0.256241,0.863238,0.388575,0.888293,-0.470385,-0.380132,0.341299,0.445813,0.643364,1.0
-0.356737,-0.093911,-0.491273,-1.239957,-1.564201,-0.176394,-0.159228,-1.578562,-0.971192,-1.519325,7.0
0.8657,0.912777,0.863238,0.020842,0.290124,1.367057,1.534375,0.821265,0.130923,0.523215,3.0
0.167164,0.518855,-0.098028,0.125908,0.050856,-0.911371,-0.453767,-0.49864,0.025959,-0.317831,1.0
1.302284,1.262929,1.431258,0.913908,1.366829,0.117596,-0.159228,1.661204,0.970629,1.724709,1.0
-0.094787,0.037396,-0.01064,-0.399425,-0.367863,0.338089,0.061677,-0.558636,-0.498857,-0.678279,7.0
-0.356737,-0.268987,-0.447579,-1.292491,-1.265117,-0.176394,0.208947,-1.038601,-1.128637,-1.879773,4.0
-2.234051,-1.757135,-2.239028,2.332307,0.888293,-1.719846,-1.631926,1.181239,0.760703,1.36426,2.0
1.040333,0.869008,0.994319,0.493642,1.127561,1.073066,1.092566,1.121243,0.235886,0.943738,3.0
-0.444054,-0.356526,-0.709742,-1.345024,-1.504385,-0.690878,-0.380132,-1.518567,-1.2336,-1.279026,7.0
0.167164,0.912777,-0.01064,0.020842,0.050856,-0.984869,-0.453767,0.581282,0.340849,0.523215,1.0
-0.182104,-0.356526,-0.01064,-0.189291,0.050856,-0.690878,-0.969212,0.041321,-0.236449,0.523215,1.0
1.214967,1.21916,1.256483,0.598708,1.486463,-0.176394,-0.085593,1.181239,0.813184,1.184036,1.0
0.8657,0.825239,1.125401,0.020842,0.649025,1.514052,1.166201,0.341299,-0.341412,0.763513,3.0
-0.531371,-0.444064,-0.491273,-0.451958,-0.42768,-0.176394,0.135312,-0.678627,-0.393894,-0.618205,5.0
-0.836981,-0.706678,-1.146681,-0.819691,-1.085666,-0.690878,0.356217,-1.33858,-0.866229,-1.45925,5.0
-0.094787,-0.531602,-0.360191,-0.557024,-0.786581,-0.176394,-0.380132,-1.518567,-0.813747,-1.759624,7.0
-1.404541,-1.319444,-1.539926,-0.399425,-0.846398,-1.205362,-1.263751,-1.33858,-0.656302,-1.45925,5.0
-0.356737,-0.662909,-0.622354,-1.397557,-1.444568,-0.102897,-0.159228,-1.458571,-1.496009,-1.279026,7.0
-0.356737,-0.487833,-0.272803,-1.397557,-1.683835,-0.102897,-0.159228,-1.698554,-1.286082,-1.279026,7.0
-0.182104,0.081165,0.513687,0.020842,-0.128595,-0.470385,-0.380132,-0.378649,0.025959,0.643364,1.0
-2.365027,-2.151056,-2.326416,2.279774,0.888293,-1.719846,-1.631926,0.641278,1.757854,0.643364,2.0
1.214967,1.044084,1.212789,0.808841,1.54628,-0.470385,-0.380132,1.541213,0.865666,1.48441,1.0
-0.531371,-0.444064,-0.491273,-0.241825,-0.906215,-1.352357,-1.263751,-0.91861,-0.183967,-0.197682,1.0
-1.229907,-0.356526,-1.889477,0.441108,0.17049,-1.646348,-0.085593,0.401295,-1.2336,0.643364,2.0
-0.618688,-0.006373,-0.884518,-1.134891,-1.683835,-0.176394,0.135312,-1.518567,-0.656302,-1.279026,7.0
-2.146735,-2.238594,-2.020559,1.071508,0.290124,-1.646348,-2.073735,0.521286,0.918148,0.403065,2.0
-0.182104,-0.268987,-0.360191,-0.872224,-1.145483,-0.176394,-0.159228,-1.398575,-0.971192,-1.098802,7.0
0.56009,0.212472,0.688462,0.336042,0.768659,-0.470385,-0.748307,0.521286,0.183404,0.583289,1.0
-0.182104,-0.444064,-0.360191,-1.239957,-1.384751,-0.176394,-0.748307,-0.678627,-1.181119,-1.339101,7.0
0.385456,-0.61914,0.688462,-0.136758,0.110673,0.411587,-1.411021,0.341299,-0.183967,0.102692,3.0
-1.14259,-1.275675,-1.234069,-0.662091,-0.726764,-0.911371,-1.042846,-0.738623,-0.603821,-0.798429,5.0
-1.273565,-0.706678,-0.971906,-1.502624,-1.923103,-0.396887,0.650756,-1.33858,-2.598124,-0.978653,5.0
0.734724,0.693931,0.688462,-0.084225,0.529392,1.073066,1.31347,0.041321,-0.183967,0.282916,3.0
-2.059418,-2.151056,-2.282722,2.594974,1.725731,-1.866841,-1.558291,1.7212,2.230189,1.544484,2.0
0.167164,0.343779,0.688462,0.913908,0.768659,0.411587,0.429852,1.061248,0.183404,0.823588,5.0
0.8657,0.869008,1.212789,0.493642,1.366829,-0.102897,0.135312,1.121243,0.708221,1.244111,1.0
0.516432,0.693931,0.819544,0.493642,0.828476,-0.911371,-0.453767,0.521286,0.498294,0.703439,1.0
0.210823,0.256241,-0.098028,-0.504491,-0.60713,0.705578,0.503487,0.341299,-0.551339,-0.137607,7.0
0.516432,0.518855,0.644768,-0.241825,0.050856,0.779075,0.135312,0.041321,-0.183967,-0.077532,7.0
-0.531371,-0.662909,-0.272803,-0.241825,-0.726764,0.191094,0.135312,-0.738623,-0.183967,-0.55813,5.0
0.603749,0.256241,1.081707,-0.346891,0.349941,1.661048,1.092566,0.641278,-0.91871,0.883663,3.0
-1.055273,-1.144368,-0.884518,-2.290624,-2.102554,0.63208,0.135312,-0.558636,-1.600972,-0.618205,5.0
-2.059418,-2.151056,-2.151641,1.649374,0.290124,-1.646348,-1.85283,0.041321,1.757854,0.403065,2.0
-0.531371,-0.61914,-0.447579,-0.136758,-0.60713,-1.27886,-1.411021,-0.378649,-0.341412,-0.137607,1.0
0.341798,0.869008,-0.098028,0.283508,0.828476,-0.690878,0.135312,0.521286,0.498294,-0.55813,1.0
1.389601,1.044084,1.212789,0.598708,0.94811,2.028536,2.049819,1.541213,0.288368,1.184036,3.0
0.516432,0.562624,0.338911,-0.399425,-0.188412,0.485085,0.945296,0.041321,-0.236449,-0.197682,4.0
0.56009,-0.444064,0.863238,-0.241825,0.050856,1.367057,0.429852,0.521286,-1.181119,0.583289,7.0
-0.182104,-0.093911,0.164136,-1.029824,-1.145483,0.411587,0.135312,-0.678627,-1.338564,-0.618205,7.0
-0.57503,-0.356526,-0.534967,-0.557024,-1.025849,-0.249892,-0.159228,-0.798618,-0.341412,-0.918578,5.0
-1.535516,-1.319444,-1.146681,-0.189291,-1.085666,-0.690878,-1.263751,-1.098597,-0.446376,-0.978653,5.0
-0.531371,-0.181449,-0.622354,-0.451958,-0.726764,-1.425855,-1.337386,-0.738623,-0.183967,-0.55813,1.0
-0.706005,-1.013061,-0.666048,-1.450091,-1.803469,-0.176394,-0.453767,-1.578562,-1.338564,-1.519325,7.0
-0.836981,-0.706678,-0.666048,-1.502624,-1.923103,-0.690878,-0.453767,-1.758549,-1.2336,-1.939848,7.0
-0.444054,-0.531602,0.557381,-0.977291,-1.2053,1.220062,0.061677,-0.798618,-1.286082,0.282916,7.0
-2.365027,-2.369901,-2.457498,2.384841,0.708842,-2.013836,-2.14737,0.701274,2.387634,0.643364,2.0
-0.487713,-0.531602,-0.360191,-0.819691,-0.846398,0.117596,-0.232863,-1.098597,-0.866229,-0.738354,5.0
1.040333,1.131622,1.038013,0.493642,0.828476,0.117596,0.061677,1.121243,0.708221,1.123962,1.0
0.210823,0.387548,0.338911,-0.189291,-0.128595,1.514052,1.166201,0.341299,-0.498857,0.523215,7.0
-0.531371,-0.750447,-0.360191,-1.239957,-1.564201,-0.176394,-0.748307,-1.578562,-1.181119,-1.759624,7.0
0.8657,0.912777,0.688462,0.230975,0.828476,1.073066,0.945296,0.281304,0.498294,0.042617,3.0
0.167164,0.518855,-0.098028,-0.084225,-0.188412,-0.911371,-0.159228,-0.198662,0.025959,-0.317831,1.0
-2.27771,-1.932211,-2.151641,3.120307,1.905181,-1.646348,-0.085593,0.941256,3.174859,1.184036,2.0
0.516432,0.168703,0.644768,-0.241825,0.050856,0.485085,0.429852,0.281304,-0.813747,-0.077532,4.0
0.8657,0.737701,1.038013,-0.189291,0.290124,0.779075,0.945296,0.281304,-0.236449,1.123962,3.0
-1.14259,-1.275675,-1.234069,-1.029824,-1.2053,-1.205362,-1.337386,-1.458571,-1.286082,-1.279026,5.0
0.341798,0.693931,0.338911,-0.241825,-0.188412,0.411587,1.31347,-0.198662,0.603258,-0.618205,7.0
-0.356737,-0.662909,-1.234069,-0.662091,-0.966032,-0.396887,-0.159228,-0.738623,-1.496009,-0.077532,2.0
0.734724,0.037396,0.863238,0.336042,0.529392,0.117596,-0.969212,-0.198662,0.183404,0.282916,1.0
-0.662347,-0.487833,-0.622354,-0.662091,-0.966032,-1.425855,-1.042846,-0.978606,-0.393894,-0.55813,1.0
0.909358,0.869008,0.513687,-0.084225,0.290124,1.073066,1.018931,0.281304,0.025959,0.583289,4.0
-2.27771,-1.406983,-2.282722,2.542441,0.708842,-1.866841,-0.674672,0.941256,2.387634,0.883663,2.0
-1.14259,-1.100599,-1.234069,-0.819691,-0.966032,-0.911371,-1.042846,-0.738623,-0.603821,-0.798429,5.0
0.079847,-0.181449,0.819544,-0.346891,-0.308046,0.63208,-0.085593,-0.558636,-0.446376,-0.137607,7.0
1.040333,1.963234,0.863238,0.230975,0.828476,1.661048,1.534375,1.7212,0.918148,1.123962,3.0
-2.146735,-2.151056,-2.151641,2.437374,0.888293,-1.719846,-1.631926,0.881261,1.967781,1.184036,2.0
1.214967,1.394236,1.256483,0.966441,1.187378,-0.176394,-0.085593,1.781196,0.813184,1.48441,1.0
1.040333,0.869008,1.387565,1.071508,1.366829,0.191094,0.135312,1.121243,0.918148,1.244111,1.0
0.341798,-1.757135,0.863238,-0.189291,0.050856,0.117596,-1.484656,0.281304,0.130923,0.282916,2.0
-0.444054,0.037396,-0.534967,-1.345024,-1.624018,-0.249892,-0.159228,-1.878541,-0.341412,-1.819698,7.0
-0.487713,-0.531602,-0.534967,-1.502624,-1.743652,0.117596,-0.232863,-1.758549,-1.443527,-1.45925,7.0
1.083992,1.21916,0.906932,0.598708,0.888293,0.044099,0.356217,1.181239,0.603258,0.763513,1.0
0.691066,0.387548,0.732156,0.020842,0.349941,0.926071,-1.190116,-0.138666,0.025959,0.282916,3.0
0.603749,0.825239,0.513687,0.598708,0.888293,-0.470385,-0.380132,1.181239,0.603258,0.643364,1.0
-2.27771,-2.238594,-2.282722,2.962707,2.024815,-1.866841,-1.85283,2.021178,2.440116,1.244111,2.0
-1.317224,-1.144368,-1.277763,-1.239957,-1.803469,-1.058367,-0.969212,-1.578562,-0.393894,-1.519325,5.0
0.210823,0.256241,-0.098028,-0.136758,-0.128595,0.117596,-0.085593,-0.378649,-0.341412,-1.038727,7.0
-2.234051,-2.326133,-1.102987,2.647507,0.768659,-1.57285,-2.0001,0.761269,2.755006,0.823588,2.0
-0.182104,-0.093911,-0.098028,-1.082358,-0.846398,0.117596,0.208947,-1.038601,-0.91871,-0.798429,7.0
1.214967,1.000315,1.474952,0.230975,0.888293,1.955038,1.092566,0.881261,-0.183967,0.883663,3.0
0.167164,0.343779,-0.098028,-0.451958,0.050856,0.779075,0.724391,0.041321,-0.183967,-0.317831,7.0
0.691066,0.606393,-0.01064,-0.399425,0.349941,0.63208,0.650756,0.341299,-0.131486,-0.197682,7.0
-0.531371,0.256241,-0.753436,-1.292491,-1.265117,-0.470385,0.798026,-1.518567,-0.183967,-1.879773,7.0
0.996675,0.869008,1.212789,0.598708,0.94811,-0.911371,-0.674672,0.701274,0.708221,0.643364,1.0
-1.884784,-2.151056,-0.447579,2.069641,1.187378,-0.470385,-1.631926,0.641278,2.545079,-0.798429,2.0
1.389601,1.394236,1.081707,0.966441,1.486463,-0.470385,-0.380132,1.481217,0.813184,1.48441,1.0
-0.094787,0.343779,-0.884518,-0.346891,-0.308046,0.63208,0.798026,-0.318653,0.130923,-0.377906,2.0
-0.531371,-0.750447,-0.666048,-1.029824,-1.384751,-0.470385,-0.159228,-1.158593,-1.181119,-1.339101,4.0
-0.618688,-1.669597,0.033054,0.020842,0.17049,0.63208,-0.969212,-0.318653,3.332304,-0.377906,2.0
-0.269421,-0.181449,0.164136,-0.399425,-0.547313,-0.249892,-0.895577,-0.558636,-0.341412,0.042617,1.0
-0.487713,-0.531602,-0.534967,-1.292491,-1.504385,-0.396887,-0.453767,-1.518567,-1.443527,-1.939848,7.0
0.385456,0.650162,-0.272803,0.020842,-0.367863,0.117596,1.387105,-0.138666,-0.183967,-0.798429,7.0
-1.273565,-1.188137,-1.190375,-1.345024,-1.624018,-1.27886,-0.674672,-1.458571,-0.131486,-1.5794,5.0
1.040333,0.912777,0.863238,0.230975,0.589209,1.661048,1.239836,0.281304,0.340849,0.823588,3.0
-0.531371,-0.444064,-0.098028,-1.450091,-1.504385,0.411587,-0.380132,-1.278584,-1.338564,-1.038727,7.0
-0.269421,0.037396,-0.884518,-0.399425,-0.786581,0.926071,0.356217,0.641278,-0.498857,0.523215,5.0
-0.356737,-0.181449,-0.272803,-1.239957,-1.444568,-0.102897,-0.159228,-1.458571,-1.076155,-1.279026,7.0
1.12765,0.869008,0.863238,0.493642,1.067744,0.117596,-0.453767,0.761269,0.393331,0.823588,1.0
-1.666492,-0.181449,-1.496232,1.386708,0.649025,-1.499353,-0.674672,0.641278,-0.341412,1.063887,2.0
0.996675,1.044084,0.994319,0.230975,0.708842,1.440554,1.092566,0.701274,0.288368,0.883663,3.0
-0.662347,-0.181449,-0.971906,-0.399425,-0.60713,0.117596,-0.232863,-0.378649,-0.446376,-0.738354,5.0
-0.836981,-0.706678,-0.971906,-1.082358,-1.324934,-0.396887,-0.232863,-0.858614,-1.023674,-0.978653,5.0
-0.00747,0.343779,-0.360191,-0.662091,-0.42768,0.117596,0.429852,-0.438644,-0.761265,-0.858503,4.0
0.734724,0.693931,0.863238,0.336042,0.529392,1.073066,1.31347,0.521286,0.393331,0.823588,3.0
-0.356737,-0.444064,-0.01064,-1.239957,-1.384751,-0.470385,-0.159228,-1.158593,-1.338564,-1.339101,7.0
0.909358,0.869008,1.038013,0.336042,0.529392,1.367057,1.31347,0.521286,0.393331,0.583289,3.0
0.603749,0.650162,0.513687,-0.136758,0.349941,0.999568,1.387105,0.101317,-0.183967,0.342991,3.0
-0.444054,-0.531602,-0.185416,-0.399425,-0.547313,-1.499353,-1.631926,-0.558636,-0.341412,-0.197682,1.0
-0.182104,-0.268987,-0.360191,-1.239957,-1.384751,-0.176394,-0.159228,-1.158593,-1.181119,-1.519325,7.0
1.040333,0.912777,1.038013,0.703775,1.127561,-0.396887,-0.232863,1.121243,0.918148,1.36426,1.0
1.12765,1.262929,1.212789,0.493642,0.768659,1.367057,1.681645,1.061248,0.603258,1.123962,3.0
0.822041,1.044084,0.382605,0.230975,0.708842,0.926071,1.387105,0.941256,0.498294,0.883663,3.0
-0.531371,-0.61914,-0.447579,-1.292491,-1.265117,-0.470385,-0.085593,-1.758549,-1.338564,-1.45925,7.0
0.8657,0.737701,0.863238,0.020842,0.290124,1.367057,0.945296,0.821265,-0.079004,0.823588,3.0
-0.706005,-0.925523,-0.578661,-1.450091,-1.743652,-0.176394,-0.674672,-1.758549,-1.338564,-1.639474,7.0
-0.182104,-0.444064,-0.272803,-0.346891,0.110673,-0.984869,-1.190116,0.101317,-0.551339,-0.55813,1.0
0.472773,0.343779,0.207829,-0.346891,-0.308046,0.63208,0.503487,-0.558636,-0.446376,-0.377906,4.0
-0.182104,-0.268987,-0.491273,-1.029824,-1.145483,-0.176394,0.135312,-1.398575,-1.181119,-1.339101,7.0
0.996675,1.000315,1.081707,0.230975,0.649025,1.661048,1.092566,0.641278,0.235886,0.643364,3.0
1.12765,1.481774,1.212789,0.493642,1.067744,1.367057,1.681645,1.061248,0.603258,0.583289,3.0
-0.00747,-0.181449,-0.098028,-1.029824,-0.966032,0.191094,0.135312,-0.738623,-1.076155,-1.038727,7.0
-2.452344,-2.326133,-2.457498,2.647507,1.366829,-2.087334,-2.0001,1.661204,2.335153,1.424335,2.0
-2.365027,-1.888442,-2.282722,0.913908,0.050856,-1.719846,-1.705561,0.041321,0.498294,0.282916,2.0
1.258626,0.869008,0.994319,0.703775,1.366829,0.191094,0.429852,1.361226,0.918148,0.943738,1.0
0.516432,0.387548,0.338911,-0.399425,0.110673,0.926071,0.945296,0.101317,-0.341412,-0.197682,4.0
0.56009,0.869008,0.863238,-0.084225,-0.188412,0.705578,1.976185,0.281304,-0.183967,0.042617,3.0
-0.00747,-0.181449,0.513687,0.020842,0.050856,-1.205362,-0.969212,0.281304,-0.236449,0.282916,1.0
-2.27771,-2.282363,-2.151641,2.962707,1.905181,-1.866841,-1.705561,1.901187,3.174859,1.48441,2.0
-1.491858,-2.238594,-0.360191,0.913908,0.290124,0.117596,-1.705561,-0.198662,2.545079,-1.098802,2.0
0.8657,0.737701,-0.01064,0.230975,0.589209,-0.984869,-0.748307,0.281304,0.498294,-0.197682,1.0
0.079847,-0.006373,0.601074,0.020842,0.17049,-0.470385,-1.190116,-0.07867,-0.446376,0.342991,1.0
-0.618688,-0.837985,-0.534967,-1.134891,-1.504385,-0.176394,-1.190116,-1.938536,-1.2336,-1.038727,7.0
1.083992,1.394236,1.300177,0.808841,0.888293,0.044099,-0.159228,1.181239,0.760703,1.063887,1.0
0.036189,-0.181449,0.338911,-0.977291,-1.025849,0.926071,0.650756,-0.378649,-1.076155,0.042617,7.0
-0.356737,-0.356526,-0.272803,-0.662091,-0.726764,0.191094,-0.159228,-0.738623,-1.496009,-0.55813,7.0
0.8657,1.000315,0.732156,0.808841,0.888293,-0.249892,0.061677,0.881261,0.760703,0.763513,1.0
1.520577,1.262929,1.431258,0.703775,1.366829,2.028536,1.681645,1.061248,0.603258,1.123962,3.0
-1.535516,-1.319444,-1.627314,-0.977291,-1.444568,-1.27886,-0.895577,-1.038601,-0.708784,-1.399176,5.0
-0.182104,-0.706678,-0.01064,-0.189291,-0.188412,-0.396887,-0.748307,0.281304,0.130923,0.523215,4.0
-0.531371,-0.575371,-1.102987,-0.084225,-0.42768,-0.764376,-1.484656,-0.678627,0.393331,0.042617,5.0
-0.182104,0.037396,-0.01064,-0.241825,-0.188412,-1.058367,-0.969212,0.281304,-0.183967,-0.197682,1.0
0.603749,1.000315,0.513687,-0.136758,0.110673,0.705578,1.387105,0.101317,0.235886,0.342991,3.0
-2.146735,-2.019749,-2.020559,2.069641,0.888293,-1.719846,-1.85283,0.881261,2.177708,1.48441,2.0
0.341798,0.693931,0.076748,-0.241825,-0.188412,-0.102897,0.135312,0.821265,-0.393894,0.162766,1.0
0.472773,1.044084,0.382605,0.441108,0.708842,-0.470385,-0.085593,0.701274,0.498294,0.342991,1.0
-0.094787,-0.006373,-0.185416,-0.924758,-1.025849,0.044099,0.135312,-0.798618,-0.813747,-1.038727,7.0
-0.356737,0.562624,-0.534967,-0.609558,-0.846398,0.117596,0.356217,-0.378649,-0.236449,-0.498055,7.0
0.210823,0.256241,0.338911,0.020842,0.349941,-0.176394,0.208947,0.641278,0.445813,0.102692,5.0
-0.444054,0.387548,-0.884518,-0.399425,-0.367863,-0.470385,-0.453767,-0.378649,0.393331,-0.678279,1.0
0.516432,0.518855,0.251523,-0.084225,0.050856,0.485085,0.724391,-0.198662,-0.183967,-0.077532,4.0
-1.404541,-2.369901,0.164136,0.966441,0.110673,-0.984869,-1.85283,0.641278,2.072744,0.282916,2.0
1.302284,1.262929,1.212789,0.913908,1.366829,0.117596,-0.159228,1.061248,0.813184,1.424335,1.0
0.996675,1.044084,0.994319,0.230975,0.708842,1.146564,1.681645,0.401295,0.288368,0.643364,3.0
0.8657,0.825239,0.557381,0.388575,1.187378,-0.470385,-0.453767,0.881261,0.393331,0.763513,1.0
-1.186248,-1.406983,-1.408844,-1.817824,-2.222188,-0.470385,-0.748307,-1.818545,-1.338564,-2.180147,5.0
1.040333,1.044084,0.994319,0.283508,0.828476,1.367057,1.387105,0.521286,0.498294,0.403065,3.0
-0.531371,-0.093911,-0.578661,-0.504491,-0.60713,-1.499353,-1.190116,-0.138666,-0.341412,-0.798429,1.0
0.8657,0.606393,0.732156,0.388575,1.187378,-0.470385,-0.453767,0.641278,0.603258,0.763513,1.0
1.607893,1.613081,1.256483,0.756308,1.187378,1.293559,1.681645,0.881261,0.235886,0.342991,3.0
0.254481,0.518855,0.033054,0.230975,0.409758,-1.205362,-0.969212,0.701274,0.130923,0.643364,1.0
-0.182104,-0.181449,-0.098028,-1.029824,-0.726764,-0.102897,-0.159228,-0.978606,-0.813747,-0.798429,7.0
-0.356737,-0.61914,0.033054,-1.450091,-1.265117,0.411587,-0.380132,-1.278584,-1.128637,-0.55813,7.0
-0.444054,-0.181449,-0.534967,-0.189291,-0.367863,-1.499353,-1.411021,-0.798618,-0.341412,-0.678279,1.0
-0.618688,-0.356526,-0.709742,-1.502624,-1.504385,-0.470385,-0.380132,-1.698554,-1.391045,-1.759624,7.0
1.389601,1.21916,1.081707,0.756308,1.486463,-0.176394,0.208947,1.481217,0.603258,1.184036,1.0
0.079847,-0.181449,0.382605,0.020842,-0.308046,-0.911371,-1.190116,0.161312,-0.236449,0.342991,1.0
0.909358,0.869008,1.038013,0.336042,0.529392,1.367057,1.31347,0.521286,0.183404,0.823588,3.0
-1.491858,-1.275675,-1.408844,-0.241825,-0.666947,-1.058367,-1.263751,-0.91861,-0.761265,-0.858503,5.0
1.040333,1.306698,1.038013,0.493642,1.127561,1.367057,1.534375,0.821265,0.708221,0.823588,3.0
-2.015759,-1.625828,-2.151641,1.754441,0.888293,-1.499353,-1.411021,0.881261,0.603258,1.36426,2.0
1.258626,1.044084,0.469993,0.861375,1.366829,-0.102897,1.092566,1.361226,0.498294,0.943738,1.0
1.214967,1.131622,1.431258,0.493642,0.828476,1.367057,1.534375,1.121243,0.498294,1.724709,3.0
0.341798,0.387548,0.338911,-0.557024,-0.128595,0.63208,0.945296,-0.138666,-0.708784,-0.43798,4.0
0.996675,1.262929,1.212789,0.230975,0.94811,1.734545,1.681645,0.941256,0.498294,0.883663,3.0
1.214967,1.131622,1.038013,0.493642,1.127561,2.322527,1.534375,0.821265,0.130923,1.123962,3.0
0.996675,1.000315,0.863238,0.388575,0.888293,1.293559,1.092566,0.641278,0.235886,0.643364,3.0
-1.14259,-1.100599,-0.928212,-1.029824,-1.444568,-1.205362,-1.042846,-1.458571,-0.603821,-1.279026,5.0
1.214967,1.394236,1.256483,0.966441,1.785547,-0.176394,0.208947,1.481217,0.813184,1.48441,1.0
-1.011614,-1.188137,-0.709742,-1.345024,-1.624018,-0.764376,-0.895577,-2.058528,-1.286082,-1.5794,7.0
-0.618688,-0.356526,-0.534967,-1.345024,-1.504385,-0.470385,-0.380132,-1.278584,-1.2336,-1.279026,7.0
-0.444054,-0.356526,-0.185416,-1.134891,-1.025849,0.044099,-0.085593,-1.518567,-1.023674,-0.858503,7.0
1.651552,1.21916,1.212789,0.703775,1.366829,-0.396887,-0.159228,1.361226,0.708221,1.544484,1.0
-0.444054,-0.662909,-0.360191,-0.557024,-0.786581,-0.176394,-0.380132,-0.558636,-0.446376,-1.038727,7.0
0.341798,0.518855,-0.185416,-0.241825,0.050856,0.705578,0.429852,-0.198662,-0.183967,-0.197682,4.0
1.214967,1.131622,1.038013,0.493642,0.589209,1.367057,1.534375,0.581282,0.498294,0.523215,3.0
0.079847,0.343779,0.033054,-0.767158,-0.786581,0.338089,0.135312,-0.318653,-0.656302,-0.858503,4.0
-0.182104,-0.006373,-0.185416,-0.189291,-0.188412,-1.719846,-0.969212,-0.378649,-0.079004,-0.738354,1.0
1.389601,1.000315,-0.272803,0.756308,1.486463,-0.470385,1.681645,0.881261,0.813184,-0.137607,3.0
-0.00747,-0.006373,0.338911,-0.609558,-0.60713,0.485085,0.061677,-0.618631,-0.656302,-0.197682,7.0
0.036189,-0.61914,0.207829,-0.714624,-0.60713,0.411587,0.208947,-0.378649,1.390483,-0.377906,4.0
0.996675,1.044084,0.601074,0.230975,0.409758,0.926071,1.387105,0.401295,0.130923,0.102692,3.0
-2.234051,-2.151056,-2.282722,2.647507,1.725731,-1.719846,-1.484656,1.7212,2.230189,2.025082,2.0
0.036189,0.081165,-0.098028,-0.136758,0.110673,-0.470385,-0.895577,0.341299,-0.341412,0.342991,1.0
-2.146735,-2.282363,-2.326416,3.17284,1.785547,-2.013836,-1.85283,1.481217,2.964933,2.145231,2.0
-0.00747,-0.093911,0.164136,-0.872224,-0.906215,0.117596,-0.159228,-0.91861,-0.761265,-0.618205,7.0
0.210823,0.650162,0.033054,-0.504491,-0.367863,0.117596,0.208947,-0.858614,0.235886,-0.55813,7.0
0.8657,0.869008,1.387565,0.283508,0.828476,1.367057,1.387105,0.281304,0.498294,0.403065,3.0
1.214967,1.438005,1.387565,0.598708,0.94811,1.734545,1.387105,1.241235,0.865666,1.184036,3.0
-0.487713,-0.531602,-0.360191,-0.819691,-1.085666,-0.102897,-0.232863,-1.098597,-0.866229,-0.738354,5.0
1.302284,1.087853,1.038013,0.703775,1.366829,0.117596,0.135312,1.361226,0.813184,1.424335,1.0
0.472773,0.869008,0.601074,-0.189291,-0.068778,0.63208,1.092566,-0.318653,0.708221,-0.137607,3.0
-0.531371,-0.487833,-0.622354,-1.239957,-1.444568,-0.396887,-0.453767,-1.458571,-1.286082,-1.699549,7.0
-0.444054,-0.356526,-0.360191,-1.187424,-1.025849,-0.470385,-0.159228,-1.218588,-1.286082,-1.399176,7.0
0.341798,0.212472,-0.01064,-0.241825,-0.188412,0.705578,1.681645,0.521286,-0.551339,-0.197682,7.0
1.43326,1.21916,1.387565,1.071508,1.725731,-0.102897,0.135312,1.361226,0.918148,1.244111,1.0
-0.269421,-0.531602,-0.360191,-1.187424,-1.025849,-0.249892,-0.453767,-1.218588,-1.076155,-1.5794,7.0
-0.706005,-0.61914,-1.015599,-1.660224,-1.923103,-1.27886,-0.380132,-1.278584,-1.338564,0.342991,7.0
0.8657,0.825239,1.300177,0.598708,0.888293,-0.249892,-0.159228,1.181239,0.760703,1.063887,1.0
-0.444054,-0.356526,-0.534967,-1.134891,-1.265117,-0.176394,-0.085593,-1.278584,-1.023674,-1.279026,7.0
0.036189,0.081165,0.033054,-0.504491,-0.60713,0.117596,0.208947,-0.618631,-0.341412,-0.798429,4.0
-0.531371,-0.881754,-0.185416,-0.451958,-0.666947,0.705578,1.018931,-0.198662,-0.393894,-0.377906,5.0
0.254481,0.693931,0.382605,-0.189291,0.17049,-0.176394,-0.085593,0.941256,-0.079004,0.883663,1.0
0.909358,0.518855,1.038013,0.125908,0.529392,1.367057,1.681645,0.761269,-0.551339,0.823588,3.0
0.516432,0.562624,0.688462,-0.189291,0.050856,0.779075,0.945296,-0.198662,-0.236449,0.042617,4.0
1.258626,1.21916,0.819544,0.493642,1.366829,0.191094,-0.159228,1.361226,0.708221,1.244111,1.0
-0.356737,-0.61914,0.033054,-1.082358,-1.504385,-0.470385,-0.085593,-1.758549,-0.761265,-1.45925,7.0
1.083992,1.21916,1.125401,0.178442,0.888293,1.220062,1.46074,0.641278,0.393331,0.763513,3.0
1.040333,1.21916,1.387565,0.703775,1.127561,2.028536,2.049819,1.361226,0.235886,1.544484,3.0
-0.356737,-0.181449,-0.447579,-0.241825,-0.487496,-1.205362,-1.042846,-0.738623,-0.183967,-1.038727,1.0
0.8657,1.131622,1.038013,0.020842,0.290124,1.367057,1.534375,0.821265,0.130923,0.523215,3.0
0.516432,0.343779,0.164136,-0.189291,0.050856,0.117596,0.650756,-0.198662,-0.079004,-0.498055,4.0
-0.531371,-0.61914,-0.272803,-0.346891,-0.846398,-0.984869,-1.190116,-0.618631,-0.551339,-0.377906,1.0
-2.234051,-2.151056,-2.020559,2.227241,1.067744,-1.866841,-1.705561,1.061248,2.964933,1.123962,2.0
-1.011614,-1.013061,-1.015599,-0.189291,-0.786581,-0.984869,-0.895577,-0.798618,0.025959,-0.678279,5.0
-0.182104,-0.268987,-0.098028,-0.924758,-0.60713,-0.176394,-0.674672,-0.858614,-0.761265,-1.038727,7.0
-2.146735,-2.063518,-2.282722,2.384841,0.94811,-1.866841,-1.411021,0.701274,1.652891,0.883663,2.0
-2.27771,-2.019749,-0.928212,2.594974,1.127561,-1.205362,-1.85283,1.121243,2.230189,0.162766,2.0
0.56009,0.518855,0.513687,-0.241825,0.290124,1.073066,0.724391,0.281304,-0.393894,0.042617,4.0
1.258626,0.693931,0.994319,0.861375,1.725731,-0.396887,0.135312,1.361226,0.498294,0.943738,1.0
0.822041,1.21916,1.081707,0.388575,0.888293,1.661048,1.681645,0.881261,0.235886,0.643364,3.0
-0.531371,-0.61914,0.338911,-0.346891,-0.60713,-0.470385,-1.411021,0.101317,-0.551339,0.883663,1.0
-0.356737,0.693931,-0.622354,-0.241825,-0.487496,-0.690878,0.135312,-1.698554,0.498294,-1.519325,5.0
1.258626,1.394236,1.518646,0.598708,0.888293,1.881541,1.75528,1.181239,0.603258,1.36426,3.0
-1.186248,-1.363214,-0.578661,-0.714624,-1.025849,-1.27886,-1.411021,-1.038601,-1.128637,-1.218951,5.0
-2.27771,-2.238594,-2.282722,2.752574,1.725731,-1.646348,-1.85283,1.7212,3.332304,1.544484,2.0
-0.531371,0.081165,-0.884518,-0.924758,-1.025849,-0.764376,0.208947,-0.618631,-0.551339,-1.639474,7.0
-0.269421,-0.356526,-0.185416,-0.924758,-1.025849,-0.470385,-0.380132,-0.798618,-0.813747,-0.858503,7.0
-0.182104,-0.444064,-0.447579,-1.082358,-1.025849,-0.176394,-0.380132,-1.278584,-1.128637,-1.45925,7.0
0.691066,0.693931,0.469993,-0.084225,0.290124,-0.102897,0.429852,0.041321,-0.183967,-0.55813,4.0
1.302284,1.087853,1.431258,0.703775,1.665914,0.411587,0.724391,1.361226,0.813184,1.424335,1.0
0.079847,-0.006373,0.382605,0.230975,0.17049,-0.690878,-0.969212,0.401295,0.130923,0.342991,1.0
0.8657,1.044084,0.644768,0.493642,1.127561,-0.102897,0.135312,0.821265,0.708221,0.703439,1.0
-0.094787,0.168703,0.033054,-0.557024,-0.786581,0.63208,0.798026,-0.318653,-0.446376,-0.858503,7.0
0.691066,1.044084,0.251523,0.125908,0.828476,-0.102897,0.429852,1.121243,0.025959,0.403065,1.0
-0.444054,-0.356526,-0.185416,-1.187424,-1.624018,-0.249892,0.061677,-1.218588,-1.286082,-1.158877,7.0
0.516432,1.000315,0.557381,0.178442,0.649025,-0.470385,-0.453767,0.881261,0.235886,0.523215,1.0
1.214967,1.525543,1.431258,0.913908,1.426646,-0.396887,-0.232863,1.421222,0.918148,1.36426,1.0
0.167164,0.168703,0.164136,-0.819691,-0.60713,0.485085,0.356217,-0.618631,-0.866229,-0.498055,4.0
-0.749664,-0.706678,-0.709742,-1.345024,-1.444568,-0.470385,-0.674672,-1.638558,-1.443527,-1.5794,7.0
-0.00747,-0.181449,-0.01064,0.230975,0.290124,-0.396887,-0.232863,-0.198662,0.498294,-0.197682,1.0
-1.753808,-1.888442,-1.671008,1.491774,0.349941,-1.499353,-1.85283,1.181239,1.023111,0.342991,2.0
0.036189,-0.268987,-0.098028,-1.082358,-0.846398,-0.176394,-0.085593,-0.858614,-0.761265,-0.798429,7.0
-0.531371,-0.444064,0.863238,-1.239957,-1.564201,-0.176394,-0.159228,-1.398575,-1.181119,-0.858503,7.0
0.603749,0.650162,0.513687,-0.136758,0.349941,0.999568,1.387105,0.101317,-0.183967,-0.137607,3.0
-0.00747,-0.181449,0.076748,-0.241825,-0.188412,-0.102897,0.429852,-0.198662,-0.183967,-0.55813,7.0
0.691066,1.044084,0.469993,0.283508,0.529392,-0.102897,0.135312,0.821265,0.708221,-0.077532,1.0
-1.753808,-0.750447,-2.239028,1.701908,0.349941,-0.764376,0.503487,-0.138666,1.600409,0.102692,2.0
-0.444054,-0.181449,-0.534967,-1.345024,-1.444568,-0.470385,-0.453767,-1.638558,-1.076155,-1.399176,7.0
-2.015759,-2.282363,-0.884518,1.334175,0.110673,-0.470385,-1.85283,-0.138666,0.603258,-1.639474,2.0
-0.094787,-0.356526,-0.01064,-0.977291,-0.786581,0.338089,-0.453767,-1.218588,-0.91871,-0.918578,7.0
-1.011614,-2.019749,-0.185416,0.808841,0.649025,-0.249892,-1.631926,-0.138666,2.807487,-0.678279,2.0
0.8657,0.869008,0.251523,-0.084225,0.828476,0.191094,1.092566,0.521286,0.235886,-0.798429,3.0
0.691066,1.000315,0.338911,0.178442,0.349941,0.926071,0.945296,-0.138666,0.760703,-0.197682,3.0
0.822041,1.000315,0.338911,0.388575,0.888293,-0.764376,-0.380132,0.641278,0.813184,-0.377906,1.0
-0.967956,-1.100599,-1.758396,0.125908,-0.487496,-1.646348,-1.042846,-0.198662,-0.183967,0.403065,5.0
0.036189,-0.181449,0.338911,-0.557024,-0.547313,0.63208,0.061677,-0.378649,-0.708784,0.042617,7.0
0.516432,0.343779,0.513687,-0.399425,-0.188412,0.779075,0.650756,0.041321,-0.656302,0.042617,4.0
1.12765,1.087853,1.431258,0.913908,1.366829,-0.176394,-0.159228,0.761269,0.970629,1.123962,1.0
0.996675,0.693931,0.819544,0.020842,0.17049,0.926071,1.092566,0.401295,-0.236449,0.643364,3.0
-0.356737,-0.268987,-0.360191,-1.029824,-1.145483,-0.176394,-0.159228,-1.158593,-1.181119,-1.098802,7.0
-2.234051,-2.238594,-2.37011,3.067774,2.084632,-1.940339,-1.705561,2.381153,3.227341,2.025082,2.0
0.734724,1.262929,1.212789,0.493642,0.529392,0.411587,-0.159228,0.281304,0.970629,0.583289,1.0
1.214967,0.650162,1.256483,0.598708,1.187378,0.999568,0.208947,0.881261,0.445813,0.883663,1.0
0.56009,0.869008,-0.01064,-0.084225,0.050856,0.411587,1.018931,0.761269,-0.551339,-0.377906,7.0
0.8657,0.518855,0.644768,-0.084225,0.290124,1.367057,1.092566,0.281304,-0.813747,0.403065,7.0
-0.182104,-0.006373,-0.185416,-1.082358,-1.085666,-0.102897,0.356217,-0.858614,-1.023674,-0.978653,7.0
0.691066,0.387548,0.906932,0.598708,0.649025,-0.470385,-0.674672,0.641278,0.235886,0.763513,1.0
-0.444054,0.212472,-0.360191,-0.977291,-1.025849,-0.470385,0.356217,-0.558636,-0.708784,-1.158877,7.0
-2.015759,-2.019749,-1.102987,2.227241,1.067744,-1.57285,-1.705561,1.361226,2.177708,1.424335,2.0
-0.356737,-0.487833,-0.447579,-1.239957,-1.2053,-0.396887,-0.159228,-1.218588,-1.286082,-1.279026,7.0
0.996675,0.475086,0.863238,0.388575,0.888293,-0.470385,-1.190116,0.641278,0.445813,1.48441,1.0
-0.269421,-0.531602,-0.185416,-1.134891,-1.265117,-0.176394,0.135312,-1.278584,-1.391045,-1.279026,7.0
-1.273565,-1.319444,-1.321457,-0.977291,-1.444568,-0.984869,-0.895577,-1.218588,-0.91871,-1.158877,5.0
1.214967,0.693931,1.387565,0.441108,0.94811,1.734545,1.092566,1.241235,-0.236449,1.184036,3.0
0.254481,0.869008,0.207829,-0.346891,-0.068778,0.926071,0.798026,-0.318653,-0.236449,0.102692,4.0
-0.444054,-0.706678,-0.185416,-0.977291,-1.025849,-0.984869,-0.895577,-1.458571,-0.91871,-1.5794,7.0
-2.321368,-2.369901,-2.457498,3.120307,1.486463,-1.719846,-2.0001,0.641278,3.017414,1.063887,2.0
-0.618688,-0.837985,-0.709742,-1.345024,-1.683835,-0.470385,-0.674672,-1.518567,-1.391045,-1.519325,7.0
-0.706005,-0.575371,-0.491273,-1.450091,-1.98292,-0.176394,-0.453767,-1.818545,-1.181119,-1.339101,7.0
-0.749664,-1.013061,-0.360191,-0.189291,-0.367863,-0.249892,-0.674672,-1.038601,0.235886,-1.158877,5.0
-0.182104,-0.444064,0.033054,-0.504491,-0.367863,-0.984869,-1.190116,-0.618631,-0.341412,-1.038727,1.0
0.8657,1.438005,0.251523,0.283508,0.529392,0.779075,1.387105,1.121243,-0.183967,0.162766,3.0
0.8657,0.869008,0.994319,0.493642,1.127561,-0.396887,-0.159228,1.121243,0.498294,0.703439,1.0
1.040333,0.869008,0.819544,0.703775,0.828476,-0.396887,-0.748307,1.121243,0.708221,1.244111,1.0
-1.404541,-1.275675,-1.496232,-1.607691,-1.923103,-0.911371,-1.042846,-1.218588,-1.496009,-1.939848,5.0
1.258626,1.21916,1.300177,0.808841,1.486463,-0.249892,-0.453767,1.841192,0.970629,1.36426,1.0
-0.662347,-1.319444,-0.360191,-0.819691,-0.846398,0.117596,-0.969212,-1.098597,-0.866229,-0.738354,5.0
1.214967,1.131622,1.256483,0.913908,1.127561,-0.102897,-0.232863,1.421222,0.708221,1.36426,1.0
-0.531371,-0.575371,-0.360191,-0.872224,-1.145483,-0.176394,-0.453767,-1.578562,-0.551339,-0.858503,5.0
-1.229907,-1.144368,-0.884518,-0.557024,-1.025849,-0.911371,-0.969212,-0.798618,-0.656302,-0.377906,5.0
-1.098931,-1.013061,-1.146681,-1.082358,-1.504385,-0.984869,-1.263751,-1.938536,-0.866229,-0.978653,5.0
0.996675,0.693931,0.994319,0.230975,0.708842,1.440554,1.092566,0.701274,-0.079004,0.342991,4.0
0.691066,0.343779,0.819544,-0.084225,0.290124,1.367057,1.092566,0.821265,-1.076155,0.943738,3.0
-0.356737,-0.268987,-0.272803,-1.292491,-0.846398,-0.470385,-0.380132,-1.278584,-0.91871,-1.038727,7.0
1.214967,1.394236,1.081707,0.756308,1.486463,-0.176394,-0.085593,1.181239,0.813184,1.48441,1.0
-2.146735,-2.238594,-2.151641,1.281641,0.050856,-1.866841,-1.042846,0.281304,1.547928,0.162766,2.0
-0.662347,-0.837985,-0.928212,-1.397557,-1.923103,-0.690878,-0.453767,-1.698554,-1.496009,-1.699549,7.0
1.083992,1.000315,1.300177,0.388575,0.888293,1.514052,1.46074,0.881261,-0.341412,1.36426,3.0
0.516432,0.606393,0.732156,-0.189291,-0.128595,1.514052,0.945296,0.101317,0.235886,0.042617,3.0
0.8657,1.394236,0.732156,0.598708,0.888293,-0.470385,0.061677,0.881261,0.603258,0.763513,1.0
1.083992,1.000315,1.300177,0.808841,1.486463,0.338089,0.061677,1.481217,0.760703,1.36426,1.0
0.8657,0.825239,1.518646,0.388575,0.888293,1.220062,0.061677,1.181239,0.235886,1.36426,1.0
0.167164,-0.093911,0.338911,-0.662091,-0.188412,0.411587,0.135312,-0.678627,-0.761265,-0.618205,7.0
1.214967,1.044084,0.819544,0.808841,1.247195,-0.176394,-0.380132,0.941256,0.708221,0.883663,1.0
-2.015759,-2.282363,-1.321457,0.808841,-0.308046,-1.205362,-1.705561,-0.558636,2.020263,-1.519325,2.0
1.12765,0.869008,1.038013,0.336042,0.768659,1.367057,1.681645,1.061248,0.183404,1.123962,3.0
-2.015759,-2.019749,-2.151641,1.754441,0.888293,-1.719846,-1.631926,0.641278,1.915299,0.763513,2.0
1.040333,0.562624,1.256483,0.703775,1.127561,-0.396887,-0.748307,1.121243,0.498294,1.123962,1.0
0.691066,0.825239,0.906932,0.178442,0.349941,1.220062,1.75528,1.481217,-0.131486,0.523215,3.0
-0.356737,-0.356526,-0.098028,-1.239957,-0.966032,-0.102897,-0.159228,-1.458571,-1.076155,-1.038727,7.0
-0.182104,-0.181449,-0.098028,-0.662091,-0.726764,0.191094,0.135312,-0.978606,-0.603821,-1.279026,7.0
0.341798,0.825239,-0.185416,0.388575,0.110673,-0.764376,-0.674672,-0.378649,0.603258,-0.918578,1.0
0.8657,1.000315,0.732156,0.020842,0.349941,1.220062,2.049819,0.881261,-0.131486,0.282916,3.0
-2.27771,-2.151056,-2.282722,2.174707,0.708842,-1.866841,-1.926465,0.401295,2.230189,0.342991,2.0
-2.27771,-2.369901,-1.496232,1.596841,-0.068778,-0.911371,-1.926465,-0.318653,1.810336,-1.279026,2.0
-0.182104,0.475086,-0.578661,-0.346891,-0.367863,-0.176394,0.798026,-0.618631,0.025959,-0.55813,5.0
0.8657,1.044084,0.644768,0.283508,0.529392,1.073066,1.387105,0.521286,0.498294,0.403065,3.0
1.389601,0.825239,1.474952,0.388575,0.888293,1.955038,1.387105,0.881261,0.025959,1.184036,3.0
-1.317224,-1.275675,-0.666048,-1.817824,-1.98292,-1.058367,-0.748307,-1.998532,-1.758417,-1.759624,5.0
0.341798,-0.181449,0.469993,-0.451958,-0.188412,0.485085,0.724391,-0.198662,-0.813747,-0.55813,4.0
0.647407,0.518855,0.819544,-0.189291,-0.068778,0.926071,0.798026,0.161312,-0.446376,0.342991,3.0
0.691066,0.693931,0.644768,-0.241825,0.290124,0.779075,1.387105,0.521286,-0.603821,0.162766,4.0
0.079847,0.168703,0.207829,-0.767158,-0.308046,0.926071,0.798026,-0.318653,-1.023674,0.102692,7.0
-0.706005,-0.444064,-0.753436,-1.450091,-1.504385,-0.470385,-0.380132,-1.278584,-1.338564,-1.45925,7.0
0.691066,0.562624,0.338911,-0.189291,-0.188412,0.485085,0.945296,-0.198662,-0.236449,-0.498055,4.0
0.56009,0.693931,1.038013,-0.084225,0.290124,1.734545,1.681645,0.281304,0.183404,0.583289,3.0
-0.444054,-0.356526,-0.360191,-1.134891,-1.504385,-0.176394,-0.380132,-1.278584,-1.023674,-1.279026,7.0
1.738869,1.700619,1.649728,1.071508,1.665914,1.367057,1.681645,2.021178,0.603258,2.085157,3.0
1.826186,1.613081,1.911891,1.124041,1.785547,1.293559,1.387105,1.781196,0.603258,1.844858,3.0
-2.146735,-2.369901,-2.064253,2.437374,1.426646,-1.425855,-1.705561,1.121243,2.650043,1.36426,2.0
-0.182104,-0.268987,-0.185416,-1.029824,-1.145483,0.117596,-0.453767,-1.398575,-1.181119,-0.858503,7.0
0.56009,0.343779,0.688462,-0.084225,0.290124,0.705578,0.429852,0.041321,0.025959,0.282916,7.0
0.385456,0.475086,0.207829,-0.504491,-0.367863,0.705578,0.798026,-0.138666,-0.551339,-0.137607,4.0
-0.356737,-0.575371,-0.491273,-1.450091,-1.564201,-0.176394,-0.159228,-1.578562,-1.338564,-1.519325,7.0
-0.182104,-0.181449,-0.01064,-1.082358,-1.085666,-0.102897,-0.232863,-1.33858,-1.2336,-1.218951,7.0
-0.531371,-0.181449,-1.059293,-0.451958,-0.726764,-0.102897,0.135312,-0.738623,-0.393894,-0.55813,7.0
0.909358,0.869008,0.863238,-0.084225,0.290124,1.367057,1.681645,0.761269,0.025959,0.583289,3.0
0.167164,0.737701,-0.01064,-0.819691,-0.846398,0.117596,0.945296,-0.378649,-0.446376,-0.738354,7.0
0.996675,0.869008,0.819544,0.230975,0.708842,1.440554,1.092566,0.941256,0.130923,0.883663,3.0
0.56009,0.518855,0.513687,0.493642,0.050856,-0.176394,0.135312,0.281304,0.183404,0.583289,1.0
0.8657,0.912777,0.513687,0.493642,0.828476,-0.690878,-0.453767,0.821265,0.498294,0.823588,1.0
-1.317224,-2.369901,-0.884518,0.020842,-1.025849,-0.470385,-1.631926,-1.758549,1.600409,-1.45925,2.0
1.214967,1.131622,1.256483,0.493642,0.828476,1.367057,1.534375,0.581282,0.340849,1.36426,3.0
1.302284,1.262929,1.431258,0.913908,1.067744,0.411587,0.135312,1.661204,0.813184,1.424335,1.0
-0.444054,0.037396,-0.360191,-1.187424,-1.444568,0.044099,-0.159228,-1.458571,-0.708784,-1.158877,7.0
0.8657,1.000315,0.906932,0.020842,0.349941,0.926071,1.166201,0.101317,0.025959,0.042617,3.0
-1.360882,-1.800904,-1.015599,-1.345024,-1.265117,-1.205362,-2.14737,-0.07867,-1.2336,-0.858503,5.0
1.040333,1.131622,1.256483,0.703775,1.127561,0.117596,0.061677,1.421222,0.918148,1.36426,1.0
1.476918,1.394236,1.300177,0.598708,0.888293,1.514052,2.049819,1.181239,0.235886,1.063887,3.0
-0.531371,-0.487833,-0.622354,-1.239957,-1.923103,-0.396887,-0.159228,-1.698554,-1.496009,-1.939848,7.0
0.516432,0.606393,0.557381,-0.189291,0.110673,1.220062,0.650756,0.341299,-0.131486,0.523215,3.0
1.214967,1.000315,0.863238,0.756308,0.888293,-0.470385,0.208947,0.641278,0.603258,0.883663,1.0
0.341798,0.343779,0.251523,0.283508,0.290124,-0.396887,0.135312,0.281304,0.235886,-0.077532,1.0
-0.356737,-0.181449,-0.360191,-1.292491,-1.085666,-0.396887,-0.232863,-1.33858,-1.023674,-1.218951,7.0
-0.356737,-0.181449,-0.272803,-0.241825,-0.188412,-1.205362,-1.337386,-0.198662,-0.183967,-0.077532,1.0
0.341798,0.343779,0.076748,0.125908,0.290124,-0.690878,-1.042846,0.521286,0.235886,-0.077532,1.0
-0.182104,-0.181449,-0.360191,-1.292491,-1.324934,-0.102897,-0.232863,-1.33858,-1.023674,-1.218951,7.0
-0.182104,-0.268987,-0.098028,-0.346891,-0.60713,-0.764376,-1.190116,-0.378649,-0.341412,0.102692,1.0
-1.273565,-1.188137,-1.277763,-1.712757,-1.923103,-0.690878,-0.748307,-1.938536,-1.443527,-1.939848,5.0
-0.182104,-0.093911,-0.098028,-0.924758,-1.025849,0.117596,0.208947,-0.858614,-0.761265,-1.038727,7.0
-0.269421,-0.531602,-0.534967,-1.134891,-1.504385,-0.470385,-0.085593,-1.698554,-1.023674,-1.519325,7.0
-0.618688,-0.531602,-0.709742,-1.345024,-1.683835,-0.176394,-0.674672,-2.118524,-1.391045,-1.939848,7.0
1.040333,1.21916,1.387565,0.283508,0.828476,2.028536,1.387105,0.821265,0.498294,1.244111,3.0
1.214967,1.306698,1.256483,0.913908,1.426646,0.117596,-0.232863,1.121243,0.918148,1.36426,1.0
0.516432,0.387548,0.557381,-0.189291,-0.128595,1.220062,0.650756,-0.138666,-0.341412,0.282916,3.0
-0.487713,-0.531602,-0.534967,-1.502624,-1.743652,0.117596,-0.453767,-1.758549,-1.443527,-0.978653,7.0
-2.234051,-1.888442,-2.239028,1.649374,0.290124,-2.087334,-1.484656,0.281304,1.180556,0.282916,2.0
-0.356737,-0.706678,-0.185416,-0.189291,-0.188412,-1.425855,-1.484656,-0.618631,-0.236449,-0.197682,1.0
-0.356737,-0.268987,0.513687,0.125908,0.290124,0.117596,-0.453767,0.521286,-0.183967,-0.197682,5.0
0.341798,0.693931,0.863238,-0.241825,0.050856,-0.176394,-0.159228,-0.198662,0.183404,0.042617,1.0
-1.186248,-1.275675,-1.277763,-1.239957,-1.803469,-1.058367,-0.969212,-1.818545,-1.338564,-1.759624,5.0
-0.182104,-0.006373,-0.971906,0.020842,0.050856,0.117596,0.061677,-0.378649,0.130923,-0.197682,2.0
-0.880639,-1.013061,-0.971906,0.703775,0.290124,-0.764376,-0.748307,-0.198662,0.393331,0.282916,5.0
-0.531371,0.256241,-1.671008,-0.136758,-0.60713,0.411587,2.049819,0.341299,0.025959,-0.377906,2.0
0.996675,1.394236,0.513687,-0.136758,0.349941,0.705578,1.387105,-0.138666,0.813184,0.102692,3.0
-0.356737,-0.181449,0.469993,-0.819691,-0.726764,0.779075,0.429852,-0.978606,-0.813747,-0.077532,7.0
-2.234051,-2.151056,-2.239028,2.542441,1.187378,-1.719846,-1.85283,1.181239,2.440116,1.664634,2.0
1.302284,1.262929,1.212789,0.913908,1.665914,-0.176394,0.135312,1.661204,0.813184,1.424335,1.0
-0.444054,-0.531602,-1.758396,-0.924758,-1.265117,-1.646348,-0.085593,0.161312,-1.2336,1.184036,7.0
-0.531371,-0.444064,-0.360191,-1.239957,-1.384751,-0.470385,-0.453767,-1.398575,-1.338564,-1.519325,7.0
0.516432,0.343779,0.251523,-0.451958,0.290124,0.485085,0.429852,0.041321,-0.603821,-0.317831,4.0
-2.146735,-2.282363,-2.239028,3.17284,1.785547,-2.013836,-1.631926,1.481217,2.964933,1.844858,2.0
0.691066,0.869008,0.644768,0.125908,0.290124,0.779075,0.724391,0.281304,0.498294,0.162766,3.0
-0.182104,0.037396,-0.185416,-1.029824,-0.906215,-0.176394,0.429852,-0.438644,-0.971192,-0.858503,7.0
1.040333,1.044084,1.212789,0.283508,0.828476,1.367057,1.75528,0.821265,0.235886,0.943738,3.0
0.909358,0.693931,0.863238,0.493642,0.768659,-0.470385,-0.748307,0.761269,0.393331,0.823588,1.0
0.516432,0.168703,0.513687,-0.189291,-0.188412,0.485085,0.061677,-0.858614,-0.236449,0.042617,7.0
0.516432,-0.181449,0.644768,-0.451958,-0.487496,1.073066,0.724391,0.281304,-0.813747,0.162766,7.0
1.083992,1.000315,1.125401,0.178442,0.649025,1.514052,1.46074,0.341299,0.393331,0.763513,3.0
0.210823,-0.268987,0.688462,0.020842,0.110673,-0.470385,-0.895577,0.101317,0.025959,0.883663,1.0
0.167164,0.212472,0.513687,-0.662091,-0.906215,0.117596,0.429852,-0.91861,-0.551339,-0.858503,7.0
-0.269421,0.343779,0.207829,-0.189291,-0.547313,-0.911371,-0.674672,-0.318653,-0.079004,0.102692,1.0
-0.880639,-0.531602,-1.190375,-1.345024,-1.2053,0.044099,0.650756,-0.798618,-0.498857,-0.918578,5.0
0.210823,0.256241,0.688462,-0.504491,-0.60713,1.661048,0.798026,0.101317,-0.183967,0.883663,4.0
-0.00747,-0.531602,0.164136,-0.819691,-0.846398,0.779075,-0.232863,-1.33858,-0.866229,-0.498055,7.0
-0.444054,-0.181449,-0.709742,0.020842,-0.547313,-0.690878,-0.380132,-0.558636,0.130923,-0.377906,1.0
-0.182104,-0.093911,-0.185416,-1.029824,-1.145483,-0.176394,0.135312,-0.91861,-0.761265,-1.339101,7.0
0.341798,-0.181449,0.076748,-0.451958,-0.188412,-0.102897,0.135312,-0.49864,-1.076155,-0.798429,4.0
-1.011614,-1.188137,-0.884518,-0.767158,-1.025849,-0.764376,-0.895577,-1.038601,-0.91871,-1.158877,5.0
0.167164,0.737701,0.338911,-0.609558,-0.367863,0.779075,1.239836,0.041321,-0.079004,0.042617,7.0
0.8657,0.693931,0.469993,0.125908,0.290124,0.779075,0.429852,0.281304,0.235886,0.403065,3.0
1.302284,1.087853,1.038013,0.336042,0.768659,1.734545,1.681645,0.761269,0.183404,0.583289,3.0
-1.360882,-1.275675,-1.321457,-0.924758,-1.504385,-1.205362,-1.190116,-1.038601,-1.2336,-1.519325,5.0
-0.531371,-0.750447,-0.447579,-0.504491,-0.846398,-1.499353,-1.411021,-0.618631,-0.341412,-0.137607,1.0
1.214967,1.21916,1.256483,0.966441,1.187378,-0.176394,-0.085593,1.181239,0.813184,1.184036,1.0
-2.146735,-2.151056,-2.151641,2.542441,1.486463,-1.719846,-2.0001,1.841192,2.282671,1.36426,2.0
1.083992,0.825239,1.125401,0.598708,1.187378,-0.249892,-0.453767,1.181239,0.393331,1.36426,1.0
-0.182104,-0.356526,-0.272803,-0.819691,-0.726764,-0.102897,-0.453767,-1.218588,-1.076155,-0.798429,7.0
1.040333,1.044084,1.212789,0.283508,1.127561,1.661048,1.75528,0.821265,0.235886,0.943738,3.0
-0.749664,-0.662909,-0.709742,-1.345024,-1.923103,-0.470385,-0.380132,-2.118524,-1.600972,-1.759624,7.0
-0.094787,0.343779,-0.360191,-0.346891,-0.308046,-0.911371,-0.085593,0.401295,0.288368,-0.377906,1.0
0.909358,0.869008,1.038013,0.336042,0.529392,1.073066,1.31347,0.521286,0.393331,0.583289,4.0
-2.146735,-2.238594,-2.064253,2.017107,1.127561,-1.719846,-1.705561,1.121243,2.072744,1.123962,2.0
-0.269421,-0.181449,-0.360191,-1.134891,-1.025849,-0.176394,0.503487,-0.798618,-0.813747,-0.858503,7.0
0.341798,-0.006373,0.338911,0.493642,0.589209,-0.396887,-0.232863,0.281304,0.340849,0.282916,1.0
-0.444054,-0.531602,0.033054,-1.345024,-1.504385,0.338089,-0.380132,-1.518567,-1.2336,-0.858503,7.0
0.516432,0.606393,0.338911,-0.189291,-0.128595,0.63208,1.166201,-0.138666,0.025959,-0.197682,4.0
0.56009,0.869008,0.164136,-0.084225,0.290124,1.073066,1.018931,0.041321,0.183404,-0.197682,4.0
0.210823,0.081165,0.688462,0.388575,0.349941,-0.470385,-0.380132,-0.138666,0.235886,0.342991,1.0
0.8657,0.912777,0.688462,0.703775,0.828476,1.073066,1.534375,0.581282,0.708221,0.823588,3.0
-0.182104,-0.006373,-0.185416,-0.609558,-0.60713,0.117596,0.356217,-0.618631,-0.656302,-0.978653,7.0
0.516432,0.343779,0.644768,-0.241825,0.050856,1.073066,0.429852,-0.49864,-0.393894,0.162766,4.0
-0.444054,-0.531602,-0.534967,-0.399425,-0.786581,-1.27886,-1.190116,-0.798618,-0.341412,-1.158877,1.0
-0.531371,-0.268987,-0.491273,-1.450091,-1.564201,-0.176394,0.135312,-1.398575,-0.761265,-1.519325,7.0
-0.182104,-0.444064,-0.447579,-1.292491,-1.504385,-0.176394,-0.085593,-1.038601,-1.496009,-0.798429,7.0
0.167164,0.212472,0.164136,-0.451958,-0.42768,0.411587,0.724391,-0.678627,-0.551339,-0.618205,4.0
1.040333,1.044084,1.212789,0.283508,1.127561,1.367057,1.387105,0.821265,0.235886,0.943738,3.0
-1.666492,-2.369901,-1.539926,-0.609558,-0.846398,-1.719846,-1.926465,0.821265,0.340849,-0.197682,2.0
0.8657,0.343779,1.431258,0.703775,0.828476,1.073066,0.061677,0.581282,-0.079004,1.36426,1.0
0.385456,0.256241,0.338911,-0.714624,-0.367863,0.999568,0.798026,-0.378649,-0.551339,-0.137607,4.0
0.8657,1.044084,0.469993,0.283508,1.127561,0.191094,0.135312,1.361226,0.498294,0.703439,1.0
0.996675,0.869008,1.212789,0.598708,0.94811,0.926071,0.798026,0.701274,0.498294,0.883663,3.0
0.341798,0.693931,0.251523,-0.241825,-0.188412,0.485085,0.724391,-0.49864,-0.183967,-0.55813,4.0
-2.234051,-2.238594,-2.151641,3.225374,2.024815,-1.866841,-0.969212,1.661204,3.122378,2.38553,2.0
-0.662347,-0.531602,-0.534967,-1.292491,-1.504385,-0.102897,-0.748307,-1.758549,-1.2336,-1.45925,7.0
0.691066,0.343779,0.338911,0.230975,0.589209,-0.396887,-0.453767,0.041321,0.498294,0.042617,1.0
-1.535516,-0.531602,-2.239028,1.176575,0.349941,-1.940339,-0.674672,0.881261,-1.653454,1.36426,2.0
0.8657,0.737701,1.038013,0.703775,1.127561,-0.396887,-0.453767,1.121243,0.708221,0.823588,1.0
-1.404541,-1.669597,-1.059293,-1.239957,-1.683835,-0.911371,-1.337386,-1.698554,-1.076155,-1.699549,5.0
1.389601,1.000315,1.474952,0.598708,1.187378,1.661048,1.681645,1.481217,-0.341412,0.883663,3.0
1.43326,1.65685,1.387565,0.703775,1.366829,1.661048,1.75528,1.121243,0.918148,0.943738,3.0
-0.269421,-0.356526,-0.185416,-0.977291,-1.025849,-0.249892,-0.159228,-1.038601,-0.91871,-0.918578,7.0
-0.356737,-0.487833,-0.753436,-0.451958,-0.487496,-1.205362,-1.337386,-0.738623,-0.393894,-1.038727,1.0
-2.234051,-2.151056,-2.37011,1.859508,0.768659,-1.866841,-2.0001,1.361226,1.757854,1.724709,2.0
-1.404541,-1.625828,-1.496232,-1.345024,-1.624018,-0.984869,-1.190116,-1.458571,-1.286082,-1.5794,5.0
-0.356737,-0.181449,0.251523,-1.029824,-1.2053,0.485085,0.135312,-0.738623,-1.076155,-0.317831,7.0
0.472773,0.869008,0.207829,0.441108,0.708842,0.63208,1.092566,0.401295,0.288368,0.643364,1.0
0.8657,1.044084,0.994319,0.283508,0.828476,0.779075,1.387105,0.821265,0.708221,0.703439,3.0
0.210823,1.000315,-0.098028,-0.504491,-0.60713,-0.176394,0.798026,-0.378649,0.235886,-0.55813,7.0
-0.182104,-0.356526,-0.272803,-1.029824,-0.966032,-0.396887,-0.159228,-0.978606,-0.813747,-0.798429,7.0
1.389601,1.044084,1.212789,0.441108,0.94811,1.734545,1.387105,0.701274,0.498294,0.883663,3.0
0.079847,0.168703,0.207829,-0.767158,-0.786581,0.63208,0.503487,-0.798618,-1.023674,-0.618205,4.0
-1.753808,-1.888442,-1.889477,1.701908,0.649025,-1.27886,-1.85283,1.181239,1.757854,0.643364,2.0
1.214967,1.044084,0.994319,0.230975,0.94811,1.440554,1.387105,0.941256,0.288368,0.883663,3.0
-0.444054,-0.356526,-0.360191,-1.345024,-1.265117,-0.470385,-0.085593,-0.798618,-1.023674,-1.519325,7.0
1.214967,1.000315,1.256483,0.966441,1.486463,-0.176394,-0.674672,1.481217,0.813184,1.48441,1.0
1.040333,0.912777,0.688462,0.020842,0.589209,1.073066,1.239836,0.581282,0.340849,0.282916,4.0
0.472773,0.168703,0.601074,0.441108,0.94811,0.044099,-0.085593,0.701274,-0.236449,0.883663,1.0
-1.273565,-0.881754,-1.627314,-0.767158,-1.444568,-1.499353,-0.453767,-1.458571,-0.91871,-1.399176,5.0
1.520577,0.869008,0.688462,0.913908,1.366829,1.367057,1.31347,1.361226,0.393331,1.424335,1.0
0.341798,0.212472,-0.01064,0.020842,0.110673,0.338089,-0.159228,-0.558636,0.603258,-0.678279,7.0
0.516432,0.606393,0.732156,0.388575,0.349941,-0.470385,-0.674672,0.341299,0.393331,0.763513,1.0
1.040333,0.869008,0.819544,0.493642,1.366829,-0.396887,-0.748307,0.821265,0.708221,0.943738,1.0
-0.094787,0.343779,0.382605,0.020842,0.17049,0.044099,-0.085593,0.701274,0.130923,0.342991,1.0
0.036189,0.256241,-0.098028,0.020842,0.349941,-0.984869,-0.895577,0.641278,0.235886,0.342991,1.0
-0.356737,-0.444064,-0.098028,-1.082358,-1.025849,0.117596,0.208947,-1.278584,-1.128637,-1.038727,7.0
0.254481,0.518855,0.207829,-0.189291,-0.068778,-0.176394,0.503487,-0.798618,-0.813747,-0.377906,7.0
1.302284,1.087853,1.212789,0.913908,1.067744,0.117596,-0.159228,1.361226,0.393331,1.123962,1.0
0.341798,0.212472,0.164136,-0.557024,-0.128595,0.63208,0.650756,-0.378649,-0.498857,-0.43798,4.0
-0.094787,0.168703,-0.185416,0.020842,-0.068778,-1.205362,-0.969212,-0.07867,-0.236449,-0.377906,1.0
-1.404541,-1.319444,-1.321457,-0.767158,-1.444568,-0.984869,-1.190116,-1.878541,-0.708784,-1.5794,5.0
-0.531371,-0.662909,-0.622354,-1.397557,-1.683835,-0.396887,-0.159228,-1.698554,-1.496009,-2.120072,7.0
0.167164,-0.444064,0.164136,-0.241825,-0.42768,0.705578,0.135312,-0.438644,-0.761265,-0.618205,7.0
-0.182104,-0.662909,-0.622354,-0.084225,0.050856,-0.690878,0.135312,0.041321,-1.076155,-0.077532,2.0
-2.015759,-2.019749,-2.020559,1.912041,0.888293,-1.499353,-1.631926,0.881261,1.180556,0.643364,2.0
-0.836981,-0.006373,-0.971906,-0.399425,-0.846398,-0.396887,0.356217,-0.618631,-0.656302,-1.699549,5.0
-1.273565,-1.275675,-0.928212,-1.76529,-1.923103,-0.396887,-0.748307,-1.938536,-1.915862,-1.939848,5.0
-1.186248,-1.144368,-0.491273,-1.450091,-1.564201,-0.470385,-0.748307,-1.998532,-1.338564,-1.339101,7.0
-0.356737,-0.531602,-0.185416,-1.292491,-1.085666,-0.102897,-0.232863,-1.33858,-0.446376,-0.978653,7.0
-0.531371,-0.093911,-0.185416,-1.239957,-1.564201,0.117596,0.724391,-0.198662,-1.338564,-0.377906,7.0
0.8657,-0.531602,1.431258,0.230975,0.589209,0.485085,-0.232863,-0.858614,-1.023674,0.282916,4.0
0.56009,0.693931,-0.01064,0.336042,0.290124,-0.176394,-0.159228,1.361226,-0.183967,0.042617,1.0
1.12765,1.087853,1.212789,0.913908,1.366829,-0.176394,-0.453767,1.661204,0.603258,1.424335,1.0
0.691066,0.562624,0.863238,-0.189291,0.050856,1.367057,0.945296,0.041321,-0.236449,0.282916,3.0
1.083992,1.21916,1.125401,0.808841,0.888293,0.044099,-0.159228,0.881261,0.393331,1.36426,1.0
0.691066,0.869008,0.994319,-0.084225,0.290124,1.367057,0.724391,0.281304,0.025959,0.703439,4.0
1.12765,1.262929,1.212789,0.336042,1.067744,1.734545,1.976185,1.361226,0.603258,1.424335,3.0
0.079847,-0.662909,0.819544,0.020842,0.17049,-0.470385,-0.674672,0.161312,0.288368,0.883663,1.0
1.214967,1.131622,1.431258,0.703775,1.426646,-0.102897,-0.232863,1.421222,0.708221,1.724709,1.0
0.385456,1.000315,-0.098028,-0.136758,-0.128595,-0.176394,1.387105,-0.618631,0.235886,-1.038727,7.0
-0.444054,-0.356526,-0.534967,-0.924758,-1.265117,-0.470385,-0.085593,-1.518567,-1.2336,-1.519325,7.0
-1.491858,-1.406983,-1.102987,-0.872224,-1.145483,-0.176394,-0.748307,-1.578562,-0.971192,-0.858503,5.0
1.258626,1.21916,0.994319,0.861375,1.366829,-0.102897,0.135312,1.361226,0.708221,1.244111,1.0
-0.00747,-0.181449,0.644768,0.283508,-0.188412,-0.690878,-1.042846,-0.978606,0.498294,0.162766,1.0
0.691066,1.044084,0.819544,0.125908,0.529392,0.779075,1.092566,0.281304,0.235886,-0.077532,3.0
0.909358,0.869008,1.038013,0.336042,0.768659,1.734545,1.681645,0.521286,0.183404,0.823588,3.0
1.258626,1.394236,1.125401,0.388575,1.187378,1.514052,1.75528,1.181239,0.393331,1.36426,3.0
-1.404541,-2.019749,-0.447579,1.071508,0.828476,-1.866841,-1.558291,1.121243,0.498294,1.244111,2.0
0.341798,0.387548,0.557381,-0.399425,0.110673,0.63208,0.650756,-0.138666,0.025959,0.282916,4.0
-1.011614,-1.363214,-1.015599,-1.292491,-1.743652,-0.470385,-1.190116,-1.518567,-1.128637,-1.879773,7.0
0.036189,-0.093911,-0.272803,-1.292491,-1.025849,0.117596,-0.085593,-0.858614,-1.128637,-1.038727,7.0
-0.487713,-0.356526,-0.185416,-1.292491,-1.324934,-0.396887,-0.453767,-1.518567,-1.023674,-1.45925,7.0
-0.749664,-0.706678,-0.709742,-1.187424,-1.624018,-0.764376,-0.159228,-1.458571,-1.286082,-1.999923,7.0
-2.365027,-2.326133,-2.37011,3.382973,2.3239,-1.866841,-2.0001,2.021178,2.755006,2.085157,2.0
0.8657,1.131622,0.863238,-0.189291,0.589209,1.661048,1.534375,0.581282,-0.079004,0.523215,3.0
1.040333,1.044084,1.212789,0.861375,1.127561,-0.396887,-0.159228,1.121243,0.708221,0.943738,1.0
0.079847,-0.181449,0.207829,0.020842,0.17049,-1.205362,-1.705561,-0.07867,0.498294,0.342991,1.0
-0.356737,-0.487833,-0.622354,-1.397557,-1.444568,-0.396887,-0.159228,-1.698554,-1.286082,-1.699549,7.0
0.210823,-0.093911,0.338911,-0.346891,0.110673,0.999568,1.092566,0.641278,-0.761265,0.342991,7.0
-0.356737,-0.531602,-0.360191,-1.292491,-1.504385,-0.102897,-0.232863,-1.758549,-1.2336,-1.45925,7.0
-0.356737,-0.444064,-0.185416,-0.662091,-1.145483,-0.176394,-0.453767,-1.158593,-0.551339,-1.098802,7.0
-0.662347,-0.531602,-0.534967,-0.399425,-0.60713,-0.396887,0.061677,-0.618631,-0.446376,-0.738354,5.0
1.869844,1.963234,1.868197,1.124041,2.084632,1.661048,1.534375,2.081174,1.075593,2.38553,3.0
-1.317224,-1.669597,-2.020559,1.649374,0.529392,-1.866841,-1.263751,0.761269,2.755006,1.123962,2.0
0.254481,0.168703,0.033054,-0.767158,-0.786581,0.926071,0.135312,-0.558636,-0.656302,-0.618205,4.0
0.385456,-0.093911,0.863238,-0.346891,0.110673,1.661048,0.798026,0.341299,-0.91871,1.184036,7.0
-0.00747,0.693931,-0.360191,0.336042,0.290124,-0.176394,0.429852,1.061248,-0.183967,0.282916,1.0
1.258626,0.825239,0.732156,0.598708,0.888293,1.220062,1.166201,0.881261,0.393331,0.763513,3.0
0.167164,-0.006373,0.469993,-0.451958,-0.966032,0.485085,0.429852,-1.218588,-0.393894,-0.798429,7.0
-0.967956,-0.881754,-0.666048,-0.609558,-1.324934,-0.102897,-0.232863,-1.098597,-1.023674,-1.218951,5.0
0.691066,0.693931,0.994319,0.125908,0.529392,1.367057,1.092566,0.521286,-0.183967,0.703439,4.0
-0.00747,-0.444064,-0.01064,-0.662091,-0.906215,0.117596,-0.159228,-0.678627,-1.181119,-0.618205,4.0
-1.273565,-1.013061,-1.277763,-0.609558,-0.846398,-0.984869,-0.748307,-0.858614,-0.446376,-0.978653,5.0
-1.273565,-1.406983,-1.496232,-1.029824,-1.683835,-0.911371,-1.042846,-1.458571,-1.076155,-1.279026,5.0
-1.011614,-1.144368,-1.102987,-0.872224,-1.384751,-0.764376,-0.969212,-1.578562,-0.551339,-1.519325,5.0
0.516432,0.343779,0.513687,-0.189291,0.050856,0.779075,0.945296,0.041321,-0.079004,0.042617,4.0
0.036189,0.081165,-0.098028,-1.082358,-0.846398,-0.470385,0.503487,-0.618631,-1.128637,-1.038727,7.0
0.691066,0.168703,1.256483,0.230975,0.828476,1.073066,-0.232863,0.821265,0.130923,1.36426,1.0
0.210823,0.387548,0.164136,0.808841,1.187378,0.338089,0.061677,0.641278,0.603258,0.763513,5.0
0.8657,0.912777,0.863238,0.230975,0.828476,1.367057,1.534375,0.581282,0.130923,0.282916,3.0
-0.356737,-0.006373,-0.840824,-0.399425,-0.60713,-0.984869,-0.748307,-0.198662,-0.446376,-0.498055,5.0
0.341798,0.562624,0.688462,-0.399425,0.050856,1.073066,0.650756,0.041321,-0.446376,0.042617,4.0
0.516432,0.343779,0.251523,-0.241825,0.050856,-0.102897,0.135312,-0.49864,-1.076155,-0.798429,7.0
0.691066,0.518855,0.994319,0.493642,0.828476,1.073066,1.387105,0.521286,0.498294,0.703439,3.0
-0.094787,-0.181449,0.207829,-0.346891,-0.547313,-0.911371,-0.969212,-0.558636,-0.236449,0.102692,1.0
1.040333,1.044084,0.994319,0.703775,1.127561,-0.396887,0.135312,1.121243,0.918148,0.943738,1.0
0.996675,1.262929,0.382605,0.441108,0.708842,-0.690878,-0.674672,0.161312,0.708221,-1.038727,1.0
1.520577,1.481774,1.649728,0.703775,1.366829,1.734545,1.976185,1.361226,0.393331,1.123962,3.0
0.691066,0.912777,0.688462,-0.189291,0.050856,1.073066,1.534375,0.281304,0.130923,0.523215,3.0
-0.531371,-0.268987,-0.447579,-1.082358,-1.025849,-0.470385,-0.380132,-1.278584,-0.91871,-1.218951,7.0
-0.356737,-0.356526,-0.447579,-1.239957,-1.444568,-0.102897,-0.159228,-1.458571,-1.076155,-1.519325,7.0
0.341798,0.343779,0.644768,0.125908,0.290124,-0.690878,-0.748307,0.281304,0.235886,0.162766,1.0
-1.797467,-2.151056,-2.151641,1.124041,0.589209,-1.425855,-1.926465,1.121243,0.918148,0.823588,2.0
1.214967,1.262929,1.387565,0.808841,1.247195,0.338089,-0.085593,1.241235,0.708221,1.184036,1.0
0.603749,0.475086,0.513687,0.230975,0.649025,-0.764376,-0.674672,0.641278,0.235886,0.883663,1.0
-1.622833,-1.406983,-1.671008,-1.607691,-1.803469,-1.058367,-0.969212,-1.818545,-1.54849,-1.759624,5.0
-0.706005,-0.444064,-0.840824,-0.662091,-0.906215,-1.352357,-1.263751,-0.678627,-0.551339,-1.339101,1.0
-0.00747,0.343779,0.863238,-0.189291,-0.188412,1.367057,1.534375,-0.198662,-0.236449,0.823588,7.0
-0.094787,-0.356526,0.033054,-0.557024,-0.547313,0.338089,0.798026,-0.798618,-0.236449,-1.038727,7.0
-0.269421,-0.181449,-0.360191,-1.345024,-1.265117,-0.176394,-0.085593,-1.278584,-1.391045,-1.038727,7.0
0.210823,-0.093911,0.338911,0.230975,0.110673,-0.470385,-0.895577,0.641278,-0.341412,0.342991,1.0
-2.27771,-2.369901,-2.020559,1.754441,0.409758,-1.425855,-1.926465,0.401295,2.597561,-0.137607,2.0
0.691066,1.21916,0.164136,0.178442,0.649025,-0.764376,-0.674672,-0.558636,0.603258,-0.197682,1.0
-1.098931,-0.531602,-0.840824,0.913908,0.290124,-0.396887,-0.748307,0.041321,0.498294,0.282916,5.0
0.8657,0.869008,0.994319,0.283508,0.529392,0.779075,1.387105,0.041321,0.708221,0.162766,3.0
-0.57503,-0.181449,-1.015599,-0.557024,-0.786581,-0.470385,-0.159228,-1.218588,0.235886,-1.399176,5.0
0.996675,1.000315,1.081707,0.230975,0.888293,1.293559,1.681645,0.641278,0.235886,0.883663,3.0
-0.094787,0.212472,-0.360191,-0.977291,-1.025849,-0.249892,0.650756,-0.558636,-1.076155,-0.918578,7.0
0.385456,0.256241,0.338911,-0.504491,-0.128595,0.705578,0.798026,-0.138666,-0.551339,-0.377906,4.0
-2.146735,-2.282363,-2.239028,2.805107,1.187378,-1.719846,-1.85283,1.481217,2.545079,1.48441,2.0
0.341798,0.037396,0.557381,-0.189291,-0.128595,0.338089,0.356217,-0.138666,-0.341412,0.042617,4.0
-2.146735,-2.151056,-2.239028,2.805107,1.486463,-2.013836,-1.85283,1.481217,2.387634,1.48441,2.0
-0.531371,-0.444064,-0.272803,-1.082358,-1.265117,-0.176394,-0.380132,-1.518567,-0.91871,-1.45925,7.0
-0.836981,-0.662909,-0.272803,-0.241825,-0.726764,0.191094,-0.159228,-0.738623,-0.183967,-0.55813,5.0
-0.356737,-0.356526,-0.447579,-0.241825,-0.487496,-1.425855,-1.337386,-0.738623,-0.183967,-0.55813,1.0
-0.00747,-0.356526,-0.272803,0.125908,0.050856,-0.911371,-0.453767,0.281304,-0.183967,-0.55813,1.0
0.691066,1.21916,0.557381,0.598708,0.649025,-0.249892,-0.159228,1.181239,0.393331,1.36426,1.0
-0.444054,-0.531602,-0.185416,-1.345024,-1.444568,-0.249892,-0.159228,-1.458571,-1.076155,-1.399176,7.0
-0.531371,-0.575371,-0.491273,-1.450091,-1.564201,-0.176394,-0.453767,-1.818545,-1.338564,-1.519325,7.0
-1.317224,-2.019749,-0.884518,-0.346891,-0.846398,-0.764376,-1.85283,0.101317,-1.338564,-1.45925,2.0
1.476918,1.613081,1.518646,0.598708,1.187378,2.175531,2.344359,1.181239,0.603258,1.063887,3.0
-1.14259,-1.188137,-0.884518,0.178442,-0.128595,-0.470385,-0.895577,-0.558636,0.393331,-0.678279,5.0
-1.186248,-0.61914,-1.277763,-0.714624,-1.265117,-0.984869,-0.674672,-1.038601,0.235886,-1.45925,5.0
-2.27771,-2.151056,-2.151641,2.227241,1.127561,-1.866841,-1.85283,1.7212,2.020263,1.544484,2.0
0.167164,0.693931,-0.272803,0.125908,0.290124,-0.911371,-0.748307,-0.198662,0.235886,-0.55813,1.0
-0.269421,-1.275675,0.601074,-1.134891,-1.265117,1.440554,-0.674672,-0.558636,-2.545642,0.643364,5.0
-2.234051,-2.238594,-2.37011,1.124041,0.589209,-1.940339,-1.926465,0.281304,1.075593,0.282916,2.0
0.996675,0.825239,0.863238,0.756308,0.888293,-0.470385,-0.085593,0.881261,0.603258,1.184036,1.0
-1.317224,-1.406983,-1.277763,-1.029824,-1.564201,-1.058367,-0.969212,-1.818545,-0.761265,-1.339101,5.0
0.516432,-0.181449,-0.272803,0.125908,0.290124,-0.690878,-0.748307,0.041321,-0.183967,-0.798429,1.0
0.516432,0.737701,0.164136,0.230975,0.589209,-0.984869,-0.453767,0.281304,0.340849,-0.197682,1.0
-0.749664,0.168703,-1.758396,0.808841,0.409758,0.338089,0.135312,-0.07867,1.075593,-0.137607,2.0
-1.055273,-1.406983,-1.015599,0.230975,-0.068778,-0.690878,-0.969212,-0.558636,-0.656302,-0.858503,5.0
-1.535516,-1.669597,0.251523,1.071508,-0.188412,-0.396887,-0.453767,0.041321,2.650043,0.162766,2.0
-1.098931,-0.531602,-0.971906,-0.609558,-1.324934,-0.396887,0.356217,-0.858614,-0.656302,-1.699549,5.0
-2.015759,-2.151056,-1.889477,2.437374,1.187378,-1.499353,-1.631926,0.881261,1.757854,0.883663,2.0
0.472773,0.343779,0.033054,-0.346891,-0.068778,0.63208,0.135312,-0.558636,-0.236449,-0.377906,7.0
-0.487713,-0.531602,-0.360191,-1.502624,-1.743652,-0.102897,-0.453767,-1.518567,-1.443527,-0.498055,7.0
1.12765,1.087853,1.038013,0.125908,0.768659,1.367057,1.31347,0.281304,0.393331,0.583289,3.0
0.167164,-0.181449,0.164136,-0.819691,-0.60713,0.779075,-0.232863,-0.858614,-1.023674,-0.498055,4.0
-0.182104,-0.575371,-0.185416,-0.662091,-1.145483,0.411587,-0.159228,-0.91861,-0.971192,-0.618205,7.0
-0.356737,0.168703,-0.840824,-0.399425,-0.188412,-0.984869,-0.453767,-0.198662,-0.446376,-0.498055,5.0
0.8657,0.912777,0.863238,0.493642,0.828476,-0.396887,0.061677,0.581282,0.498294,0.823588,1.0
-0.00747,0.912777,0.164136,-0.819691,-0.60713,-0.102897,0.945296,-1.098597,0.130923,-1.218951,7.0
0.341798,0.168703,0.513687,-0.399425,-0.188412,0.779075,0.650756,0.041321,-0.656302,0.042617,4.0
0.8657,1.000315,1.125401,0.178442,0.349941,1.514052,1.46074,0.641278,0.235886,0.763513,3.0
1.040333,0.168703,1.038013,0.703775,1.127561,-0.690878,-1.263751,0.581282,0.498294,1.123962,1.0
1.083992,1.21916,1.125401,0.808841,1.187378,0.044099,-0.159228,1.181239,0.603258,1.36426,1.0
-0.57503,0.606393,-0.534967,-1.345024,-1.624018,-0.249892,-0.159228,-1.638558,-0.131486,-1.5794,7.0
-0.662347,-0.487833,-0.622354,-1.607691,-1.444568,0.191094,0.135312,-0.738623,-1.496009,-1.038727,7.0
-1.14259,-1.275675,-1.365151,-1.239957,-1.444568,-1.205362,-1.042846,-1.698554,-1.286082,-1.038727,5.0
1.258626,1.044084,1.212789,0.283508,1.366829,1.661048,1.387105,1.121243,0.498294,0.943738,3.0
-2.146735,-2.019749,-1.102987,2.227241,1.067744,-1.57285,-1.705561,1.061248,1.390483,1.123962,2.0
1.258626,1.21916,1.212789,0.861375,1.366829,0.191094,0.724391,1.361226,0.708221,0.943738,1.0
-0.444054,0.387548,-0.185416,-0.399425,-0.367863,0.044099,-0.674672,-0.138666,0.235886,0.282916,1.0
-0.269421,-0.181449,-0.185416,-1.134891,-1.504385,-0.176394,0.503487,-1.038601,-1.023674,-0.858503,7.0
0.909358,0.693931,0.688462,0.125908,0.768659,1.073066,1.31347,0.521286,0.025959,0.042617,3.0
0.385456,0.081165,0.338911,0.230975,-0.128595,-0.470385,0.503487,-0.618631,0.025959,-0.798429,7.0
0.516432,0.518855,-0.272803,-0.451958,0.050856,1.367057,1.092566,0.041321,-0.183967,0.703439,4.0
-2.146735,-2.151056,-2.151641,2.227241,1.426646,-1.719846,-1.705561,0.821265,2.072744,1.123962,2.0
1.040333,0.869008,1.212789,0.703775,1.366829,-0.102897,0.135312,1.361226,0.708221,1.544484,1.0
-1.011614,-1.319444,-1.015599,-0.977291,-1.444568,-1.27886,-1.411021,-1.878541,-0.341412,-1.819698,5.0
0.516432,0.562624,0.513687,-0.189291,0.050856,0.779075,0.945296,0.041321,-0.236449,-0.197682,3.0
-0.618688,-0.356526,-0.360191,-1.345024,-1.504385,0.044099,-0.085593,-1.698554,-1.391045,-1.038727,7.0
-0.182104,-0.006373,-0.272803,-1.029824,-1.2053,-0.102897,0.135312,-0.978606,-0.813747,-1.279026,7.0
0.603749,0.475086,0.688462,0.598708,0.649025,0.705578,-0.380132,0.341299,0.025959,0.342991,1.0
-0.356737,-0.268987,0.164136,-0.241825,-0.42768,0.705578,-0.453767,-0.678627,-0.761265,-0.197682,7.0
0.8657,1.044084,0.994319,0.283508,0.529392,1.073066,1.387105,0.521286,0.025959,0.403065,3.0
-0.269421,-0.356526,-0.360191,-1.134891,-1.025849,-0.176394,-0.380132,-1.278584,-1.2336,-1.519325,7.0
1.040333,1.131622,0.863238,0.230975,0.589209,1.367057,1.239836,0.821265,-0.236449,1.123962,3.0
-1.535516,-1.494521,-1.408844,-0.819691,-1.743652,-0.984869,-0.748307,-1.758549,-0.866229,-1.699549,5.0
0.385456,0.475086,0.513687,-0.346891,0.110673,0.705578,0.798026,-0.138666,-0.341412,-0.137607,3.0
0.822041,0.869008,1.212789,0.230975,0.94811,1.734545,1.681645,0.941256,0.130923,1.184036,3.0
-2.146735,-2.282363,-2.151641,2.437374,0.888293,-1.719846,-1.85283,1.181239,2.177708,1.844858,2.0
-2.015759,-2.369901,-2.239028,1.124041,0.110673,-2.013836,-2.073735,0.101317,1.180556,1.184036,2.0
-2.234051,-2.151056,-2.239028,2.962707,1.486463,-1.719846,-1.85283,1.841192,3.017414,2.025082,2.0
-0.356737,-0.444064,-0.491273,-0.662091,-0.906215,-0.176394,-0.159228,-0.438644,-0.393894,-0.858503,5.0
1.258626,1.438005,0.819544,0.861375,1.366829,-0.396887,0.724391,1.121243,0.708221,0.943738,1.0
0.909358,1.262929,0.513687,0.125908,0.290124,1.367057,1.681645,0.521286,0.393331,0.282916,3.0
0.8657,1.21916,0.732156,0.808841,1.187378,0.044099,0.356217,1.181239,0.603258,0.763513,1.0
1.040333,1.131622,1.256483,0.703775,1.127561,-0.396887,-0.232863,1.421222,0.708221,1.36426,1.0
-1.273565,-1.100599,-1.365151,-0.662091,-1.2053,-0.911371,-0.748307,-1.458571,-0.603821,-1.279026,5.0
1.12765,0.869008,1.038013,0.336042,0.768659,1.367057,1.681645,1.361226,-0.551339,0.823588,4.0
-0.182104,0.081165,-0.098028,-0.924758,-0.367863,0.117596,0.798026,-0.378649,-0.91871,-0.798429,7.0
0.734724,0.518855,0.863238,-0.084225,0.529392,1.367057,1.018931,0.041321,0.025959,0.583289,3.0
0.996675,0.825239,1.081707,0.230975,0.888293,1.293559,1.387105,0.641278,0.445813,0.883663,3.0
-0.182104,0.037396,-0.971906,-1.239957,-1.384751,0.117596,0.724391,0.281304,-1.758417,-1.098802,5.0
-1.491858,-1.144368,-1.539926,-0.662091,-1.564201,-1.058367,-0.453767,-1.398575,-0.761265,-1.759624,5.0
0.036189,1.394236,-1.015599,0.230975,0.110673,-0.764376,1.092566,0.101317,1.023111,-1.038727,5.0
0.56009,0.518855,0.164136,-0.084225,0.050856,1.073066,1.018931,0.041321,0.025959,0.583289,3.0
1.040333,1.044084,1.606034,0.493642,1.127561,1.661048,1.387105,1.361226,0.025959,1.244111,4.0
-0.00747,-0.006373,-0.185416,-0.609558,-0.60713,0.485085,0.356217,-0.858614,-0.656302,-0.738354,7.0
1.083992,1.21916,0.906932,0.808841,1.187378,-0.249892,-0.453767,1.181239,1.128074,1.36426,1.0
-0.531371,-0.487833,-1.758396,-0.662091,-0.487496,-1.425855,-0.159228,-0.198662,-1.496009,0.403065,2.0
0.167164,0.037396,0.338911,-0.662091,-0.188412,0.705578,0.135312,-0.438644,-0.761265,-0.197682,4.0
1.214967,1.262929,0.994319,0.598708,1.247195,-0.176394,0.135312,1.241235,0.708221,1.184036,1.0
-0.00747,0.343779,-0.272803,-0.451958,-0.487496,-0.396887,-0.453767,-0.738623,0.235886,-1.038727,1.0
-2.059418,-1.888442,-2.151641,2.017107,1.127561,-1.646348,-1.337386,1.121243,1.757854,1.244111,2.0
-2.234051,-2.151056,-2.282722,3.067774,2.383717,-1.719846,-0.453767,2.081174,3.227341,1.724709,2.0
1.12765,1.087853,1.212789,0.703775,1.366829,0.117596,-0.159228,1.361226,0.813184,1.424335,1.0
1.12765,0.037396,1.212789,0.336042,0.529392,1.734545,1.018931,0.761269,-1.338564,0.823588,3.0
-0.182104,-0.006373,-0.185416,-0.399425,-0.367863,-1.205362,-1.263751,-0.198662,0.130923,0.042617,1.0
-0.356737,0.168703,-0.098028,-1.239957,-0.966032,1.073066,1.092566,-0.198662,-1.076155,0.403065,7.0
-0.531371,-0.356526,-0.622354,-0.451958,-0.726764,-1.425855,-1.337386,-0.978606,-0.183967,-0.798429,1.0
-0.487713,-0.531602,-0.534967,-1.292491,-1.504385,-0.396887,-0.232863,-1.518567,-1.443527,-1.699549,7.0
1.214967,1.394236,1.256483,0.966441,1.486463,0.705578,-0.085593,1.181239,0.813184,1.48441,1.0
1.214967,1.262929,1.212789,0.441108,0.94811,1.440554,1.681645,0.701274,0.708221,0.883663,3.0
1.214967,0.650162,1.081707,0.230975,0.888293,1.955038,1.387105,0.881261,-0.183967,0.883663,3.0
-1.011614,-0.093911,-1.277763,-0.136758,-0.367863,-0.984869,-0.380132,-1.278584,0.445813,-1.639474,5.0
-0.182104,-0.268987,-0.185416,-1.029824,-1.145483,0.117596,-0.159228,-1.158593,-1.181119,-1.098802,7.0
-0.182104,-0.006373,-0.272803,-1.029824,-0.966032,-0.396887,-0.159228,-1.218588,-0.813747,-1.279026,7.0
-1.273565,-1.319444,-1.277763,-2.39569,-2.521273,-0.690878,-0.748307,-2.958463,-2.020825,-2.360371,5.0
-0.182104,-0.093911,0.338911,-1.029824,-1.145483,0.411587,0.135312,-1.158593,-0.971192,-0.618205,7.0
1.258626,1.438005,0.994319,0.703775,1.127561,1.073066,1.75528,1.7212,0.498294,0.703439,3.0
0.909358,1.087853,0.863238,0.125908,0.768659,1.367057,1.31347,0.761269,0.393331,0.583289,3.0
0.647407,-0.531602,1.212789,-0.346891,0.17049,1.734545,0.798026,0.701274,-1.968344,0.883663,3.0
-0.182104,0.693931,-0.447579,-0.084225,0.050856,-0.690878,0.429852,-0.738623,0.025959,-1.279026,5.0
1.214967,1.044084,1.387565,0.441108,0.708842,2.028536,1.681645,0.941256,0.498294,1.184036,3.0
-1.360882,-0.837985,-1.758396,0.020842,-1.265117,-1.646348,-0.969212,-1.038601,-0.236449,-1.038727,5.0
-0.356737,-0.750447,-0.185416,-1.029824,-1.384751,-0.470385,-0.453767,-1.578562,-0.971192,-1.339101,7.0
0.909358,0.869008,1.038013,0.125908,0.290124,1.367057,1.31347,0.521286,0.183404,0.583289,3.0
-0.531371,-0.925523,-0.884518,0.230975,0.110673,-0.764376,-0.674672,-0.138666,0.603258,-0.137607,5.0
0.516432,0.737701,0.338911,-0.399425,0.050856,0.779075,1.239836,0.281304,0.130923,0.042617,7.0
0.341798,0.037396,0.906932,-0.189291,0.110673,-0.249892,-0.453767,0.341299,-0.498857,0.763513,1.0
-1.14259,-1.275675,-0.753436,-1.975424,-2.581089,-0.690878,-0.748307,-2.778476,-1.915862,-1.939848,5.0
-2.146735,-2.151056,-2.151641,2.279774,0.888293,-1.719846,-1.631926,1.181239,2.177708,1.844858,2.0
-0.269421,0.168703,-0.185416,-0.346891,-0.068778,-1.205362,-0.969212,-0.558636,-0.079004,-0.377906,1.0
-0.356737,-0.706678,-0.01064,-0.189291,-0.188412,-1.205362,-1.484656,0.041321,-0.236449,0.042617,1.0
-0.618688,-0.531602,-0.185416,-0.557024,-0.786581,0.044099,-0.380132,-0.798618,-0.446376,-1.038727,5.0
0.8657,1.21916,0.906932,0.388575,0.649025,1.220062,1.166201,0.341299,0.393331,0.523215,3.0
0.56009,-0.268987,0.688462,-0.241825,0.290124,1.073066,-1.263751,0.281304,0.025959,0.823588,3.0
-0.094787,-0.006373,-0.360191,-0.346891,-0.547313,-0.690878,-0.674672,-0.318653,0.288368,0.102692,1.0
0.254481,0.343779,0.033054,-0.767158,-0.547313,0.63208,0.503487,-0.318653,-0.656302,-0.377906,4.0
1.258626,1.000315,1.300177,0.388575,0.888293,1.220062,1.46074,1.181239,-0.131486,0.763513,4.0
0.603749,0.650162,0.688462,0.020842,0.349941,0.999568,1.092566,0.341299,-1.128637,0.342991,3.0
-0.182104,-0.444064,-0.185416,-0.241825,0.050856,-1.352357,-1.263751,-0.198662,0.025959,0.042617,1.0
-2.146735,-2.019749,-1.496232,3.33044,2.024815,-0.396887,-1.337386,0.821265,3.542231,0.162766,2.0
-0.444054,-0.531602,-0.360191,-1.345024,-1.265117,0.044099,-0.085593,-1.278584,-1.2336,-1.279026,7.0
1.12765,1.087853,0.688462,0.493642,0.768659,1.367057,1.31347,0.761269,0.183404,0.583289,3.0
-0.444054,0.518855,-0.534967,-0.346891,-0.547313,-0.911371,-0.674672,-0.318653,-0.236449,-1.038727,1.0
-0.356737,-0.181449,-0.447579,-1.239957,-1.444568,-0.102897,0.135312,-1.458571,-0.813747,-1.519325,7.0
-2.146735,-2.019749,-2.020559,2.017107,1.127561,-1.646348,-1.558291,1.121243,1.547928,0.943738,2.0
-1.14259,-0.531602,-1.190375,-1.345024,-1.624018,-1.27886,-0.674672,-1.638558,-0.708784,-1.5794,5.0
-1.535516,-2.238594,0.469993,1.281641,0.529392,-1.205362,-1.85283,1.121243,2.230189,0.403065,2.0
-2.059418,-2.238594,-2.151641,2.017107,1.366829,-1.866841,-1.558291,1.361226,1.547928,1.244111,2.0
-0.00747,-0.181449,0.644768,0.125908,0.050856,-0.396887,-1.042846,0.521286,-0.183967,0.703439,1.0
-0.356737,-0.444064,0.033054,-0.346891,-0.128595,-0.984869,-0.895577,-0.138666,-0.183967,-0.137607,1.0
0.734724,0.693931,0.513687,0.493642,1.067744,-0.176394,-0.159228,0.761269,0.393331,0.282916,1.0
0.734724,1.087853,1.038013,0.493642,0.768659,0.117596,0.135312,0.761269,0.813184,0.823588,1.0
0.734724,0.693931,0.513687,0.493642,0.768659,-0.176394,-0.453767,0.761269,0.603258,0.042617,1.0
0.56009,0.343779,0.688462,-0.084225,0.050856,1.073066,1.018931,-0.198662,0.393331,0.042617,4.0
-0.706005,-0.444064,-0.447579,-1.292491,-1.025849,0.117596,-0.380132,-1.518567,-1.338564,-1.038727,7.0
-1.011614,-1.231906,-1.146681,-0.136758,-0.367863,-0.984869,-0.895577,-0.378649,-0.551339,-0.137607,5.0
-2.234051,-2.151056,-2.020559,2.752574,1.845364,-0.984869,-1.85283,1.841192,2.807487,0.523215,2.0
0.516432,0.562624,0.688462,-0.399425,-0.188412,1.073066,0.650756,0.281304,-0.236449,0.282916,7.0
0.254481,0.343779,0.207829,-0.557024,-0.308046,0.63208,0.503487,-0.558636,-0.656302,-0.618205,4.0
-0.269421,1.394236,-1.190375,0.020842,-0.128595,-1.27886,1.46074,-0.138666,1.128074,-1.5794,5.0
-2.015759,-2.369901,-2.37011,1.754441,0.649025,-1.27886,-1.631926,-0.558636,2.807487,0.282916,2.0
1.040333,1.044084,0.994319,0.703775,1.127561,-0.690878,-0.453767,1.121243,0.708221,0.943738,1.0
-0.706005,-0.61914,-0.578661,-1.450091,-1.265117,-0.470385,-0.380132,-1.518567,-1.338564,-1.639474,7.0
1.040333,1.131622,1.038013,0.230975,0.589209,1.367057,1.239836,0.581282,0.340849,0.823588,3.0
1.258626,1.044084,1.212789,0.283508,0.828476,1.367057,1.387105,1.121243,0.025959,0.943738,3.0
1.040333,1.306698,0.688462,0.703775,1.127561,0.485085,0.356217,1.121243,0.708221,1.123962,1.0
0.691066,1.000315,0.732156,0.020842,0.349941,0.926071,1.46074,0.341299,0.025959,0.282916,3.0
-0.836981,-0.969292,-0.447579,-0.084225,-0.487496,-1.205362,-0.748307,-0.49864,-0.183967,-0.077532,5.0
0.079847,-0.181449,0.382605,0.020842,-0.068778,-0.911371,-1.190116,-0.318653,-0.236449,0.342991,1.0
0.167164,-0.006373,0.338911,-0.609558,-0.846398,0.485085,0.356217,-1.098597,-0.656302,-0.498055,7.0
-2.365027,-2.45744,-2.37011,2.384841,1.366829,-1.866841,-2.073735,1.361226,2.440116,0.943738,2.0
0.167164,0.518855,0.076748,-0.451958,-0.726764,0.485085,0.724391,-0.49864,-0.183967,-0.55813,4.0
0.691066,0.737701,0.688462,-0.189291,0.050856,0.779075,0.945296,0.041321,-0.236449,0.042617,4.0
0.210823,0.256241,0.338911,-0.504491,-0.367863,0.705578,0.798026,-0.138666,-0.761265,-0.377906,4.0
1.520577,1.262929,1.431258,0.493642,1.067744,2.028536,1.976185,1.661204,0.393331,1.123962,3.0
0.210823,-1.494521,0.338911,-0.346891,-0.367863,0.411587,-0.380132,-0.618631,2.387634,-0.55813,4.0
0.822041,0.650162,0.863238,0.020842,0.349941,1.293559,1.092566,0.881261,0.025959,0.342991,3.0
-0.618688,-0.531602,-0.884518,-1.502624,-1.265117,-1.205362,-0.380132,-1.518567,-1.600972,0.102692,7.0
0.385456,0.475086,0.338911,0.020842,0.110673,0.411587,0.798026,-0.138666,0.025959,-0.377906,7.0
-0.356737,-0.181449,-1.277763,-0.609558,-0.846398,-0.984869,-0.232863,-1.098597,-0.656302,-0.978653,4.0
0.385456,0.650162,0.513687,-0.346891,-0.367863,0.411587,0.503487,-0.378649,-0.341412,-0.137607,7.0
-0.356737,-0.575371,0.164136,-1.029824,-1.145483,0.117596,-0.453767,-1.578562,-0.971192,-0.858503,7.0
-0.57503,-0.531602,-0.709742,-0.557024,-1.025849,-1.499353,-1.631926,-1.038601,-0.498857,-1.399176,1.0
1.083992,1.21916,1.300177,0.808841,2.144449,-0.249892,-0.453767,1.481217,0.970629,1.36426,1.0
0.516432,0.387548,0.557381,0.020842,0.110673,0.926071,0.945296,0.101317,-0.341412,-0.197682,4.0
-2.146735,-2.151056,-2.151641,2.227241,1.366829,-1.57285,-1.705561,1.361226,2.177708,1.424335,2.0
0.385456,-0.093911,0.688462,-0.346891,-0.367863,0.117596,-0.380132,-1.278584,-0.183967,-0.55813,7.0
-0.967956,-0.181449,-1.146681,-1.92289,-2.162371,0.117596,0.650756,-1.098597,-2.020825,-0.738354,5.0
-0.706005,-1.231906,-0.272803,-1.450091,-1.923103,0.117596,-0.380132,-1.518567,-2.125789,-1.038727,5.0
1.040333,1.21916,0.994319,0.125908,0.529392,1.661048,1.75528,0.821265,0.498294,0.703439,3.0
-0.356737,-0.531602,-0.534967,-1.292491,-1.504385,-0.102897,-0.232863,-1.518567,-1.443527,-1.699549,7.0
0.167164,0.562624,-0.01064,-0.399425,-0.367863,0.485085,0.356217,0.281304,-0.236449,-0.197682,4.0
1.258626,1.21916,1.125401,0.388575,0.888293,1.220062,2.049819,0.881261,0.603258,0.763513,3.0
1.040333,0.912777,0.863238,0.703775,1.127561,0.117596,-0.232863,1.121243,0.498294,0.523215,1.0
0.822041,0.825239,0.863238,0.230975,0.649025,1.293559,1.092566,0.641278,0.235886,0.643364,3.0
-0.531371,-0.356526,-0.928212,0.125908,-0.188412,-0.690878,-0.453767,0.041321,0.025959,-0.55813,5.0
-0.444054,-0.356526,-0.534967,-1.187424,-1.025849,-0.249892,0.061677,-1.218588,-1.286082,-1.5794,7.0
0.603749,0.475086,0.338911,0.020842,0.110673,0.705578,0.503487,-0.138666,0.235886,0.102692,7.0
-0.444054,-0.356526,-0.360191,-1.345024,-1.2053,-0.249892,-0.159228,-1.458571,-1.076155,-1.158877,7.0
-0.836981,-0.881754,-1.539926,0.493642,0.050856,-1.719846,-0.748307,0.281304,0.498294,0.523215,5.0
0.603749,0.081165,0.688462,0.598708,0.649025,0.411587,-0.895577,0.641278,-0.341412,0.643364,1.0
0.516432,0.562624,0.688462,-0.189291,0.050856,1.073066,0.945296,0.281304,-0.079004,0.282916,3.0
0.691066,0.518855,0.644768,-0.084225,0.290124,0.779075,0.724391,0.041321,0.025959,-0.077532,3.0
-0.182104,-0.006373,-0.272803,-0.819691,-0.966032,0.191094,-0.159228,-0.978606,-1.076155,-0.798429,7.0
0.647407,0.518855,0.819544,0.230975,0.17049,1.440554,1.387105,0.161312,0.288368,0.643364,3.0
0.691066,0.562624,0.338911,0.020842,0.050856,1.073066,0.945296,0.041321,-0.079004,0.042617,3.0
-0.356737,-0.356526,-0.534967,-1.082358,-1.085666,-0.102897,0.061677,-1.33858,-0.866229,-1.45925,7.0
0.822041,0.693931,0.819544,-0.189291,0.17049,0.63208,1.092566,0.701274,-0.236449,0.643364,3.0
-0.880639,-0.750447,-0.272803,-0.714624,-1.025849,-0.470385,-0.380132,-0.618631,-0.91871,-1.218951,7.0
0.734724,0.869008,0.513687,0.125908,0.050856,1.367057,1.018931,0.281304,-0.183967,0.042617,3.0
-1.186248,-1.231906,-0.753436,-1.292491,-1.504385,-0.764376,-0.895577,-1.758549,-0.91871,-1.639474,5.0
-0.269421,-0.181449,-0.360191,-1.134891,-1.504385,-0.176394,0.135312,-1.518567,-1.2336,-1.038727,7.0
